product_code,product_name,category,MRP,price,image
1,DICE STEEL,Household & Kitchen,35,35,
10,CYCLE PUSHKARINI AGARBATHI,Pooja Items,52,52,
1000,HERSHEYS SPREADS COCOA WITH ALMOND 350G,Chocolates,320,320,
1001,THUVARAM PARUPPU 1KG,Dhall,195,195,
1002,THUVARAM PARUPPU 500GM,Dhall,95,95,
10025,THAALI KAYIRU,Pooja Items,20,20,
10026,RAVAI 1KG,Powders,60,60,
10028,RAVAI 500G,Powders,30,30,
1003,THUVARAM PARUPPU 250GM,Dhall,55,55,
10033,MERCURY SS SCRUBBER,Bathroom,15,15,
10034,AMIRTHA VILAS VASANAI VIBUDHI 10G,Pooja Items,3,3,
1004,CADBURY DAIRY MILK HEART BLUSH,Chocolates,370,370,
10044,GOKULAM KUMKUMAM,Pooja Items,12,12,
10046,KUNGUMAM 10G,Pooja Items,3,3,
10049,RAVAI 250G,Powders,20,20,
1005,KADALAI PARUPPU 500G,Dhall,60,60,
10050,HONEY BRAND DATES 200G,Snacks,40,40,
10052,ATHI PALAM 100G,Snacks,150,150,
10053,ATHI PALAM 50G,Snacks,50,50,
10054,ATHI PALAM 1KG,Snacks,1300,1300,
1006,KADALAI PARUPPU 250G,Dhall,30,30,
10070,MIRROR,General Groceries,40,40,
10071,HARIMA APPLE CIDER VINEGAR 500ML,Powders,200,200,
10074,HARIMA GELATINE GRANULATED 50G,Powders,95,95,
10075,HARIMA KASHMIRI CHILLI POWDER 100G,Powders,125,125,
1008,HOPER SURPRISE,General Groceries,35,35,
10097,PLASTIC ITEMS,Household & Kitchen,10,10,
101,SUN FLOWER STICK BROOM,Bathroom,150,150,
1010,HEAD&SHOULDERS DAILY SMOOTH 2RS,Shampoo,2,2,
10100,WHEEL APPALAM 100G,Powders,10,10,
10101,PANI PURI APPALAM 100G,Powders,15,15,
1011,HEAD&SHOULDERS DAILY COOL 2RS,Shampoo,2,2,
10111,MODHIRA APPALAM 100G,Powders,10,10,
1012,HEAD&SHOULDERS DAILY CLEAN 2RS,Shampoo,2,2,
10120,NEI AGALVILAKU,Pooja Items,5,5,
10125,DABUR AMLA HAIR OIL 45ML,Shampoo,20,20,
1013,WHISPER CHOICE REGULAR 35RS,Napkin,37,37,
10131,YARDLEY MORNING DEW TALC 50G,Soaps & Liquids,60,60,
10132,NEI AGALVILAKU (10),Pooja Items,50,50,
1014,DABUR MESWAK 38G,Soaps & Liquids,20,20,
10156,TUTI FRUTI HONEY AMLA 10/-,Snacks,15,15,
1016,ODONIL AIR FRESHENER 240G,Bathroom,245,245,
10161,BISLERI 10 LTR,Beverages,108,108,
10164,GINGER,Vegetables,210,210,
1017,THATTAM PAYARU 1 KG,Dhall,160,160,
10170,VICKS ACTION 500 ADVANCED TABLET,Soaps & Liquids,4.4,4.4,
1018,GRB SOAN PAPDI 35RS,Snacks,40,40,
1019,DABUR ALMOND HAIR OIL 95ML+45MLFREE,Shampoo,75,75,
102,BURMA BROOM,Bathroom,105,105,
1020,PASI PAYARU 250G,Dhall,38,38,
1021,PASI PAYARU 500G,Dhall,76,76,
1022,PACHA PATTANI 250GMS,Dhall,63,63,
10222,MOI COVER,Stationery,2,2,
1023,PACHA PATTANI 100GM,Dhall,45,45,
10239,KALIMARK ALMOND MILK,Snacks,35,35,
10246,KNIFE (MONITOR STAINLESS STEEL),Household & Kitchen,35,35,
1025,KARUPPU ULUNTHAM PAYARU 500G,Dhall,75,75,
1026,KUNDU VATHAL 50GM,Powders,10,10,
1027,SARAPARUPPU 50GM,Dhall,110,110,
10274,YARDLEY GOLD SHAVE CREAM+SHAVING BRUSH,Soaps & Liquids,99,99,
10276,SOAP BOX,Soaps & Liquids,20,20,
10282,IDLY RICE 1KG,Rice,60,60,
10286,SCRABER SET,General Groceries,10,10,
10287,WATER JUG PLASTIC,Household & Kitchen,10,10,
1029,SEERAGAM 100G,Powders,60,60,
10293,NANNARI SARBATH ONDIPILI,Beverages,90,90,
103,FANCY BROOM,Bathroom,155,155,
1030,PORNA GINGELLY OIL 500ML,Cooking Oil,188,188,
1031,CYCLE GOOD LUCK PINEAPPLE,Pooja Items,55,55,
1032,CYCLE GOOD LUCK PINEAPPLE 10RS,Pooja Items,10,10,
10324,SAARAL AMLA WITH HONEY,Snacks,25,25,
10328,BRITA MILK BIKIS CLASSIC 115G,Biscuits,20,20,
1033,CYCLE AGARBATHI THREE IN ONE 10RS,Pooja Items,10,10,
10331,CHEMPARUTHI HERBAL HAIR OIL 120ML,Shampoo,115,115,
10333,KARISALANKANNI HAIR OIL 120MML,Shampoo,115,115,
1034,HITECH PEN,Stationery,30,30,
10345,DR. AMLA HERBAL SHAMPOO 120ML,Shampoo,65,65,
1035,DARK FANTASY CHOCO FILLS..,Chocolates,10,10,
1036,ELAKKAI 25GM,Powders,60,60,
1037,A ONE CLEANING POWDER 900GM,Powders,32,32,
10376,ALOE VERA PURE NATURAL SHAMPOO 120ML,Shampoo,65,65,
10378,MUDAKKATRAN PAIN RELIEVER OIL 60ML,Soaps & Liquids,65,65,
10379,KARUVEELAM TOOTH POWDER,Powders,40,40,
1038,KISSAN PEANUT BUTTER CRUNCHY 100G,Snacks,50,50,
10385,RAJA HERBAL KARUNJEERAGAM 50GM,Powders,57,57,
10405,VALLARAI POWDER 50G,Powders,35,35,
10407,TPRG CAMPHOR 20GM,Pooja Items,30,30,
1042,PEPSODENT LAVANG&SALT 100G,Powders,55,55,
10421,LIMCA 750ML BOTTLE,Beverages,40,40,
10425,ALOE VERA GEL (MAHIL) 50G,General Groceries,50,50,
10426,ONION SHAMPOO 125ML,Shampoo,65,65,
10430,CHEMPARUTHI HERBAL SHAMPOO 125ML,Shampoo,70,70,
1044,RIN BAR 145G 10MRP,Soaps & Liquids,10,10,
10445,ARAPPU SHAMPOO 125ML,Shampoo,65,65,
10446,KARISALANKANNI SHAMPOO 125ML,Shampoo,65,65,
1045,TRUFFLES RICH COCONUT,Chocolates,5,5,
10454,SHIKAKAI SHAMPOON 125ML,Shampoo,65,65,
10462,MILAGU 50G,Powders,50,50,
1047,LG KATTI PERUNGAYAM 50G,Powders,91,91,
10472,YARDLEY ROYAL RED ROSES 100G,General Groceries,145,145,
1048,PASI PARUPPU 250GMS,Dhall,42,42,
10485,POTTU,General Groceries,10,10,
10489,AROKYA CURD 110GM,Beverages,10,10,
1049,TRUFFLES RICH CARAMEL,Chocolates,5,5,
10498,HARIMA WHITE VINEGAR 650ML,Powders,60,60,
105,XXL BRUSH,General Groceries,100,100,
1050,TRUFFLES RICH CARAMEL 40PCS,Chocolates,200,200,
10501,CLEAR ANTI DANDRUFF SHAMPOO 170ML,Shampoo,155,155,
10506,ORANGE CANDY,Chocolates,80,80,
1051,TRUFFLES CREAMY COCONUT,Chocolates,200,200,
10514,HARIMA DISTILLED WHITE VINEGAR 500ML,Powders,90,90,
10515,HARIMA NATURAL VINEGAR 200ML,Powders,45,45,
10518,HARIMA RED CHILLI SAUCE 200+20G,Powders,60,60,
1052,PAMPERS ALL ROUND PROTECTION,Baby Items,399,399,
1053,BUSH RED ORANGE POWDER,Powders,60,60,
1056,PASI PARUPPU 500GM,Dhall,75,75,
10565,HARIMA TOMATO SAUCE 200+20G,Powders,55,55,
10569,AROKYA CURD,Beverages,33,33,
1057,PEANUT RICH CANDY,Chocolates,5,5,
1058,PASI PARUPPU 1KG,Dhall,130,130,
1059,KADUGU 100GM,Powders,15,15,
10593,HARIMA SOYA SAUCE 200G,Powders,55,55,
10596,HARIMA GREEN CHILLI SAUCE 200+20G,Powders,60,60,
106,XL BRUSH,General Groceries,75,75,
1060,KADUGU 50GM,Powders,8,8,
10605,HARIMA OMUM WATER 100ML,General Groceries,24,24,
1061,MR.AVNS PEANUT BURFI,General Groceries,5,5,
10628,PALM OIL KBL GOLD,Cooking Oil,110,110,
10630,DENVER SPORTING CLUB GOAL BODY SPRAY,General Groceries,220,220,
10637,HARIMA CORN FLOUR 100G,Powders,35,35,
10638,HARIMA CHAAT MASALA 100G,Powders,45,45,
1064,ULUNTHAM PARUPPU 1KG,Dhall,10,10,
1065,COLGATE 17G,Soaps & Liquids,10,10,
10652,DENVER HAMILTON RS349,General Groceries,349,349,
1066,LG PERUNGAYAM 50G,Powders,92,92,
10665,HARIMA PREMIUM  PANI PURI KIT 103G,General Groceries,50,50,
10679,HARIMA DRY GINGER POWDER 50G,Powders,50,50,
107,TABLE WIPER,Bathroom,45,45,
10705,SOFTOUCH FC ANTISWEAT SMELL 200ML,General Groceries,60,60,
10709,HARIMA INSTANT DRY YEAST 25G,Powders,50,50,
10710,HARIMA PANEER BUTTER MASALA 50G,Powders,50,50,
10712,HARIMA CHAAT MASALA 50G,Powders,45,45,
10714,HARIMA FRIED RICE MIX 50G,General Groceries,40,40,
10719,HARIMA PLAIN CHINA GRASS 10G,Powders,60,60,
10720,HARIMA DRY MANGO POWDER 50G,Powders,55,55,
10724,HARIMA NOODLES MASALA 50G,Powders,45,45,
10730,BRITANNIA 50-50 MASKA CHASKA 105G,Biscuits,30,30,
10734,50-50 MASKA CHASKA 40.5G,Biscuits,10,10,
10738,BRITANNIA LITTLE HEARTS 26G,Biscuits,10,10,
10742,BADHAM 50G,Snacks,75,75,
10748,MANDAI VELLAM 1KG,Powders,80,80,
10749,PACHA KARPOORAM 10G,Pooja Items,20,20,
10751,VENDAKKAI APPALAM 100G,Powders,10,10,
10752,STAR APPALAM 100G,Powders,10,10,
10753,KITKAT MORE MILK & COCOA,Chocolates,30,30,
1078,MAGIC POP LOLIPOP,General Groceries,5,5,
1079,OTTER LOLIPOP,General Groceries,5,5,
10797,SKY CORN CHIPS,Snacks,50,50,
1081,LEAF PLATE SMALL,Household & Kitchen,90,90,
10811,ODONIL ZIPPER ALLURING DAFFODIL,Soaps & Liquids,65,65,
1082,LIVON ANTI FRIZZ SERUM,General Groceries,140,140,
10827,GRAM FLOUR 250G,Dhall,25,25,
1083,ANCHOR SLEEK BRUSH,General Groceries,16,16,
10830,KOKO MITTAI 5RS,General Groceries,10,10,
10838,JAI AYURVEDIC OIL MIXTURE,Snacks,120,120,
1084,WINKIES CHOCOLUV CAKE,Chocolates,10,10,
10843,BRIYANI ITEM COMBOS,General Groceries,10,10,
10848,KINDER JOY BLUE,General Groceries,50,50,
1085,PARACHUTE ALOE VERA 150ML,General Groceries,91,91,
1086,DUST CLEANER,General Groceries,135,135,
10869,PONVANDU SUPREME 240G,General Groceries,21,21,
10870,HAMAM 100% PURE NEEM OIL 40G,Cooking Oil,10,10,
10877,LIFEBUOY 43G,Soaps & Liquids,10,10,
1088,BINGO CREAM & ONION ..,Snacks,10,10,
1089,MAAMIS TAMARIND RICE POWDER,Powders,10,10,
10892,MEDIMIX 30G,Soaps & Liquids,10,10,
109,ROUND BRUSH,General Groceries,80,80,
1090,TAGAA PAPPAD 30GM,General Groceries,15,15,
10904,SANJU RUBBER BANDS,Stationery,120,120,
10906,KADALA MITTAI 2RS,General Groceries,2,2,
1091,SUNFEAST FANTASTIK FRUIT N NUT,Biscuits,10,10,
10911,MAXO GENIUS COMBO,General Groceries,100,100,
10918,MILKYBAR CHOO MANGOZEE RS5/-,Chocolates,5,5,
10919,LIMCA 250ML,Beverages,20,20,
1092,SUNFEAST FANTASTIK CHOCO ALMOND,Chocolates,10,10,
1093,DHATHRI OUSHADHA TURMERIC SOAP,Powders,35,35,
1094,DHATHRI DAHASAMANI,General Groceries,20,20,
1095,MILKY MIST CHEESE..,Beverages,160,160,
10950,SANJU RUBBER BANDS BOX,Household & Kitchen,20,20,
1096,MANGALDEEP FLORA MOGRA,Pooja Items,55,55,
10970,PRINGLES DESI MASALA TADKA,Snacks,110,110,
10971,CADBURY CHOCLAIRS GOLD COFFEE,Chocolates,120,120,
1098,MINT-O GOL CHEW,Chocolates,1,1,
10982,VVS GINGELLY OIL 50ML,Cooking Oil,23,23,
10986,SRI DEVI CANDLE NO 88,General Groceries,60,60,
10990,ODOMOS SMALL 23G,General Groceries,32,32,
10993,KARNATAKA PONNI 1KG,Rice,10,10,
10996,MAT 70RS,General Groceries,70,70,
11,CYCLE SANDALUM AGARPATHI 85 G,Pooja Items,55,55,
110,AASHIRVAAD ATTA 10KG,Powders,638,638,
1100,BINGO MAD ANGLES ACHAARI MASTI,Snacks,5,5,
11001,MAT,General Groceries,50,50,
1101,BINGO MAD ANGLES MASALA MMM,Snacks,5,5,
11018,MUTTAI KUDAI  SMALL,General Groceries,10,10,
1102,BINGO MAD ANGLES VERY PERI PERI,Snacks,5,5,
11035,MUGI ULTRA LIQUID 5RS,General Groceries,5,5,
11041,BANGLE 40RS,General Groceries,50,50,
11042,FANCY ITEM,General Groceries,10,10,
11043,BANGLE 60RS,General Groceries,75,75,
1105,TEA CLOTH,Beverages,7,7,
11055,ALPENLIEBE LOLLIPOP STRAWBERRY,Chocolates,5,5,
11057,AACHI CORIANDER 10RS,Powders,10,10,
11069,CHOCO CHOCO 2RS,Chocolates,2,2,
11076,RING 5RS,Soaps & Liquids,5,5,
11087,EXO SCRUB 5RS,General Groceries,5,5,
11088,SOODA MITTAI 80G,General Groceries,20,20,
1109,SCOTCH BRITE ANTIBACTERIAL SCRUB,Bathroom,99,99,
11090,LEMON AND ORANGE CANDY 80G,Chocolates,20,20,
11092,ACHU VELLAM 1KG,Powders,80,80,
1110,TIDE BLUE BAR 3+1FREE,Soaps & Liquids,30,30,
1111,ARIEL TOP LOAD 1000ML,Soaps & Liquids,179,179,
11114,CLOTH HANGER TWIST,General Groceries,10,10,
1112,PAMPERS L (9),Baby Items,196,196,
11132,URUTTU PORIKADALAI  100 G,Dhall,20,20,
11133,URUTTU PORIKADALAI 250G,Dhall,33,33,
11138,URUTTU PORIKADALAI 1 KG,Dhall,140,140,
1114,TAGEO SOAP OIL 1000ML,Cooking Oil,96,96,
1116,BINGO CREAM&ONION 5RS,Snacks,5,5,
11169,FLAIR ZEE CLICK PEN,Stationery,7,7,
1117,MILKY MIST BUTTER 500G,Beverages,340,340,
11171,NESTLE MUNCH  NUT,Chocolates,25,25,
1118,NATURE POWER LIME 125G,General Groceries,45,45,
1119,CYCLE GOOD LUCK PINEAPPLE 20RS,Pooja Items,20,20,
11198,DALDA 500ML,Cooking Oil,105,105,
112,CHUPA CHUP GREEN APPLE LOLLIPOP,Chocolates,5,5,
1120,PISTACHIOS 250GM,Snacks,525,525,
11201,KKK SILVER 5KG,General Groceries,480,480,
1121,NATURE POWER SANDAL 125G,General Groceries,45,45,
11214,KRISHNA KRISHNA FLORA BATHI,General Groceries,20,20,
11219,JOLLY RANCHER LOLLIPOIP STRAWBERRY,General Groceries,5,5,
1123,MONTEX PUZZLE FOUNTAIN PEN,Stationery,55,55,
11237,GOPURAM KUNGUMAM 3RS,Pooja Items,3,3,
1124,KARUMBU,General Groceries,10,10,
11247,CLOTH  CLIP STAINLESS STEEL,Household & Kitchen,54,54,
11248,VALAI PLATE,Household & Kitchen,10,10,
1125,NATURE POWER ROSE 125G,General Groceries,45,45,
11250,PONDS ROSE PINK LILY 100G,Soaps & Liquids,110,110,
11255,3 ROSES 500G,Beverages,350,350,
1126,KAYAL GRAM FLOUR 500G,Dhall,90,90,
11263,CHAKRA GOLD 2 /-,General Groceries,2,2,
11267,STICK FILE,Stationery,15,15,
1128,3 ROSES NATURAL CARE 11G,Beverages,10,10,
11280,MY CLEAR FILE,Stationery,25,25,
11283,WHITE CHALK BOX,Household & Kitchen,80,80,
1129,MONTEX SECRET 9 FOUNTAIN PEN,Stationery,50,50,
11292,BLADE,Soaps & Liquids,10,10,
11294,ELAKKAI 20G,Powders,70,70,
11296,KARUPPU MOCHAI 250G,Dhall,40,40,
11297,KARUPPU MOCHAI 500G,Dhall,65,65,
113,CHUPA CHUPS CHERRY LOLLIPOP,Chocolates,5,5,
1130,HORLICKS LITE 450G JAR,Beverages,349,349,
11304,ALUMINIUM CONTAINER 450ML,Household & Kitchen,10,10,
11309,ALUMINIUM CONTAINER 750ML,Household & Kitchen,5,5,
11312,KINDER JOY PINK,General Groceries,50,50,
11313,VKA GHEE 50 ML,Cooking Oil,52,52,
11314,VKA GHEE 100ML,Cooking Oil,93,93,
11315,VKA GHEE 200G,Cooking Oil,170,170,
11318,DHIVYA GOLD LAMP OIL 250ML,Cooking Oil,75,75,
1132,HORLICKS WOMENS PLUS 320RS,Beverages,284,284,
11325,TPRG MAJUMA ATTAR 3ML,Powders,40,40,
11335,TPRG BHARATH SAMBIRANI 20GM,General Groceries,23,23,
1134,ORAL -B,General Groceries,40,40,
11344,SAARAL GULKAND WITH HONEY,Snacks,245,245,
11351,NILAKADALAI 200GM,Dhall,40,40,
11363,CHAKRA GOLD 5RS,General Groceries,5,5,
11367,TREAT BURST CHOCO FILLS,Chocolates,10,10,
11373,GOOD DAY PISTA&BADAM 10RS,Biscuits,10,10,
1138,TINI SKETCH,Stationery,15,15,
11380,GOOD DAY CHOCO CHIP,Chocolates,10,10,
11382,ANCHOR POWER FLEXI BRUSH,General Groceries,20,20,
11383,ANCHOR SPRING KIDS TOOTH BRUSH,Soaps & Liquids,30,30,
11393,COMFORT MORNING FRESH 860ML,Soaps & Liquids,235,235,
11397,ANCHOR ADVANCE CLEAN ZIGZAG,General Groceries,25,25,
1140,ASHTAGANDHA CHANDAN PASTE,Pooja Items,60,60,
1141,ORAL - B KIDS BHEEM,General Groceries,25,25,
11414,PULSAR SAFETY RAZOR,Soaps & Liquids,6,6,
11417,CHART PAPER,General Groceries,10,10,
1142,PANTENE LIVELY CLEAN 200ML,Shampoo,214,214,
11429,NEEDLE,General Groceries,3,3,
1143,PANTENE HAIRFALL CONTROL,Shampoo,195,195,
11431,AROKIYA MILK 200ML,Beverages,10,10,
11449,COCONUT BITE,Biscuits,100,100,
1146,FIGO CORRECTION PEN,Stationery,30,30,
11460,DUSTPAN PLASTIC,Household & Kitchen,60,60,
11478,CHOCO FLAKES,Chocolates,10,10,
11479,ECLAIRS,Chocolates,100,100,
11485,COCONUT BITE 10/-,Biscuits,10,10,
1149,FIGO LIQUID FOUNTAIN PEN ERASER,Stationery,30,30,
11496,GOOD DAY CASHEW ALMOND COOKIES,Cookies,4.5,4.5,
11499,CHARGED THUMSUP 250ML,General Groceries,20,20,
11509,CRISPY CHICKEN HOT & SPICY,General Groceries,100,100,
11514,HANSAPLAST BANDAID,General Groceries,2,2,
11529,SOFTOUCH FC ROYAL PERFUME 200ML,General Groceries,99,99,
1155,M SEAL,General Groceries,10,10,
11558,BROOM STICK  (THENNAIMAR),Pooja Items,50,50,
11562,JUNIOR HORLICKS VANILLA 450G,Beverages,220,220,
11567,KOLAPPODI 1KG,General Groceries,12,12,
11568,JOLLI RANCHER LOLIPOP WATERMELON,General Groceries,5,5,
11569,HORLICKS 450G POUCH,Beverages,229,229,
1157,PLASTIC BUCKET,Bathroom,300,300,
195,ML,General Groceries,155,155,
11573,AROKYA MILK 10/-,Beverages,10,10,
11578,DABUR RED TOOTH POWDER 100GM,Powders,70,70,
1158,RUBBER BAND 2INCH,Stationery,90,90,
11582,AVUL 100GM,General Groceries,12,12,
1159,CADBURY CHOCOLATE,Chocolates,40,40,
1160,DGPro SCISSORS,Stationery,30,30,
11600,AROKYA FULL CREAM MILK 140ML,Beverages,10,10,
11604,STEEL FILTER,Household & Kitchen,10,10,
11605,AROKYA MILK 1L,Beverages,73,73,
11612,TAJ MAHAL 110G,Beverages,95,95,
11613,HAMAM 100% PURE NEEM OIL SOAP 150G,Cooking Oil,73,73,
1162,MAJOR JUG 101,Household & Kitchen,185,185,
1163,TUB SMART 111,General Groceries,220,220,
11637,GIFT ITEM,General Groceries,10,10,
1165,RAJA MULTHANI MATTI,General Groceries,45,45,
11654,PEARS OIL CLEAR GLOW GREEN SOAP,Cooking Oil,53,53,
11655,NAIL CUTTER BIG(BELL),General Groceries,60,60,
11666,ELLU MITTAI 80G GV,General Groceries,35,35,
1167,RUSKIT BUTTER RUSK 180GM,Biscuits,35,35,
1168,DUSTPAN BIG,General Groceries,90,90,
11682,GOLDEN COBRA INCENSE STICKS,Pooja Items,30,30,
11684,SIVAPPU AVAL 100G,Rice,10,10,
1169,CADBURY SILK MOUSSE 116GM,Chocolates,199,199,
11690,TUTI FRUTI 1KG,General Groceries,120,120,
11692,DAIRYMILK SILK ROAST ALMOND 134 G,Snacks,214,214,
11697,PLASTIC BALL,Household & Kitchen,15,15,
117,APPY JUICE DRINK 125ML,Beverages,10,10,
1170,CADBURY DAIRYMILK ..,Chocolates,20,20,
11701,THUMS UP 250ML,Beverages,20,20,
1171,BRU RS.2/-,Beverages,2,2,
11714,VEGETABLE TRAY,Household & Kitchen,10,10,
1172,WHISPER CHOICE ULTRA XL 284MM,Napkin,50,50,
1173,WHISPER ULTRA XL 15PADS (GREEN),Napkin,200,200,
11731,JAVVARISI 100G,General Groceries,10,10,
1174,TIDE MATIC FRONT LOAD 850ML,Soaps & Liquids,155,155,
11740,POORI KATTAI,Powders,60,60,
11741,POORI KATTAI BIG,Powders,70,70,
11743,SILVER COVER 5*9,General Groceries,90,90,
11746,SOLAGU,General Groceries,10,10,
11748,LOL CANDY,Chocolates,5,5,
1175,PAMPERS L 20PANTS,Baby Items,399,399,
11752,CELLO TAPE BIG,Stationery,10,10,
11757,HAPPY HAPPY MRP10/-,General Groceries,10,10,
1176,PAMPERS M 11 PANTS,Baby Items,196,196,
11763,PARCEL THREAD,Household & Kitchen,10,10,
11766,SUNRISE 1 KG,General Groceries,1246,1246,
11769,MILKYBAR RS 5 MIX FRT BOX,Chocolates,5,5,
1177,GILLETTE LEMON 196GM,Vegetables,270,270,
11771,MILKYBAR CHOO MANG ZEE,Chocolates,5,5,
11775,LOREAL 6OIL NOURSHING SHAMPOO 82.5ML,Shampoo,99,99,
11783,DOUBLE SIDE TAPE,Stationery,10,10,
11784,BROOM STICK 135,Bathroom,180,180,
11787,BRIL INK 60 ML,Stationery,30,30,
11788,LOTUS  PAL SAMBRANI,Pooja Items,140,140,
11789,CHAKRA GOLD 1 /-,General Groceries,1,1,
1179,HIMALAYA BABY WIPES 99RS,Baby Items,99,99,
11790,PENCIL,Stationery,10,10,
11795,AACHI KASHMIRI CHILLI POWDER RS10,Powders,10,10,
1180,MAAMIS IDLY CHUTNEY POWDER 50G,Powders,22,22,
11800,TRIANGLE COLOR PAPER SMALL,General Groceries,8,8,
11803,BALLOON PUMP,General Groceries,70,70,
11811,SNOW SPRAY,General Groceries,50,50,
11813,MINI FOUNTAIN,General Groceries,10,10,
1182,MARIE LIGHT EVENING,Biscuits,10,10,
1183,KRACK JACK RS.10 57  % EXTRA,General Groceries,10,10,
11839,RAJA HERBAL  AALI VIDHAI,General Groceries,50,50,
1184,DAIRY MILK ROASTED ALMOND 75 G,Chocolates,107,107,
11840,RAJA HERBAL SABJA SEEDS,General Groceries,40,40,
1185,CHAKRA GOLD 100G,General Groceries,90,90,
11853,COLOUR KOLAPODI,General Groceries,3,3,
1186,INDIA GATE FEAST ROZZANA,General Groceries,118,118,
1187,SPRINKLE IODISED SALT,Powders,10,10,
11872,SS SPOON,Household & Kitchen,10,10,
11877,SS VESSELS,Household & Kitchen,10,10,
11890,STRAW TUMBLER,General Groceries,10,10,
11897,LOTUS JAVADHU SAMBRANI,Pooja Items,23,23,
11906,CYCLE THREE IN ONE 20/-,Pooja Items,20,20,
11908,DABUR CLOVE 200G,Powders,135,135,
11915,VVD LITE PURE COCONUT OIL 250ML,Cooking Oil,165,165,
11921,DOSAI KARANDI,General Groceries,10,10,
11922,PRAN POTATO BISCUIT 75G,Biscuits,25,25,
1194,VARALAKSHMI JAVVARISI,General Groceries,80,80,
11944,SPOON BABY SMALL,Baby Items,40,40,
11953,BOURN VITA BIS,General Groceries,10,10,
11955,CADBURY GEMS 17.4G,Chocolates,10,10,
11956,SPOON SS TEA,Beverages,30,30,
11960,PARLE FAB BOURBON 10//,Biscuits,10,10,
1197,VIM RS.125/-,General Groceries,125,125,
11977,JUG,Household & Kitchen,10,10,
11978,POTATO CHIPS,Snacks,40,40,
11980,SALLADAI SMALL,General Groceries,10,10,
12,CYCLE SUGANTHA MALLIGA 95G,Pooja Items,55,55,
12011,RIN POWDER RS10/-,Powders,10,10,
12018,SNACKS BOX,Snacks,50,50,
1202,SAKTHI CORIANDER POWDER 500GM,Powders,180,180,
12021,TOP RAMEN CURRY 280G,Powders,103,103,
12025,NABATI COCOLAVA,General Groceries,10,10,
12027,BANANA CHIPS,Snacks,40,40,
1203,KAVIS INDHU UPPU,Powders,75,75,
12033,MUG,General Groceries,10,10,
1204,ICE BLUE INCENSE STICKS,Pooja Items,10,10,
12043,GILLETTE VECTOR 4PC BLADES,Soaps & Liquids,175,175,
12045,GILLETTE VECTOR+ 6PC BLADES,Soaps & Liquids,235,235,
1205,IDHAYAM GINGELLY OIL 200ML,Cooking Oil,83,83,
12054,NELLI HERBAL HAIR OIL 120ML,Shampoo,85,85,
12058,PAPER BROWN ROLL,Snacks,40,40,
1206,PARACHUTE BOTTLE 20 ML,Household & Kitchen,10,10,
1207,KALAIMAAN DIAMOND RBD PALM OIL,Cooking Oil,170,170,
12078,SABAYA ROLL-ON PERFUME,Snacks,80,80,
1208,COLGATE VEDSHAKTHI 200G,Soaps & Liquids,176,176,
1209,COLGATE ZIG ZAG MEDIUM TOOTHBRUSH,Soaps & Liquids,81,81,
121,SUDHARANI HEART BISCUIT,Biscuits,60,60,
1210,GANESH SAMBA BROKEN WHEAT 500G,General Groceries,90,90,
12100,CRAZY RIBBON SPRAY.,General Groceries,50,50,
1211,UDHAYA KRISHNA GHEE 1L,Cooking Oil,930,930,
12121,TIGER KREEMZ CHOCO.,Chocolates,5,5,
12123,TIGER KRUNCH CHOCO CHIPS,Chocolates,10,10,
12124,GOOD DAY BUTTER COOKIES,Cookies,5,5,
12136,AACHI IDICHA SAMBAR POWDER 50G,Powders,20,20,
12137,TIGER KREEMZ ELAICHI,Biscuits,5,5,
12138,TIGER KREEMZ ORANGE.,Biscuits,5,5,
12143,TIGER KREEMZ CHOCO VANILLA.,Chocolates,5,5,
12147,PLASTIC PEELER,Household & Kitchen,45,45,
1215,WHISPER CHOICE NIGHTS XXL 16 N,Napkin,135,135,
12153,NARASUS RAGI SEMIYA 180G,Powders,28,28,
12157,NARASUS WHOLE WHEAT SEMIYA 180G,Powders,32,32,
12167,ABIS PREMIUM TEA 50G,Beverages,52,52,
12169,UJALA DETERGENT POWDER 10RS,Powders,10,10,
12171,DAIRY MILK CRISPELLO,Chocolates,10,10,
12172,POONDU 1KG,Vegetables,10,10,
12174,ABIS PREMIUM TEA 100G,Beverages,100,100,
1218,COLGATE ACTIVE SALT 100GM,Powders,75,75,
12182,NIVARAN 90,General Groceries,5,5,
12184,DOLPHIN SPONGE 20/-,General Groceries,20,20,
12195,GRAPH SHEET 1 PCS,General Groceries,1,1,
12197,STREPSILS ORANGE SORE THROAT,Vegetables,3.5,3.5,
122,PRINCY ULTRA FEEDER 75ML,Soaps & Liquids,82,82,
12200,SILVER COVER 8*10,General Groceries,150,150,
12202,VANISH OXI ACTION DETERGENT 100G,Soaps & Liquids,69,69,
12205,PLASTIC CLIP,Household & Kitchen,10,10,
12207,ANCHOR BRUSH MEDIUM,General Groceries,35,35,
1221,PAMPERS NEW BABY 34PANTS,Baby Items,399,399,
12210,BRU INSTANT MRP2/-,Beverages,2,2,
12212,DOVE PINK BEAUTY SOAP 100G,Soaps & Liquids,70,70,
12213,KAANAPAYARU 500G,Dhall,60,60,
12215,KAANAPAYARU 250G,Dhall,30,30,
12216,MILKY MIST PANEER CUBES,Beverages,125,125,
12220,CADBURY DAIRY MILK 24G,Chocolates,20,20,
12222,PLASTIC CUP 500ML,Household & Kitchen,8,8,
12224,GO STRONG MOSQUITO AGARBATTI,Pooja Items,16,16,
1223,MARGO 10RS,General Groceries,1,1,
12233,KURUDA ROASTED CASHEW DATS 300G,Snacks,210,210,
12239,PONDS DT 25G,Soaps & Liquids,10,10,
12240,ALMOND 100G,Snacks,120,120,
12242,SREE SAKTHI CONE,Powders,45,45,
1225,SUNFEAST DARK FANTASY CHOCO FILLS 40RS,Chocolates,40,40,
12251,NUMBER CANDLE RS15,General Groceries,15,15,
12253,NUMBER CANDLE RS10,General Groceries,10,10,
12257,LOTUS CANDLE,General Groceries,50,50,
12258,KOPICO CAPPUCCIO CANDY,Chocolates,100,100,
12261,ODONIL JASMINE FRESH ROOM SPRAY,Bathroom,155,155,
12267,KELLOGGS CHOCOS 250G,Chocolates,148,148,
12268,SCISSORS,Stationery,60,60,
1227,NISSIN TOP RAMEN CURRY 70G,Powders,26,26,
12277,MAP 1 /-,General Groceries,1,1,
1228,SENSODYNE REPAIR&PROTECT TOOTHPASTE,Soaps & Liquids,270,270,
12282,HEAD SHOULDER NEEM 180ML,General Groceries,265,265,
12288,HALLS RS.1.00,General Groceries,1,1,
1229,IODEX POWER GEL10G,Soaps & Liquids,50,50,
123,KOPIKO CHOCOLATE,Chocolates,1,1,
1231,Z DEODORANT BODY SPRAY 45ML,General Groceries,80,80,
1232,SENSODYDE MOUTH WASH,General Groceries,130,130,
1233,FEVI STIK 5G,General Groceries,15,15,
1234,CYCLE BRAND MANJAL 50G,Pooja Items,22,22,
12349,HERSHEYS ED RASPBRRY  &GOJI,Chocolates,65,65,
12367,REYNOLDS CHAMP 5/-,General Groceries,5,5,
1237,OTTER ELAICHI TOFFEES,Chocolates,100,100,
12373,RIDLEYS FREESTYLE,General Groceries,100,100,
12377,PEN 10/-,Stationery,10,10,
1238,VVS TIRUPTHI IDLY POWDER 100GM,Powders,49,49,
124,MASOOR DHAAL 1KG,Dhall,130,130,
1240,VVS GINGELLY OIL ..,Cooking Oil,90,90,
1241,RIN MATIC 50ML,Soaps & Liquids,10,10,
12437,COMB SMALL,General Groceries,12,12,
12455,COMB BIG,General Groceries,15,15,
12480,GOKUL PUFF,General Groceries,10,10,
12481,LOLLYPOP,General Groceries,10,10,
12482,PERRYS MILK RICH,Beverages,100,100,
12483,PERRYS JAGGERY BYTES 300G,Powders,100,100,
12484,PERRYS SWEET HEARTINS 200G,Snacks,80,80,
12485,PERRYS RUSK 150G,Biscuits,25,25,
12489,PERRYS A-Z,General Groceries,10,10,
12494,PERRYS COOKY RICH,General Groceries,20,20,
12496,BOOST 500G REFILL,Beverages,214,214,
1250,MEENAKSHI APPALAM 50GM NO.6,Powders,20,20,
1251,REYNOLDS SELECTO HIGHLIGHTER,Household & Kitchen,25,25,
1253,GOOD KNIGHT,Bathroom,60,60,
12530,NAIL POLISH REMOVER 35ML,General Groceries,35,35,
12546,NAIL POLISH 30RS,General Groceries,35,35,
1255,SAMPRADAYAM LOBAN,General Groceries,35,35,
12550,HUDABEAUTY COMPACT POWDER+CONCEALER,Powders,180,180,
1256,INDULEKHA BRINGHA SHAMPOO,Shampoo,2,2,
1257,LAVIAN CUPPIES STRAWBERRY,General Groceries,5,5,
12572,AACHI HYDERABADI BRIYANIKIT,Powders,125,125,
12574,AACHI DINDIGUL BRIYANI KIT,Powders,125,125,
12575,AACHI CHETTINADU BRIYANI KIT,Powders,125,125,
1258,LAVIAN BROWNIE CAKE,Snacks,10,10,
12583,FLORAL POUCH,General Groceries,12,12,
1259,SUNFEAST MARIE LIGHT,Biscuits,10,10,
12590,LIPSTICK 15RS,General Groceries,20,20,
126,FLORALIS BY YARDLEY ATLANTIC BREEZE 126G,General Groceries,169,169,
12607,DOVE 2RS,General Groceries,2,2,
1262,MUNCH,Chocolates,20,20,
12626,BANGLE BOX,Household & Kitchen,15,15,
12629,THUNDER MEXICON MOP,Bathroom,210,210,
1263,LION SULTAN DATES 500GM.,Snacks,146,146,
1264,MAGGI 2 MINUTE NOODLES ..,Powders,83,83,
1265,REVIVE 400GM,General Groceries,155,155,
1267,MUNCH RS.10/-,Chocolates,10,10,
1268,PARACHUTE AYURVEDIC HAIR OIL 95ML,Shampoo,62,62,
12685,URUTTU PORIKADALAI 500G,Dhall,70,70,
12687,MOOV SPRAY 15G,Soaps & Liquids,90,90,
1270,PANTENE PRO V HAIRFALL SOLUTION,Shampoo,90,90,
1272,TATA GLUCO LEMONY,General Groceries,10,10,
12721,FREEPORT CLIPS 12RS,General Groceries,15,15,
1273,DARK FANTASY BOURBON..,Biscuits,10,10,
12732,FREEPORT CLIPS 15RS,General Groceries,20,20,
12737,FANCY CLUTCH 20RS,General Groceries,25,25,
12739,FANCY CLUTCH,General Groceries,18,18,
1274,MANGALDEEP TREYA 3 IN 1,Pooja Items,25,25,
12747,FANCY CLUTCH 25RS,General Groceries,30,30,
12768,CENTER CLIP 40RS,General Groceries,50,50,
1277,BINGO NO RULZ CHEESE..,Snacks,61,61,
1278,BINGO KNOCKIN KOREAN STYLE 22 G,Snacks,10,10,
1279,BINGO KOREAN STYLE ..,Snacks,10,10,
128,FLORALIS BY YARDLEY KENTS LAVENDER 126G,General Groceries,169,169,
1280,VVD GOLD COCONUT OIL 100ML JAR,Cooking Oil,70,70,
1282,LAVIAN CUPPIES VANILLA CHOCO,Chocolates,5,5,
1283,LAVIAN CUPPIES VANILLA CUP CAKE,Snacks,5,5,
1284,BINGO TOMATO POTATO CHIPS,Snacks,10,10,
12861,BROWN SHEET,General Groceries,7,7,
12872,GLOBE BRASS PADLOCK,General Groceries,70,70,
1288,MAGGI RICH TOMATO KETCHUP,Powders,15,15,
12880,NAIL POLISH 50RS,General Groceries,60,60,
1289,NESTLE LACTOGEN PRO 1,Baby Items,440,440,
1290,MAAMIS RED CHILLI POWDER 50GM,Powders,25,25,
1291,SCOOFI RS.10/-,General Groceries,10,10,
12927,EYETEX PALLAVI KUMKUM,Pooja Items,10,10,
12949,CAMLIN KLICK 0.7MM PEN PENCIL,Stationery,10,10,
1295,HIMALAYA SA BABY PANTS L1,Baby Items,14,14,
12951,CENTER CLIP 20RS,General Groceries,22,22,
12967,SMOODH COFFEE FRAPPE 85ML,Beverages,10,10,
12968,MILK BIKIS CLASSIC 65G,Biscuits,10,10,
12975,CENTER CLIP 10RS,General Groceries,12,12,
12976,GOOD DAY CASHEW  52.5G,Biscuits,10,10,
12981,THATTAM PAYARU 250G,Dhall,40,40,
1299,LEVISTA PREMIUM RS.8GM,General Groceries,10,10,
13,OHM SHANTHI PURE KUMKUM THALAMPOO,Pooja Items,15,15,
130,FOGG DELICIOUS BODY SPRAY FOR WOMEN 120ML,General Groceries,225,225,
1300,DABUR RED BUY 3 GET 1 FREE,Soaps & Liquids,408,408,
1301,CADBURY 5 STAR RS.5,Chocolates,5,5,
1302,LAVIAN CHOCOLATE,Chocolates,5,5,
1303,777 GARLIC PICKLE RS.10/-,Powders,10,10,
1304,777 CUT MANGO PICKLE RS.10/-,Powders,10,10,
13046,CENTER CLIP 15RS,General Groceries,20,20,
1305,777 CITRON PICKLE 200GM,Powders,88,88,
13053,PAASI 10RS,General Groceries,12,12,
1306,777 CUT MANGO PICKLE 200GM,Powders,88,88,
13073,LIPSTICK 35RS,General Groceries,40,40,
13079,MAYUR POTTU PACKET,General Groceries,4,4,
1308,777 GARLIC PICKLE 200GM,Powders,88,88,
13083,CENTER CLIP 12RS,General Groceries,15,15,
1309,HEAD & SHOLDERS BASIC CLEAN RS2,General Groceries,2,2,
131,FOGG NICE 120ML,Biscuits,225,225,
13109,PRAN PUDDING MANGO 35G,Vegetables,5,5,
13110,DABUR BABOOL TOOTHPASTE 175+175G,Soaps & Liquids,108,108,
13114,ODOMOS MOSQUITO REPELLENT CREAM 14G,Soaps & Liquids,15,15,
1312,BOOST 3X STAMINA 500G RE,Beverages,45,45,
13125,PARLE-G KISMI CINNAMON,Biscuits,10,10,
13128,HIDE & SEEK MILANO CHOCOLATE,Chocolates,40,40,
13134,TOP RAMEN MASALA 240G,Powders,57,57,
13144,GALAXY 30G,Chocolates,45,45,
13149,LIA LEMON ROOM FRESHNER,Vegetables,169,169,
13150,AACHI BRIYANI MASALA 20G,Powders,12,12,
13157,LIA CAR GEL SEASHORE,General Groceries,425,425,
1316,HIMALAYA SA BABY PANTS  M1,Baby Items,12,12,
13160,KRAZY LINES INSECT KILLER SPRAY,General Groceries,120,120,
13167,MOUSE & RAT GLUE TRAPS,Stationery,60,60,
13172,KHATNIL SPRAY,General Groceries,160,160,
13182,CAMLIN PER MARKER BULE,Stationery,20,20,
13185,LEADER HAIR GRIP 24PCS,General Groceries,10,10,
1319,HIMALAYA AYUR SANDAL GLOW SOAP 125G,Soaps & Liquids,69,69,
132,FOGG MONARCH 120ML,General Groceries,250,250,
1320,HIMALAYA AYUR SANDAL GLOW 75G,Soaps & Liquids,44,44,
1321,HIMALAYA CC BRIGHTENING FACE SCRUB 50G,Soaps & Liquids,110,110,
13215,SAGAR HAIRPIN PAIR,General Groceries,10,10,
1323,RAJCO WATER 300ML,General Groceries,10,10,
13242,KUSHI CLIP RS12,General Groceries,12,12,
1325,LIZOL PINE 500ML,Bathroom,116,116,
1326,RAJCO WATER 1L,General Groceries,20,20,
1328,MOOV PAIN RELIEF 10G,Soaps & Liquids,60,60,
13281,STRAW,General Groceries,40,40,
1329,TPRG JAVADHU ATTAR 6ML,Powders,75,75,
13296,VASELINE 10/-,Soaps & Liquids,10,10,
13297,GILLETTE VECTOR+ 2PC BLADES,Soaps & Liquids,95,95,
1330,STAR MATCH,General Groceries,2,2,
1331,TPRG MUSK ATTAR 6ML,Powders,77,77,
1332,TPRG HEAVEN ATTAR 6ML,Powders,77,77,
1333,TPRG JAVADHU POWDER 5GMS,Powders,60,60,
13340,SIDE CLIP RS25,General Groceries,25,25,
13353,SIDE CLIP  RS30,General Groceries,30,30,
1338,NIVEA MEN ALL IN 1 CHARCOAL 50GM,Soaps & Liquids,135,135,
1339,NIVEA CREME 25ML,Soaps & Liquids,65,65,
134,WHITE TONE FACE CREAM 15G,Soaps & Liquids,48,48,
13419,GILLETTE 33%,Soaps & Liquids,75,75,
1342,NIVEA SOFT 50ML,Soaps & Liquids,125,125,
13425,DENVER BLACK CODE TALC,Soaps & Liquids,99,99,
1343,NIVEA MEN ACNE FACE WASH,Soaps & Liquids,115,115,
13434,DENVER BLACK CODE POCKET PERFUME,General Groceries,70,70,
1344,NIVEA MEN DARK SPOT FACE WASH 50GM,Soaps & Liquids,119,119,
1345,NIVEA MEN OIL CONTROL FACE WASH,Cooking Oil,119,119,
1346,GRB PAYASAM KHEER,General Groceries,112,112,
13463,DENVER PRIDE,General Groceries,70,70,
1348,EVEREST GINGER GARLIC PASTE,Powders,5,5,
13484,DOMS REFILO PERMANET MARKER,Stationery,20,20,
1349,GEMS GOLD SUNFLOWER OIL 1LITRE,Chocolates,168,168,
135,WHITE TONE FACE CREAM 50G,Soaps & Liquids,85,85,
1350,V CARE HENNA NATURAL POWDER 200GM,Pooja Items,115,115,
1351,ZANDU ULTRA POWER BALM ..,Soaps & Liquids,2,2,
13513,ENVY POUT DEO SPRAY,General Groceries,220,220,
13515,HIMALAYA TAN REMOVAL ORANGE FACE SCRUB 50G,Vegetables,95,95,
1353,DETTOL ICY COOL 500GM,Soaps & Liquids,175,175,
1354,POLO 2RS,General Groceries,2,2,
1355,ARIEL 2RS,Soaps & Liquids,2,2,
13555,HAIRBAND 10RS,General Groceries,12,12,
13560,BINGO TEDHE MEDHE MASALA TADKA 5RS,Snacks,5,5,
1357,TIC TAC MINT,Vegetables,10,10,
1358,DETTOL ANITSEPTIC LIQUID 250ML,Soaps & Liquids,159.37,159.37,
1359,TIC TAC ORANGE,Vegetables,10,10,
136,WHITE TONE FACE CREAM 70G,Soaps & Liquids,115,115,
1360,LIZOL CITRUS 500L,Bathroom,123,123,
1361,DETTOL ANITSEPTIC LIQUID 60ML,Soaps & Liquids,41.49,41.49,
1362,HAMAM LEMON FLOER SOAP 10RS,Soaps & Liquids,10,10,
13626,AROKYA FULL CREAM MILK 500ML,Beverages,40,40,
1363,CINTHOL ORIGINAL SOAP 100G,Soaps & Liquids,40,40,
13634,HORLICKS BISCUITS..,Biscuits,10,10,
1364,TIC TAC RED APPLE,Vegetables,10,10,
13648,MUNTHIRI KURUNAI 1KG(S),Pooja Items,340,340,
1365,TIC TAC SPEARMINT .,General Groceries,10,10,
1367,WHITE PEPPER POWDER 500GM,Powders,160,160,
13673,PRINGLES SOUR CREAM & ONION 107G,Snacks,120,120,
13677,PRINGLES PIZZA..,Snacks,125,125,
1369,LAYERR SHOT DARK COCOA,General Groceries,69,69,
13717,TPRG JAVADHU ATTAR 3ML,Powders,40,40,
13728,TPRG JASMINE ATTAR,Powders,40,40,
13739,TPRG SANDAL ATTAR 3ML,Powders,40,40,
1375,VIVEL COOL MINT,Vegetables,10,10,
13754,BOOST 500G JAR,Beverages,240,240,
13756,DOVE ANTI DANDRUFF 5.5ML,General Groceries,2,2,
1376,VIVEL ALOE VERA,General Groceries,10,10,
1377,5 STAR OREO 20RS,Chocolates,20,20,
13771,WOOD STICK MOP,Bathroom,40,40,
1378,MILKY BAR,Beverages,10,10,
13790,NIPPO AA IGNITE BATTERY,Household & Kitchen,17,17,
1380,JUNIOR HORLICKS VANILLA FLAVOUR,Beverages,305,305,
1381,SENSODYNE DEEP CLEAN 70GM,Soaps & Liquids,133.2,133.2,
13819,NIPPO DECO LAMP 0.5W,General Groceries,70,70,
1382,OMA WATER 1L,General Groceries,30,30,
13832,VETTIVER BRUSH,General Groceries,30,30,
1384,GARBAGE BAGS,Bathroom,65,65,
1386,NATURO ORANGE RS.5/-,Vegetables,5,5,
13861,PLASTIC CUP 250ML,Household & Kitchen,5,5,
13870,MARGO,General Groceries,25,25,
1388,NATURO GUAVA FRUIT BAR,Vegetables,10,10,
1389,NATURO MANGO FRUIT BAR,Vegetables,10,10,
1390,NATURO MIXED BERRY FRUIT BAR,Vegetables,10,10,
13937,MANGALDEEP GOLD TRADITION,Pooja Items,50,50,
13941,PERK DUO PACK 18.2 G,Chocolates,10,10,
13943,KEYCHAIN 20RS,Beverages,22,22,
1395,DABUR HONEY 100+30G,Snacks,68,68,
13950,DAIRY MILK CRACKLE 36G,Chocolates,49,49,
13952,5 STAR 18G,Chocolates,10,10,
1396,THILLAIS CHILLI POWDER 500GM,Powders,275,275,
13960,COMFORT FAB COND PINK 860ML,Soaps & Liquids,235,235,
13965,ENGAGE ON CITRUS SUNDOWNER,General Groceries,120,120,
13969,NABATI RICH CHOCO,Chocolates,45,45,
1397,THILLAIS CUMIN POWDER 50GM,Powders,69,69,
13970,MAGGI MASALA VIN MAGIC,Powders,5,5,
13982,VICKS CANDY,Chocolates,2,2,
13988,MEAL MAKER BIG 100G,Dhall,20,20,
1399,LIZOL NEEM 500GML,Bathroom,123,123,
13994,SENSODYNE REPAIR PROTECT PASTE 70G,Soaps & Liquids,200,200,
1400,LIZOL FLORAL 500 ML,Bathroom,123,123,
1401,LIZOL JASMINE 500L,Bathroom,123,123,
14021,EARRINGS 35RS,Soaps & Liquids,38,38,
14027,EARRINGS 40RS,Soaps & Liquids,55,55,
1406,COLIN GLASS CLEANER 250ML,Bathroom,75,75,
14062,KEYCHAIN 30RS,Beverages,30,30,
1408,CHOCO WONDER,Chocolates,5,5,
1409,UNIBIC BUTTER COOKIES CLASSIC,Cookies,10,10,
141,CHAKRA GOLD ELACHI 100G,Powders,95,95,
1410,LIZOL JASMINE 200ML,Bathroom,48,48,
1411,LIZOL NEEM 200ML,Bathroom,45,45,
1413,UNIBIC ORANGE SPLASH COOKIES,Cookies,10,10,
1414,UNIBIC CHOCO CHIP COOKIES 10RS,Chocolates,10,10,
14142,ELAKKAI 15G,Powders,10,10,
1415,UNIBIC MILK COOKIES,Cookies,10,10,
14152,ELAKKAI 50G,Powders,175,175,
14153,SANTOOR SANDAL & TURMERIC 100GM,Dhall,37,37,
14160,AIR WICK ROOM SPRAY R&S 200G,Bathroom,161,161,
14162,ELAKKAI 100G,Powders,380,380,
1417,MILKY MIST BANANA CARAMEL ICE CREAM,Ice Cream,30,30,
14174,MOR MILAGAI VATHTHAL 50G,General Groceries,12,12,
14182,MOR MILAGAI VATHTHAL 100G,General Groceries,22,22,
14185,MOR MILAGAI VATHTHAL 250G,General Groceries,50,50,
14187,HAIR RIBBON,General Groceries,10,10,
1419,KITKAT ..,Chocolates,40,40,
1420,MEDIMIX 75G SANDAL,Soaps & Liquids,38,38,
14200,EGG BEATER,General Groceries,150,150,
14221,POTTU 3RS,General Groceries,3,3,
14224,POTTU 8RS,General Groceries,8,8,
1423,SENSODYNE SENSITIVE 4 PACK,Soaps & Liquids,160,160,
1424,DURACELL  AAA,General Groceries,50,50,
14244,JUICE GLASS SMALL,Beverages,35,35,
14251,3 ROSES 100G,Beverages,90,90,
14252,3 ROSES 250G,Beverages,220,220,
1426,DURACELL  AA,General Groceries,50,50,
14277,MOSQUITO BAT,Bathroom,320,320,
1428,MUNCH CRUNCH CEREAL RS.10/-,Chocolates,10,10,
14283,KARTHIKA BLACK SHEILD SHAMPOO,Pooja Items,1,1,
1429,MAGGI VEGGIE MASALA,Powders,58,58,
143,RAJAM BADHAM DRINK MIX 200G,Snacks,175,175,
1430,MAGGI RICH TOMATO KETCHUP 75GM,Powders,15,15,
1431,MAGGI HOT & SWEET TOMATO CHILLI SAUCE..,Snacks,22,22,
1433,KAVERI KURUNAI 26KG,General Groceries,1350,1350,
14331,LION BADAM IN HONEY 300G,Snacks,294,294,
1434,KAVERI RICE YELLOW 10KG,Rice,950,950,
14349,BLACK RAISIN 100G,Snacks,70,70,
14377,LOTTE GIFT BOX MILK ECLAIRS,Chocolates,135,135,
14388,LOTTE CHOCO PIE 2P,Chocolates,30,30,
14398,LICE COMB 10RS,General Groceries,12,12,
1440,LIMA EUCALYPTAS GEL PHENYL,Bathroom,55,55,
1443,LAVIAN CASHEW,Snacks,90,90,
14434,PAMPERS M 7-12 KG,Baby Items,29,29,
1444,UG PERUNGAYAM CAKE 85GM,Snacks,85,85,
1445,OTTER CHOC 7,General Groceries,5,5,
14460,HONEY CANDY,Chocolates,20,20,
1449,MORE VATHAL,Powders,20,20,
145,HIT LIME FRESH 200ML,General Groceries,125,125,
1450,SEENI AVARAKKAI VATHTHAL 50 GM,General Groceries,20,20,
14514,EARRINGS 10RS,Soaps & Liquids,12,12,
1452,GARNIER BLACK NATURALS,General Groceries,45,45,
14520,VIBOOTHI 10RS,General Groceries,10,10,
14522,SMK KUNGUMAM 10RS,Pooja Items,20,20,
1453,LOREAL CONDITIONER ANTI HAIRFALL,Shampoo,99,99,
14532,KATTI SAMBRANI 10G,Pooja Items,10,10,
14534,SANDAL ATTAR.,Powders,50,50,
1454,PARLE HIDE & SEEK CHOCOCHIP,Chocolates,30,30,
14544,JAVADHU POWDER,Powders,32,32,
14546,SANDAL POWDER BOX 10RS,Powders,20,20,
1455,DHATHRI ALOEVERA CLEAR GEL,General Groceries,120,120,
14551,RAZAR (STEEL),Household & Kitchen,60,60,
14552,RAZAR(PLASTIC ),Household & Kitchen,15,15,
14556,MEAL MAKER BIG 250G,Dhall,45,45,
14564,TWO LINES ANT CHALK,Stationery,15.5,15.5,
1457,DHATHRI WHITENING SAFFRON FACE WASH,Soaps & Liquids,79,79,
14572,RAT KILLER CAKE,Snacks,27,27,
1458,DHATHRI HERBAL OIL 50ML,General Groceries,139,139,
146,GOOREJ CINTHOL ORIGINAL 4 SOAP,Soaps & Liquids,155,155,
1462,ZED BLACK 3 IN 1 SAMBRANI CUP,Pooja Items,80,80,
1463,ZEDBLACK LOBAN PREMIUM CUPS,General Groceries,72,72,
14632,KANGARO BIG STAPLER,Stationery,75,75,
14636,JASMINE PATHI,General Groceries,15,15,
1464,SCOOFI RS.15/-,General Groceries,15,15,
1465,BHOOMI TURMERIC POWDER 50GM,Powders,22,22,
1469,MILKY MIST CAPELLA DUET BAR,Beverages,55,55,
147,HIT BLACK 125ML,General Groceries,85,85,
1470,VIBOOTHI JAVATHU,General Groceries,15,15,
14706,THIRI 3RS,Pooja Items,4,4,
14712,THIRI 5RS,Pooja Items,6,6,
14714,KUNGUMAM 5RS,Pooja Items,12,12,
1472,SAKTHIMAAN AQUA 1 LTR,Powders,20,20,
1473,UNIBIC CHOCONUT COOKIES,Chocolates,10,10,
14751,JAVADHU ATTAR,Powders,50,50,
14752,MANGALDEEP 3IN1 AGARPATTI,Pooja Items,55,55,
14756,MENTOS MINT-RS.10,Chocolates,10,10,
1477,BINGO POTATO CHIPS.,Snacks,20,20,
1478,ARVIND MULLU MURUKKU KARAM 140G,Snacks,48,48,
14781,CORN CHIPS 100G,Snacks,10,10,
14795,CUP APPALAM 100G,Powders,10,10,
14797,MOMS MAGIC BUTTER BISCUITS 50G + 8.4G,Biscuits,10,10,
14802,BINGO POTATO CHIPS CHILLI SPRINKLED 10RS,Snacks,10,10,
14804,BINGO TEDHE MEDHE TOMATO MASTI 5RS,Snacks,5,5,
14806,BOUNCE PINEAPPLE CREME 5RS,Biscuits,5,5,
14812,CANDLE,General Groceries,10,10,
14815,WHITE HORSE CASTOR OIL 500ML,Cooking Oil,130,130,
14818,WHITE BOARD MARKER 1,Stationery,28,28,
14821,COLOR HIGHLIGHTER,Household & Kitchen,25,25,
14824,BRU INSTANT 25G JAR,Beverages,135,135,
14825,BRU INSTANT 5RS,Beverages,5,5,
14828,RIN POWDER ANTIBAC NEEM 85G,Powders,10,10,
14829,RIN POWDER 85G,Powders,10,10,
14830,PONVANDU ACCEL 290G,General Groceries,32,32,
14831,FROOTI 125ML,Beverages,10,10,
14833,FROOTI 1.8L,Beverages,100,100,
14838,VENDHAYAM 250G,General Groceries,45,45,
14839,NILAKADALAI 500G,Dhall,100,100,
1484,GRB GULAB JAMUN 125G BOX,Snacks,40,40,
1486,GRB MANGO SOAN PAPDI 200G,Snacks,75,75,
14862,BOUNCE ELACHI CREME RS5,Biscuits,5,5,
14865,POLYESTER THREAD,Household & Kitchen,5,5,
14869,RUBBER BAND 10/-,Stationery,15,15,
1488,SILVER POUCH 4*6,General Groceries,10,10,
14880,VENUS CLEANING POWDER 1KG.,Powders,32,32,
14887,BALAJI GALAXY,Chocolates,5,5,
14889,GOOD DAY CASHEW 53+15G,Biscuits,10,10,
1489,GRB CHOCOLATE SOAN PAPDI 200G,Chocolates,75,75,
14894,PLASTIC SINK BRUSH,Household & Kitchen,69,69,
149,SAFFOLA OATS 200G,Powders,53,53,
1490,AASHIRVAAD ATTA 500G,Powders,38.5,38.5,
14907,HARIMA ICE CREAM POWDER CHOCOLATE,Chocolates,55,55,
1492,VVS DHEEPA OIL 100ML,Cooking Oil,35,35,
1493,JUMBO COLOURING 1,Soaps & Liquids,150,150,
1494,VVS DHEEPA OIL 500ML,Cooking Oil,110,110,
1495,BINGO CHILLI POTATO CHIPS 10.5 G,Snacks,5,5,
14991,HARIMA ICE CREAM POWDER VANILLA,Ice Cream,55,55,
14992,HARIMA ICE CREAM POWDER BUTTERSCOTCH,Ice Cream,55,55,
14994,PONVANDU RS.10/-,General Groceries,10,10,
15,GILLETTE SHAVING CREAM REGULAR 30G,Soaps & Liquids,40,40,
150,AACHI KOZHUKATTAI FLOUR 500G,Powders,55,55,
15000,HAMAM NEEM TULSI & ALOE VERA MRP35/-,Soaps & Liquids,35,35,
15001,HARIMA ROSE MILK MIX 250G,Beverages,90,90,
15005,HARIMA BRIYANI ESSENCE,General Groceries,92,92,
15007,HARIMA VANILLA SPL ESSENCE,General Groceries,40,40,
15008,SURF EXCEL QW LIQUID 60ML,Soaps & Liquids,10,10,
1502,MYLO COPY COLOURING BOOK,Soaps & Liquids,50,50,
15032,HARIMA PINEAPPLE ESSENCE,General Groceries,40,40,
15033,HARIMA ROSE MILK ESSENCE,Beverages,43,43,
15034,MUNCH RS. 10,Chocolates,10,10,
15037,KIT KAT 3 F,Chocolates,25,25,
15039,KIT KAT SHARE & SNAP,Chocolates,50,50,
15041,COMFORT PINK 4/-,Soaps & Liquids,4,4,
15047,good day 5 rs biscut,Biscuits,5,5,
1505,VVS TIRUPTHI BLACK SESAME 50G,Cooking Oil,20,20,
15053,DOMS COLOR SKETCH,Stationery,15,15,
15068,PERRYS FRESH BUTTER COOKIES 150G,Cookies,100,100,
1507,MYLO COLOURING BOOK 4,Soaps & Liquids,50,50,
15076,MOON CRYSTAL SALT,Powders,15,15,
1508,MORE JUMBO COLOURING BOOK 1 BACK TO SCHOOL,Soaps & Liquids,150,150,
15083,HD BHUJIA SEV,Snacks,10,10,
15084,HD ALOO BHUJIA,Snacks,10,10,
1509,VVS ROJA GROUNDNUT OIL 1L,Cooking Oil,240,240,
15099,SANTHANA VILLAI 50G,General Groceries,5,5,
151,RAJAM SUKKU MALLI COFFEE POWDER 200G,Powders,98,98,
1511,MORE JUMBO,General Groceries,150,150,
1512,VIKAS TAMIL ARISSUVADI,General Groceries,40,40,
15127,WHITE BOARD MARKER BEN 1,Stationery,28,28,
1513,MANGALDEEP BOUQUET AGARBATHI,Pooja Items,55,55,
15137,SPRINKLE CRYSTAL SALT,Powders,15,15,
1514,VVS ROJA GROUNDNUT OIL 500ML,Cooking Oil,115,115,
1515,MANGALDEEP SANDAL PUJA AGARBATHI,Pooja Items,50,50,
1517,FUN WITH ACTIVITY,General Groceries,65,65,
1518,MANGALDEEP SADHVI 100 PUJA AGARBATHI,Pooja Items,35,35,
1519,MANGALDEEP SAMBRANI,Pooja Items,15,15,
15191,RUBBER BAND RS1,Stationery,1,1,
15198,A4 SHEET BUNDLE,General Groceries,292,292,
152,VVS GINGELLY OIL 1L,Cooking Oil,408,408,
15201,RAJA HERBAL MOONG GRAM POWDER,Dhall,45,45,
15206,STAMP OAD MAI,General Groceries,30,30,
15211,RAJA HERBAL KARUNJEERAGA OIL,Powders,180,180,
1522,DOT TO DOT ALPHABET,General Groceries,60,60,
15230,TAGAA SAGO (JAVARISI) 500G,General Groceries,55,55,
15249,TAGAA SAGO (JAVARISI) 100G,General Groceries,25,25,
1525,LAYS CLASSIC SALTED 11G,Snacks,5,5,
1526,MORE JUMBO ACTIVITY BOOK 4,Stationery,150,150,
15277,BAMBINO VERMICELLI 900G,Powders,99,99,
1528,MORE JUMBO ACTIVITY BOOK 2,Stationery,150,150,
1529,FUN WITH WAX CRAYONS 1,Stationery,50,50,
153,PONVANDU SOAP RS.25/-,Soaps & Liquids,25,25,
1530,BALLOON PACK 10RS,General Groceries,30,30,
15306,FILTER,General Groceries,30,30,
1532,FUN WITH WAX CRAYONS 3,Stationery,50,50,
1533,FUN WITH WAX CRAYONS 4,Stationery,50,50,
15331,PLASTIC PLATE,Household & Kitchen,120,120,
15333,PLASTIC PLATE RS80,Household & Kitchen,80,80,
15340,PLASTIC PLATE RS 85/-,Household & Kitchen,85,85,
15342,NAIL CUTTER SMALL(BELL),General Groceries,50,50,
1535,MILAGU 100G,Powders,98,98,
1538,ANNAI CASHEW CANDY,Chocolates,10,10,
15393,SPRAYER GUN COLOR,General Groceries,35,35,
15398,SPRAYER BLACK,General Groceries,25,25,
15427,FLORA FLOOR WIPER,Bathroom,70,70,
1543,BADHAM 100G,Snacks,150,150,
1544,MUNTHIRI 100G,Pooja Items,95,95,
15442,LEAF PLATE CIRCLE,Household & Kitchen,160,160,
15454,MAIDA 500G,Powders,45,45,
15458,MILKKOVA 100GM,Beverages,40,40,
15459,VEGETABLES,Vegetables,10,10,
1546,PANANGARKANDU 100 GM,General Groceries,45,45,
15460,KADUGU ULUNTHU 100 G,Dhall,12,12,
15462,DABUR MESWAK,Soaps & Liquids,20,20,
15464,COCONUT KAMARKATTU,Vegetables,20,20,
15465,JELLY CANDY,Chocolates,27,27,
15468,2 TWO LINES COCKROACH CHALK,Bathroom,15.5,15.5,
15473,MUTAKATTRAN OIL 100 ML,Cooking Oil,105,105,
1548,BELLA BABY HAPPY,Baby Items,10,10,
15487,MAHIL KUPPAIMENI SOAP 75G,Soaps & Liquids,55,55,
1549,THATTAM PAYARU 500G,Dhall,70,70,
155,GOOREJ PROTEKT AQUA HANDWASH 725 ML,General Groceries,99,99,
1550,THUVARAM PARUPPU 100G,Dhall,35,35,
15506,MAHIL AVARAM POO TURMERIC SOAP,Powders,60,60,
15519,MAHIL CHARCOAL SOAP,Soaps & Liquids,65,65,
1552,ILAKIYA MACROONS,General Groceries,100,100,
15528,MAHIL ROSE SOAP,Soaps & Liquids,55,55,
15530,H&S NEEM SHAMPOO 72ML,Shampoo,105,105,
15537,VVS PROVITA 500GM,General Groceries,250,250,
15538,MARIE GOLD BIS RS.5,Biscuits,5,5,
1555,PANTEEN HAIRFALL CONTROL CONDITIONER,Shampoo,209,209,
15565,YESIN HOOKS,General Groceries,35,35,
1557,KADALAI PARUPPU 100G,Dhall,14,14,
15588,REYNOLDS AEROSLIM,General Groceries,7,7,
1559,DOUBLEMINT MINTS RS10,General Groceries,10,10,
15593,REYNOLDS VIST PEN 5NOS,Stationery,7,7,
15599,REYNOLDS SMOOTHMATE BALL PEN,Stationery,10,10,
1560,ORBIT MIXED FRUIT,Vegetables,5,5,
15606,PAPER MATE INK JOY,Stationery,12.5,12.5,
1561,GILLETTE FUSION 5 RAZOR,Soaps & Liquids,399,399,
15614,REYNOLDS JETTER CLASSIC,Beverages,25,25,
15619,PONDS SANDAL TALCUM POWDER,Powders,77,77,
15623,REYNOLDS LUMINO GEL RS.10,General Groceries,10,10,
15629,REYNOLDS PERMANENT MARKER,Stationery,25,25,
1563,SURUL PATTAI 50GM,Powders,100,100,
1564,DEV ACHUU MURUKKU,Snacks,115,115,
15651,REYNOLDS ARTIO PENCIL,Stationery,7,7,
1566,CHICKEN NUGGETS,General Groceries,210,210,
15673,REYNOLDS GLUE STICK,Stationery,25,25,
15686,REYNOLDS FASTLINE,General Groceries,10,10,
1569,MADURAI MEENAKSHI MANGO PICKLE 5KG,Powders,350,350,
1570,SAVORIT SHELL PASTA,Powders,10,10,
1572,BASMATHI 250G,General Groceries,60,60,
15724,MIRINDA 1.25L,Beverages,60,60,
15727,COLGATE ACT SALT 15% EXT,Powders,78,78,
1573,BASMATHI 1KG,General Groceries,145,145,
1575,UJALA CRISP & SHINE FLORAL FUSION,General Groceries,70,70,
15752,MUSCOTH HALWA,Snacks,78,78,
15756,NILAKADALAI 1 KG,Dhall,210,210,
1576,VENDHAYAM 100G,General Groceries,20,20,
1577,UJALA CRISP & SHINE JASMINE FRESH,General Groceries,70,70,
1578,VELLAI PATTANI 250G,Dhall,60,60,
15789,VATHTHAL 100GM,General Groceries,39,39,
1579,UJALA FRONT LOAD,General Groceries,10,10,
15796,SEERAGA SAMBA 500 G,Rice,90,90,
1580,HENKO MATIC LIQUID .,Soaps & Liquids,10,10,
1581,NIVEA MEN COOL KICK,Soaps & Liquids,125,125,
15819,SUPER JUMBO INK CARTRIDGES,Stationery,12,12,
1582,VICKS BABYRUB 25ML,Baby Items,125,125,
15821,FIGO FINE COLOURS PEN,Stationery,20,20,
15822,EETHAL POWER PEN,Stationery,4,4,
15825,FIGO 0.7MM POLYMER LEADS,General Groceries,50,50,
15827,FIGO MEOW 0.7MM PENCIL,Stationery,20,20,
15829,FIGO MECHANICAL PENCIL,Stationery,10,10,
1583,WINKIES CENTRE FILLED CHOCO CAKE,Chocolates,10,10,
15831,BELL PINS,General Groceries,60,60,
15840,HATSUN CURD 200G,Beverages,30,30,
1585,VELLAI PATTANI 500G,Dhall,10,10,
15859,TODAYS GHEE 50ML,Cooking Oil,49,49,
15861,PONDS DREAMFLOWER PINK LILY TALC 23G,Soaps & Liquids,10,10,
15872,SUNSILK NOURSHING S&S SHAMPOO 80ML,Shampoo,64,64,
15874,VIM EXTRA ANTI SMELL PUDINA  115G,Vegetables,10,10,
15877,GILLETTE WILKINSON SP BLADE,Soaps & Liquids,30,30,
1588,ENCHANTEUR TALC,Soaps & Liquids,195,195,
15889,GILLETTE GUARD RAZOR CASHBACK,Soaps & Liquids,25,25,
1589,NESTLE MILKYBAR,Chocolates,20,20,
15897,WHISPER BINDAZZZ NIGHTS XL+ 7 PADS,Napkin,95,95,
15904,TIDE BLUE BAR,Soaps & Liquids,10,10,
15907,PAMPERS BLUE L 9-14 KG 10 P,Baby Items,199,199,
15910,ARIEL MATIC FL LIQ 60ML,Soaps & Liquids,10,10,
15911,ARIEL TL MATIC LIQUID 1L,Soaps & Liquids,225,225,
15915,ARIEL FL MATIC LIQUID 1L,Soaps & Liquids,259,259,
15916,ARIEL TL MATIC LIQUID 500ML,Soaps & Liquids,138,138,
1592,NESTLE CLASSIC RS.20/-.,Beverages,20,20,
15923,ARIEL FL MATIC LIQUID 500ML,Soaps & Liquids,148,148,
1593,MADURAI MEENAKSHI LEMON PICKLE,Powders,218,218,
1594,BINGO KOREAN STYLE 20RS,Snacks,20,20,
1595,MADURAI MEENAKSHI MANGO PICKLE,Powders,218,218,
1596,MANJAL 50G,General Groceries,20,20,
15962,PAMPERS BLUE XL 12-17KG 7P,Baby Items,149,149,
1598,ORAL-B TOM AND JERRY BUY 2,Soaps & Liquids,135,135,
15985,PAMPERS BLUE S 4-8KG 7P,Baby Items,100,100,
15988,PAMPERS BLUE NB 8P,Baby Items,99,99,
16,ORAL B 3 IN 1 PACK,Soaps & Liquids,22,22,
160,GENVOL,General Groceries,5,5,
1600,GILLETTE FOAM REGULAR 50G,Soaps & Liquids,90,90,
16002,PAMPERS BLUE  M 7-12KG 6P,Baby Items,105,105,
1601,AANDAVAR SOODAM 50GMS,General Groceries,100,100,
16015,PAMPERS BLUE L9-14KG 5P,Baby Items,105,105,
16019,PAMPERS BLUE S 4-8 15P,Baby Items,199,199,
16020,BROOM STICK ECHAMAR 50/-,Bathroom,60,60,
16027,MASK BLACK,General Groceries,6,6,
1603,MANJAL 100G,General Groceries,40,40,
16031,GRB ORANGE SOAN PAPDI 200G,Snacks,75,75,
16032,GRB PINEAPPLE SOAN PAPDI 200G,Snacks,75,75,
16033,GRB COCONUT SOAN PAPDI 200G,Snacks,75,75,
16036,GRB BUTTERSCOTCH SOAN PAPDI 200G,Snacks,75,75,
1604,TIDE JASMINE&ROSE 500G,Soaps & Liquids,75,75,
16040,GLITTER GLUE,Stationery,10,10,
16041,SUTLI GLOBE,General Groceries,95,95,
16042,CYCLE SANDALUM RS10/-,Pooja Items,10,10,
16050,A4 COLOR PAPER,General Groceries,3,3,
16063,LION TOMATO KETCHUP WITH DATES,Snacks,80,80,
1607,WHISPER CHOICE XL 18PADS,Napkin,120,120,
16075,A4 GLITTER SHEET,General Groceries,15,15,
16076,BOW RIBBON 18MM,General Groceries,3,3,
16090,STIC PEN(LUXOR),Soaps & Liquids,10,10,
161,INDULEKHA BRINGA OIL,Shampoo,234,234,
1610,CYCLE SUGANDHA MALLIKA 250GM,Pooja Items,120,120,
16102,COLORING BOOK MAZZA,Soaps & Liquids,40,40,
16104,BEST WISHES LABEL,General Groceries,5,5,
1611,YARDLEY BB FACE POWDER,Powders,70,70,
1612,SPRITE 600ML,Beverages,40,40,
16122,COLGATE SALT MRP 10/-,Powders,10,10,
16127,COLGATE US GENTLE CLEAN,Soaps & Liquids,40,40,
1613,NATURO LITCHI 7G,General Groceries,5,5,
16138,VICKS BABYRUB 10ML,Baby Items,55,55,
1614,BINGO NACHOS CHILLI LEMON 20RS,Snacks,20,20,
16140,BRIT GOODDAY BUTTER RS10/-,General Groceries,10,10,
16155,S.S.P.POLY BAGS 10*13,General Groceries,25,25,
16156,SMALL ONION,Vegetables,55,55,
16160,TOMATO VEG,Vegetables,60,60,
16169,COCONUT,Vegetables,90,90,
16177,SWEET PALKOVA,Snacks,60,60,
1618,UNIBIC BUTTER COOKIES,Cookies,5,5,
16182,CHOCO STICK GONEMAD RS5/-,Chocolates,5,5,
16188,CANDY MAN CHOCO DOUBLE ECLAIRS 185G,Chocolates,50,50,
1619,KKK AKSHAYA PONNI 10KG,Rice,850,850,
16228,LOLLIPOP LUVIT,Chocolates,5,5,
1624,UNIBIC MILK COOKIES 5 RS,Cookies,10,10,
16256,GOPURAM KUGMUMAM,General Groceries,16,16,
16263,OREO RED VELVET,Biscuits,20,20,
1627,UNIBIC CASHEW BADAM COOKIES,Cookies,10,10,
1628,NIVEA PEARL & BEAUTY 25 ML,Soaps & Liquids,125,125,
16291,TIDE NATURALS LEMON & CHANDAN 115+15G,Pooja Items,10,10,
16322,SILVER  5*7,General Groceries,60,60,
16328,FAIR AND HANDSOME LL RADIANCE CREAM,Soaps & Liquids,40,40,
16329,FAIR AND HANDSOME LL RADIANCE 30G,General Groceries,95,95,
1633,MARIO MILK 10RS,Beverages,10,10,
16330,CHAKRA GOLD 500G,General Groceries,300,300,
16340,LOTUS DASANGAM CONE,General Groceries,45,45,
1637,KKK AKSHAYA PONNI 5KG,Rice,550,550,
16370,UMBERLA,General Groceries,10,10,
16388,PAPER (OLD),General Groceries,55,55,
1639,JAMBAVAN GHEE 500ML,Cooking Oil,450,450,
16391,PONVANDU 10MRP,General Groceries,10,10,
1640,KKK AKSHAYA PONNI 26KG,Rice,1900,1900,
16401,COLGATE STRONG TEETH 100G.,Soaps & Liquids,76,76,
16408,COLGATE MAXFRESH RED 81G,Soaps & Liquids,70,70,
1641,JAMBAVAN SESAME OIL 1 LITRE,Cooking Oil,335,335,
16415,MAIDA 250G,Powders,23,23,
16416,MILAGU 250G,Powders,230,230,
1642,JAMBAVAN SESAME OIL 500ML,Cooking Oil,176,176,
16435,PONVANDU DETERGENT POWDER 1KG,Powders,190,190,
16443,KIRAMBU 20G,General Groceries,40,40,
1645,ADS WATERPROOF PENCIL,Stationery,10,10,
16453,ANNACHI POO 50 G,General Groceries,50,50,
16455,BOOMER JELLY,Chocolates,1,1,
1648,SOVI APPALAM 100GM,Powders,40,40,
165,HELLMANNS MAYONNAISE 250G,General Groceries,90,90,
1650,GILLETTE PRESTO BUY 3 GET 1 FREE,Soaps & Liquids,75,75,
16509,KADALAI PARUPPU 1KG,Dhall,120,120,
16528,KINDER CREAMY M&C,Soaps & Liquids,25,25,
1653,CAUSTIC SODA 1KG,Beverages,150,150,
16544,PULI 100G,Powders,20,20,
16545,PARLE KRACK JACK 63G,Biscuits,10,10,
16546,PARLE MILANO MIXED BERRIES,Biscuits,40,40,
1655,HOME ONE PLASTIC KHARATA,Household & Kitchen,110,110,
16553,MUNTHIRI KURUNAI(G) 500GM,Pooja Items,450,450,
16554,PRINCY TEETHER,Soaps & Liquids,135,135,
1656,NIJAM PAAKU,General Groceries,1,1,
1659,GILLETTE 7 O CLOCK SUPER PLATINUM,Soaps & Liquids,99,99,
16597,CAMLIN HI PAR LEAD 0.5,General Groceries,5,5,
16598,CAMLIN 0.7MM  TIP BOX,Household & Kitchen,5,5,
1660,PORIKADALAI 250G,Dhall,45,45,
16603,LION ORANGE SQUASH 700ML,Beverages,192,192,
16605,PRINCY COCO POWDER PUFF,Powders,145,145,
1661,SURF EXCEL QUICK  WASH 1KG,Soaps & Liquids,230,230,
16617,PORIKADALAI 50G,Dhall,8,8,
1662,GILLETTE 7 O CLOCK READY II,Soaps & Liquids,16,16,
16620,BRITANNIA MILKBIKIS,Biscuits,4.5,4.5,
1666,PEPSODENT 18G,Soaps & Liquids,10,10,
1667,UNIBIC DANISH COCONUT COOKIES,Cookies,10,10,
16695,MEDIMIX CLASSIC 75G,Beverages,32,32,
16696,KP NAMBOODIRIS TOOTHPASTE 40G,Soaps & Liquids,20,20,
167,KISSAN CHILLI TOMATO SAUCE 250G,Powders,72,72,
16706,MAAMIS TURMERIC POWDER,Powders,1,1,
16708,MAAMIS SAMBAR POWDER RS.3/-,Powders,3,3,
16709,MAAMIS IDLY CHUTNEY POWDER,Powders,3,3,
1671,HARIMA MANGO SYRUP,Beverages,180,180,
16721,MAAMIS KULAMBU CHILLI POWDER,Powders,3,3,
16728,EXO SAFAI STEEL SCRUBBER,Bathroom,15,15,
1673,PORIKADALAI 500G,Dhall,85,85,
16733,VVD LITE COCONUT OIL 100ML PKT,Cooking Oil,55,55,
16738,VIM 10/-,General Groceries,10,10,
1674,MALLI 500G,General Groceries,120,120,
16750,WHEEL ACTIVE 2 IN 1,Soaps & Liquids,10,10,
16756,DAIRY MILK SILK PLAIN 140 G,Chocolates,205,205,
1678,PEPSI,Beverages,40,40,
16785,REYNOLDS COMFORT+,Soaps & Liquids,10,10,
16789,SIVAPPU AVAL 500G,Rice,10,10,
1679,COLGATE ZIG ZAG CHARCOAL,Soaps & Liquids,40,40,
16792,MUNTHIRI 250G,Pooja Items,210,210,
16794,JEERA CANDY,Chocolates,20,20,
168,KNOR NOODLES,Powders,20,20,
1680,SAARAL BROWN RICE,Rice,74,74,
16806,BISLERI WATER 500ML,Beverages,10,10,
1681,KODA MILLET (VARAGU),General Groceries,105,105,
16812,HEARTIN APPALAM 100G,Powders,15,15,
16821,MILKA BREAD,Beverages,15,15,
16824,SEERAGAM 50G,Powders,30,30,
16826,TPRG NO-10 CAMPHOR,Pooja Items,93,93,
16829,TPRG NO-11 CAMPHOR,Pooja Items,65,65,
1683,KISMIS 50G,Snacks,30,30,
16834,TPRG SOODAM 50GM,General Groceries,74,74,
16835,CAMLIN CD MARKER BLUE,Stationery,10,10,
16839,KOPIKO CAPPUCCINO CANDY,Chocolates,50,50,
1684,SAARAL BARNYARD MILLET,General Groceries,135,135,
16848,HATSUN CURD 85G,Beverages,10,10,
1685,KAVERI PONNI 5KG,Rice,300,300,
16852,CLEAR ANTI-DANDRUFF SHAMPOO 5.5ML,Shampoo,2,2,
16855,Gas lighter RS 110,Household & Kitchen,120,120,
1686,AACHI TURMERIC POWDER 50G,Powders,21,21,
1687,AACHI CORIANDER POWDER 50G,Powders,14,14,
16879,PUSH PIN,Stationery,40,40,
1688,HERSHEYS MILK SHAKE,Chocolates,40,40,
1689,AACHI SAMBAR POWDER 50G,Powders,25,25,
169,TAJ MAHAL 12G,Beverages,10,10,
1690,AACHI KULAMBU CHILLI MASALA 100GM,Powders,40,40,
1691,MEDIMIX,Soaps & Liquids,38,38,
1694,SUDHARANI MARAVALLIKILANGU KUCHI CHIPS,Snacks,50,50,
16946,FILE LEAF,Stationery,10,10,
1695,AACHI BLACK PEPPER POWDER 7G,Powders,10,10,
1696,AACHI KULAMBU CHILLI MASALA 50G,Powders,20,20,
1698,PISTACHIO,Snacks,425,425,
16980,PONVANDU DETERGENT,Soaps & Liquids,27,27,
16988,REYNOLDS BRITE PEN,Stationery,7,7,
16990,SUTLI SATHA 1KG,General Groceries,85,85,
17,VICKS VAPORUB 50ML VP,Soaps & Liquids,170,170,
1700,ORAL B KIDS RS.60/-,Soaps & Liquids,50,50,
17005,PULI SPL 1KG,Powders,115,115,
17006,MAAMIS PEPPER POWDER,Powders,5,5,
1701,AACHI CHICKEN MASALA 50GM,Powders,26,26,
17016,ORBIT SWEETMINT,Snacks,5,5,
17019,PARLE JAM-IN STRAWBERRY,Biscuits,10,10,
1702,AACHI MUTTON 50G,Powders,32,32,
17022,PARLE JAM-IN BLACK CURRANT,Biscuits,9,9,
1703,AACHI BIRYANI MASALA 50G,Powders,41,41,
17032,FAIR&LOVELY GLOWING SKIN SOAP,Soaps & Liquids,32,32,
1705,AACHI FISH FRY 50G,Powders,31,31,
17050,PONDS DREAM FLOWER 200 G,Soaps & Liquids,215,215,
1706,AACHI FISH CURRY MASALA 50G,Powders,26,26,
1707,AACHI CHILLI POWDER 50GM,Powders,21,21,
17073,PAPER SHEET,General Groceries,1,1,
1708,AACHI CHILLI POWDER 100G,Powders,42,42,
1709,AACHI SAMBAR POWDER 100G,Powders,50,50,
1710,AACHI GARAM MASALA 50G,Powders,36,36,
17100,REYNOLDS WHITEBOARD MARKER,Stationery,25,25,
17106,CYCLE THREE IN ONE 10/-,Pooja Items,10,10,
17107,CYCLE THREE IN ONE 30/-,Pooja Items,30,30,
17109,TEA FILTER 60/-,Beverages,65,65,
1711,AACHI CHICKEN KABAB/65 50G,Powders,32,32,
1712,AACHI IDLY CHILLI 50G,Powders,20,20,
17122,CYCLE THREE IN ONE 50/-,Pooja Items,50,50,
1713,WHISPER XXL + 5PADS,Napkin,150,150,
1714,AACHI BAJJI BONDA POWDER 200G,Powders,36,36,
1715,ORAL -B CAVITY DEFENSE,General Groceries,120,120,
17165,MILKA BREAD 28/-,Beverages,25,25,
17168,LIGHTER 10/-,Household & Kitchen,15,15,
1717,AACHI PAYASAM MIX 200G,Powders,125,125,
1718,AACHI GINGER GARLIC PASTE 30G,Powders,5,5,
17189,NESTLE MUNCH 5/-,Chocolates,5,5,
1719,AACHI GULAB JAMUN MIX 1+1,Snacks,130,130,
17191,NESTLE MUNCH 10/-,Chocolates,10,10,
17200,COOL VADAGAM 100GM,General Groceries,20,20,
17205,PORIKADALAI 1KG,Dhall,135,135,
17206,PONVANDU DISHWASH LIQUID 140 ML,General Groceries,20,20,
17212,PEPPER MUNDHIRI 100GM,Snacks,10,10,
17219,THOLI ULUNTHAM PARUPPU 500GM,Dhall,76,76,
1722,PAASIPARUPPU 250G,Dhall,10,10,
17221,THOLI ULUNTHAM PARUPPU 250GM,Dhall,38,38,
1723,ORAL B CAVITY DEFENSE CHARCOAL,Soaps & Liquids,120,120,
1724,WHISPER XXXL + 4 PADS,Napkin,150,150,
17243,VICKS VAPORUB XTRA STRONG 10ML,Soaps & Liquids,55,55,
1726,SEERAGAM 250G,Powders,150,150,
1727,PANTENE SILKY SMOOTH SHAMPOO 180ML,Shampoo,195,195,
17277,VICKS  VAPORUB 50ML,Soaps & Liquids,155,155,
17288,SIMPLY VENUS 3 BLADE,Soaps & Liquids,80,80,
17289,WHISPER CHOICE XL,Napkin,36,36,
1729,EXO SAFAI SS SCRUBBER,Bathroom,15,15,
17291,LION MIXED FRUIT SQUASH 700ML,Beverages,147,147,
17298,TPRG POOJA POWDER 30G,Pooja Items,30,30,
1730,AMRUTANJAN STRONG DOUBLE POWER,Soaps & Liquids,42,42,
17306,TIDE WHITE BAR RS 10/-,Soaps & Liquids,10,10,
1731,UJALA SUPREME 250ML,General Groceries,80,80,
17312,PAMPERS 38/-,Baby Items,38,38,
1732,ZIG ZAG COLGATE DEEP CLEAN,Soaps & Liquids,30,30,
1733,COLGATE GENTLE SENSITIVE RS.65,Soaps & Liquids,65,65,
17340,PAMPERS 46/-,Baby Items,46,46,
17348,ECLAIRS CHOCO RS 1\-,Chocolates,1,1,
1735,MANDAI VELLAM 250G,Powders,25,25,
1737,MARGO SOAP BUY 4 GET 1,Soaps & Liquids,180,180,
17378,TREAT GIFT PACK NUTS&DRY FRUITS,Biscuits,532,532,
1738,ZED BLACK LUXURY FRESH PINEAPPLE,Soaps & Liquids,12,12,
17384,ASK JAGGERY GINGER CANDY,Chocolates,25,25,
17387,HARIMA CHOCO CHIPS 100G,Chocolates,120,120,
17389,HARIMA BADAM DRINK MIX 200G,Snacks,140,140,
17398,HARIMA KASURI METHI 25G,General Groceries,35,35,
1740,ORAL B CRISSCROSS BUY 2 GET 1 FREE,Soaps & Liquids,130,130,
17408,HARIMA JALJEERA,Powders,60,60,
1741,PRIL LIQUID 120ML,General Groceries,20,20,
17411,HARIMA WHIPPING CREAM  50G,Soaps & Liquids,80,80,
17417,HARIMA SOYA SAUCE 680GM,Powders,95,95,
17418,PARACHUTE COCONUT OIL 100ML,Cooking Oil,56,56,
1742,GILLETTE SHAVING CREAM 70GM,Soaps & Liquids,75,75,
1743,INDIA GATE FEAST ROZZANA 1KG,General Groceries,122,122,
17432,743 ADHESIVE,General Groceries,75,75,
1744,VATHAL 1KG,Powders,300,300,
17449,CAMEL WAX CRAYON,Stationery,25,25,
1745,VIBOOTHI,General Groceries,7.5,7.5,
17452,OLIVIA GOLD BLEACH,Soaps & Liquids,45,45,
1746,POLO 5RS,General Groceries,5,5,
1748,ULUNDHU 1KG,General Groceries,150,150,
17481,OLIVIA GOLDEN GLOW FACEWASH,General Groceries,60,60,
17482,OLIVIA ULTRA FRESH FAIRNESS FACEWASH,General Groceries,70,70,
17483,OLIVIA EYE LIGHTER,Household & Kitchen,165,165,
1749,ULUNDHU 500G,General Groceries,95,95,
17499,ROYAL NAPKINS 90 PCS,Napkin,65,65,
1751,ULUNDHU 250G,General Groceries,50,50,
17548,KINLEY WATER 500ML,General Groceries,10,10,
17564,BIOTIQUE PAPAYA FACH WASH,General Groceries,99,99,
17565,BIOTIQUE ALMOND OIL SOAP 150G,Snacks,120,120,
17574,BIOTIQUE BASIL & PARSLEY SOAP 150G,Soaps & Liquids,120,120,
17575,BIOTIQUE HIMALAYAN PLUM SOAP 150G,Soaps & Liquids,120,120,
17576,ROYAL GOLD TISSUES 90 SHEETS,General Groceries,72,72,
17577,BIOTIQUE ORANGE PEEL SOAP 150G,Soaps & Liquids,120,120,
1758,MR.BREAK CHOCO COATED WAFER,Chocolates,5,5,
17583,LIA JAS ROOM FRESHNER,General Groceries,169,169,
17584,BIOTIQUE GREEN APPLE SHAMPOO 120ML,Shampoo,130,130,
17585,DENVER H IMPERIAL 60ML,General Groceries,349,349,
17588,BIOTIQUE FRESH NEEM SHAMPOO 120ML,Shampoo,140,140,
17599,STAINFREE ULTRA,General Groceries,80,80,
176,ENGAGE MAN POCKET PERFUME,General Groceries,65,65,
1760,SARFARAZ DUST BROOM,Bathroom,205,205,
17605,KHATNIL SPRAY 100ML,General Groceries,85,85,
1761,SUDHARANI KUNDU MURUKKU,Snacks,50,50,
1762,GOOD KNIGHT LIQUID 72ML,Bathroom,80,80,
17628,KRAZY RATMAAR,General Groceries,15,15,
1763,SUDHARANI THENKAPAL MURUKKU,Snacks,50,50,
17647,LAXMAN REKHAA,General Groceries,100,100,
1765,PRAN POTATO,Vegetables,25,25,
1767,POTATA BAR-B-QUE,General Groceries,25,25,
1768,CINTHOL COOL 100G,Soaps & Liquids,40,40,
17685,CAMLIN 0.5MM PENCIL,Stationery,10,10,
17689,MALLI 750G,General Groceries,125,125,
1769,KISMIS 1 KG,Snacks,600,600,
17719,RAIN COAT,General Groceries,153,153,
1772,JOHNSONS BABY SOAP BLOSSOM,Baby Items,80,80,
17723,TATA COPPER 1LITRE,General Groceries,20,20,
17725,ORAL B BACTERIA FIGHTER,Soaps & Liquids,120,120,
1773,AMURTAJAN PAIN BALM EXTRA POWER,Soaps & Liquids,43,43,
1774,JOHNSONS BABY SOAP 75G,Baby Items,70,70,
1775,STAYFREE SECURE XL,Napkin,45,45,
17755,KIT KAT 5 RS BOX,Chocolates,5,5,
17761,ARIEL LIQ 10RS/-,Soaps & Liquids,10,10,
1778,PRAN POTATA CREAM ONION,Vegetables,25,25,
17782,MARGO 100G,General Groceries,35,35,
17784,ASK CRISPY & TASTY,General Groceries,30,30,
17791,ASK KADALAI MITTAI,Dhall,70,70,
17806,ASK COCO MITTAI,General Groceries,70,70,
1781,DRINKO LITCHI,Soaps & Liquids,40,40,
1782,LION QYNO  DESEEDED DATES 100G,Snacks,34,34,
17828,CAVINS VANILLA MILKSHAKE 200ML,Beverages,37,37,
1783,LION QYNO DESEEDED DATES 200G,Snacks,62,62,
17830,CAVINS CHOCOLATE MILKSHAKE 200ML,Chocolates,40,40,
1784,LION DESEEDED DATES 500G,Snacks,145,145,
17842,KESARI YELLOW POWDER 10G,Powders,3,3,
1785,LION QYNO DESEEDED DATES CUP 250G,Snacks,86,86,
17850,CAVINS STRAWBERRY MILKSHAKE 200ML,Beverages,37,37,
1786,LION QYNO DESEEDED DATES 500G,Snacks,150,150,
1788,LION DESERTKING DATES 500G,Snacks,280,280,
179,CHUPA CHUP MIX UP LOLLI POP,General Groceries,5,5,
1790,MOONG DAL,Dhall,4.7,4.7,
1791,LION ARABIAN DATES BUY 1 GET 1 250G,Snacks,144,144,
17915,JONSONS BUDS,General Groceries,110,110,
1792,NESTLE MILK MAID,Beverages,89,89,
17926,STAMP PAD 11*7,General Groceries,60,60,
1793,FOGG RELISH MOBILE PACK 25ML,General Groceries,85,85,
17934,STAMP PAD SMALL,General Groceries,35,35,
17943,COCA COLA BOTTLE 200ML,Beverages,10,10,
17947,SPRITE BOTTLE 200ML,Beverages,10,10,
1795,FOGG CHARM MOBILE PACK 25ML,General Groceries,85,85,
17953,SUNDA VATHTHAL 1KG,General Groceries,450,450,
1796,FOGG AMAZE MOBILE PACK 25ML,General Groceries,85,85,
1797,PUSHKARINI SAMBRANI,Pooja Items,100,100,
1799,MYSORE SANDAL SOAP 125G,Soaps & Liquids,63,63,
1800,MYSORE SANDAL SOAP 150G,Soaps & Liquids,75,75,
1801,MYSORE SANDEL SOAP 450G*3,Soaps & Liquids,243,243,
18018,DAIRYMILK SILK  HAZLENUT 134 G,Beverages,214,214,
18044,HONEY PROTEINS,Snacks,160,160,
1805,TPRG MANJAL KUMKUM 250G,Pooja Items,80,80,
18052,GULAB JAL,General Groceries,25,25,
1806,GITAMBARI 200GM,General Groceries,55,55,
18062,NIPPO 9V RS 40,General Groceries,45,45,
18063,TAGEO PHENYLE GREEN,Bathroom,59,59,
1807,TIC TAC STRAWBERRY,General Groceries,10,10,
18073,SPARTEX ZEE PENCIL,Stationery,2,2,
1808,MAAMIS SAMBAR 50G,Powders,22,22,
1809,MAAMIS LEMON RICE POWDER,Powders,6,6,
18097,TAGEO PHENYLE YELLOW,Bathroom,59,59,
18099,TAGEO PHENYLE FANTA,Beverages,59,59,
181,ALPENLIEBE JUZT JELLY RS.10/-..,Chocolates,10,10,
1810,SABENA DISHWASH POWDER 500G,Powders,16,16,
18102,TAGEO PHENYLE WHITE,Bathroom,59,59,
1811,SABENA POWDER 1KG,Powders,32,32,
18112,TAGEO PHENYLE PINK,Bathroom,59,59,
18121,TAGEO SOAP OIL,Cooking Oil,106,106,
18135,POUR HOME JASMINE RS169,General Groceries,169,169,
1814,Z TALC 50G,Soaps & Liquids,75,75,
18143,NESCAFE CLASSIC 95G,Beverages,330,330,
18151,NESCAFE CLASSIC 24G,Beverages,87,87,
1816,NIVEA FRESH NATURAL,Soaps & Liquids,125,125,
18167,BRITISH MUSHROOM,General Groceries,80,80,
1817,ECLAIRS ORANGE LOTTE,Chocolates,50,50,
1818,LOTTE CHOCO PIE CHOCO 15RS,Chocolates,15,15,
1819,LOTTE SEASONS MILK 328G,Beverages,100,100,
18199,POUR HOME FRENCH FUSION,General Groceries,169,169,
182,ALPENLIEBE JUZT JELLY COLA BOTTLES RS.10/-,Chocolates,10,10,
1820,LOTTE SEASONS ORANGE 328G,Vegetables,100,100,
18201,POUR HOME RED ROSE,General Groceries,169,169,
18208,TREAT CREAME WAFERS,Biscuits,10,10,
1821,LOTTE CHOCO PIE ORANGE,Chocolates,10,10,
18210,POTAZOS MASTI MASALA,Powders,10,10,
18211,TREAT CREAM WAFERS STRAWBERRY,Biscuits,5,5,
18213,MILKY MIST CHEESE SLICES,Beverages,79,79,
18227,LION NANNARI SHARBATH 700ML,General Groceries,165,165,
1823,ALL OUT ULTRTA POWER SLIDER 95RS,Bathroom,105,105,
18259,TREAT CREME WAFERS STRAWBERRY,Biscuits,5,5,
18264,TREAT CREME WAFERS XTRA CHEESY 31 G,Biscuits,10,10,
18266,JIM JAM 23G,Biscuits,5,5,
18269,DOVE CREAM BEAUTY BATHING BAR 100G,Soaps & Liquids,60,60,
1827,CORAZON CANDY 1RS,Chocolates,1,1,
18270,HAMAM NEEM 150G SAVER PACK,Soaps & Liquids,198,198,
18272,RIN BAR 130G,Soaps & Liquids,10,10,
18273,CAMLIN PERMANENT MARKER INK,Stationery,25,25,
18274,KALKANDU DIAMOND(BIG) 500KG,General Groceries,50,50,
18278,KALKANDU DIAMOND(BIG) 250KG,General Groceries,25,25,
18281,CAMLIN HIGHLIGHTER GREEN,Household & Kitchen,25,25,
1829,HIMALAYA CREAM CLEANSING BABY BAR,Baby Items,50,50,
183,ALPENLIBE JUZT JELLY ORANGE BEARS RS.10/-,Vegetables,10,10,
1830,HIMALAYA NOURISHING BABY SOAP 75G,Baby Items,62,62,
18300,CAMLIN HIGHLIGHTER ORANGE,Vegetables,25,25,
1831,HIMALAYA EX MOIST BABY SOAP 75G,Baby Items,62,62,
18310,ASK ELLU MITTAI,General Groceries,70,70,
1832,HIMALAYA GENTLE BABY SHAMPOO 60ML,Baby Items,65,65,
1834,MOODS,General Groceries,10,10,
18349,COLGATE SENSITIVE MEGA OFFER,Soaps & Liquids,195,195,
18357,TOOTH PICK BOX,Household & Kitchen,35,35,
1836,HIMALAYA REFRESHING BABY SOAP 125G,Baby Items,93,93,
1837,HIMALAYA EX MOIST BABY SOAP 125G,Baby Items,105,105,
1838,HIMALAYA NOURISHING BABY SOAP 125G,Baby Items,93,93,
18383,COMFORT  ROYALE PARFUM 19ML,Soaps & Liquids,4,4,
1839,HIMALAYA GENTLE BABY SOAP 125G,Baby Items,93,93,
184,CENTER FRUIT SOFTCHEWS RS.10/-,Chocolates,10,10,
1840,HIMALAYA BABY POWDER 50G,Baby Items,65,65,
1841,HIMALAYA BABY POWDER 100G,Baby Items,125,125,
1842,HIMALAYA BABY POWDER 200G,Baby Items,186,186,
18428,STAYFREE SECURE COTTONY REGULAR (6) RS 32,Napkin,37,37,
1843,HIMALAYA GENTLE BABY SHAMPOO 100ML,Baby Items,106,106,
18430,HEMA MIRROR 6X4,General Groceries,50,50,
18433,STAYFREE SECURE COTTONY XL (12) RS 80,Napkin,83,83,
18434,STAYFREE SECURE COTTONY XL (18) RS 120,Napkin,123,123,
1844,HIMALAYA GENTLE BABY SHAMPOO 200ML,Baby Items,213,213,
18440,CAMLIN SCALE 15CM,Stationery,5,5,
18443,ZANDU BALM 9.6ML,Soaps & Liquids,43,43,
18444,VELLA SUNDAL 250GM,Dhall,55,55,
18445,VELLA SUNDAL 500GM,Dhall,100,100,
18447,VELLA SUNDAL 1KG,Dhall,210,210,
18448,HARIMA CHILLI SAUCE,Powders,10,10,
1845,HIMALAYA BABY LOTION 100ML,Baby Items,115,115,
18451,HAUSER GERMANY XO BALL PEN,Stationery,10,10,
18452,LE ZING PRISM DF BALL PEN,Stationery,4,4,
18454,CALTRIX CT-813 ELECTRONIC CALCULATOR,Stationery,380,380,
18457,CAMLIN 0.5MM TIP BOX,Household & Kitchen,5,5,
18463,CAMLIN PERMANENT MARKER INK 15ML,Stationery,25,25,
18464,FOX SELF ADHESIVE TAPE 18M,Stationery,10,10,
18465,FOX SELF ADHESIVE TAPE 9M,Stationery,7,7,
1847,HIMALAYA  BABY CREAM 50ML,Baby Items,105,105,
18471,SAKTHI CUMIN POWDER 200G,Powders,150,150,
18474,COOL DRINKS ORANGE FLAVOUR 10/-,Soaps & Liquids,15,15,
18475,COOL DRINKS LEMON FLAVOUR 10/-,Soaps & Liquids,15,15,
18476,NESTLE MILKYBAR BUTTERSCOTCH,Chocolates,50,50,
18477,CHILSIP CHOCOLATE MILK,Chocolates,30,30,
18479,COOL DRINKS SODA 10/-,Beverages,15,15,
18480,MILK BIKIS CLASSIC 10/-,Biscuits,10,10,
18481,TPRG JAVADHU AGARBATTI,Pooja Items,12,12,
18482,EVEREST CHHOLE MASALA,Powders,88,88,
18487,EVEREST JALJIRA POWDER,Powders,66,66,
18488,SIPPI PEN & BALL PEN 204,Stationery,45,45,
1849,HIMALAYA GENTLE BABY WIPES 12,Baby Items,48,48,
18490,TPRG DASANGAM AGARBATHIES,Pooja Items,90,90,
18492,BUSH LEMON YELLOW POWDER,Powders,60,60,
18498,SCRUBBER ZIGANA,Bathroom,50,50,
18499,PENCIL BOX,Household & Kitchen,84,84,
185,CENTERFRUIT SOFT CHEWS RS.10/-,General Groceries,10,10,
1850,HIMALAYA GENTLE BABY WIPES 24,Baby Items,85,85,
18503,KNIFE WITH COVER,Household & Kitchen,80,80,
18504,VCARE SHAMPOO HAIR COLOR,Shampoo,65,65,
18505,BUSH ORANGE RED POWDER 100 G,Powders,69,69,
18509,AJINOMOTO 1KG,General Groceries,230,230,
1851,KALIMARK TIGO ORANGE,Vegetables,20,20,
18513,HANGER,General Groceries,100,100,
18514,MASTI OYE MASALA NOODLES,Powders,10,10,
18516,BIRTHDAY BALOONS,General Groceries,20,20,
18518,SAIN BALOON,General Groceries,10,10,
1852,KALIMARK CLUB SODA,Beverages,20,20,
18522,HEAD&SHOULDERS SANDS,Shampoo,84,84,
18525,TRDP MARIO BUTTER BIKS,General Groceries,10,10,
18526,WINKIES MARBLE CAKE SLICED,Snacks,30,30,
18528,WINKIES CHOCOLATE CAKE,Chocolates,30,30,
18529,WINKIES PINEAPPLE CAKE,Snacks,30,30,
1853,HIMALAYA NEEM FACE WASH 150ML,Soaps & Liquids,20,20,
18530,WINKIES FRUIT CAKE,Snacks,30,30,
18531,WINKIES MARBLE CAKE 10RS,Snacks,30,30,
18532,TRDP MARIO NOODLES,Powders,50,50,
18533,YARDLEY SANDAL WOOD,General Groceries,145,145,
18537,YARDLEY GENTLEMAN CLASSIC ROLL-ON,Snacks,225,225,
18539,YARDLEY ENGLISH ROSE ROLL-ON,Snacks,249,249,
1854,HIMALAYA PURIFYING NEEM FACE WASH 50ML,Soaps & Liquids,90,90,
18540,YARDLEY ENGLISH LAVENDER ROLL-ON,Snacks,249,249,
18541,YARDLEY ENGLISH LAVENDER BODY SPRAY 150ML,General Groceries,225,225,
18542,YARDLEY MORNING DEW BODY SPRAY 150ML,General Groceries,225,225,
18543,YARDLEY ALPINE ROSE BLACK CURRANT FRAGRANCE,General Groceries,225,225,
18544,YARDLEY VIOLET RASPBERRY FRAGRANCE,General Groceries,225,225,
18546,YARDLEY GENTLEMAN CLASSIC BODY SPRAY MEN,Beverages,225,225,
1855,HIMALAYA PURIFYING NEEM FACE WASH 100ML,Soaps & Liquids,189,189,
18550,PANANGARKANDU 1 KG,General Groceries,550,550,
18554,ICE KUCHI,General Groceries,1,1,
1856,HIMALAYA ALOE VERA FACE WASH 50ML,Soaps & Liquids,95,95,
18560,3 ROSES NATURAL CARE 250G,Beverages,245,245,
18563,VASELINE 5/-,Soaps & Liquids,5,5,
18564,VIM LEMON BAR 32/-,Vegetables,32,32,
18565,SUNFEAST ALL ROUNDER,Biscuits,10,10,
18566,SUNFEAST ALL ROUNDER RS 25,Biscuits,25,25,
18567,MARIO RUSK 142G,Biscuits,20,20,
18568,MARIO MILK RUSK 200G,Biscuits,30,30,
1857,HIMALAYA ALOE VERA FACE WASH 100ML,Soaps & Liquids,179,179,
18572,AGAL VILLAKKU (3 PCS) 10/-,Pooja Items,10,10,
18573,INK FILLER,Stationery,2,2,
18574,ACCOUNT NOTE,General Groceries,170,170,
18576,COLGATE ACTIVE SALT 38G,Powders,20,20,
18577,COLGATE TOTAL 120G,Soaps & Liquids,10,10,
18579,TIN TAGE,General Groceries,15,15,
1858,SKY ARUMPU MURUKKU,Snacks,50,50,
18580,ORAL-B CHARCOAL,Soaps & Liquids,25,25,
18582,AACHI KULAMBU CHILLY MASALA 10RS,Powders,10,10,
18583,WHITE HORSE CASTOR OIL 200ML,Cooking Oil,60,60,
18586,DEV MASALA TAPIOCA CHIPS,Snacks,115,115,
18587,DEV TAPIOCA STICK,General Groceries,115,115,
18588,DEV SPRING MULLU MURUKKU,Snacks,130,130,
18589,HIMALAYA ROSE FACE GEL 100ML,Soaps & Liquids,90,90,
18590,DEV GHEE MURUKKU,Snacks,155,155,
18591,DEV RICE MURUKKU,Snacks,130,130,
18592,MANGO FLAVOUR JELLY,General Groceries,10,10,
18597,ECLAIRS CENTER FILLED,Chocolates,100,100,
18598,YIPPEE  MAGIC MASALA 280G,Powders,55,55,
18599,MAMYPOKO PANTS RS 48/-,Baby Items,48,48,
186,MENTOS RAINBOW RS.10/-,Chocolates,10,10,
18600,ARIEL MATIC LIQUID FRONTLOAD 10RS,Soaps & Liquids,10,10,
18601,MAMYPOKO PANTS(S),Baby Items,40,40,
18602,MAMYPOKO PANTS 199/-,Baby Items,185,185,
18603,MAMYPOKO PANTS (S),Baby Items,199,199,
18604,MAMYPOKO PANTS 56/-,Baby Items,56,56,
18605,MAMYPOKO S PANTS 99/-,Baby Items,99,99,
18606,MAMYPOKO PANTS (M) 99/-,Baby Items,99,99,
18608,MAMYPOKO PANTS(L),Baby Items,199,199,
18609,TAJ MAHAL 95/-,Beverages,95,95,
18614,MANGO PUDDING JELLY,Vegetables,5,5,
18615,AVT PREMIUM 1KG,General Groceries,335,335,
18616,BLEACHING POWDER 1KG,Powders,80,80,
18617,BRITANNIA TOASTEA MILK RUK,Biscuits,10,10,
18619,BLEACHING POWDER 500KG,Powders,50,50,
18623,GILLETTE SERIES,Soaps & Liquids,99,99,
18624,LIA ROYAL ORCHID,General Groceries,169,169,
18625,LIA ROOM FRESHNER AGARWOOD 220ML,General Groceries,169,169,
18626,LIA CAR GEL ENLIVEN,General Groceries,399,399,
18627,NIPPO LED 20W COOL WHITE,General Groceries,375,375,
18630,MACROON,General Groceries,70,70,
18635,GILLETTE GUARD,Soaps & Liquids,125,125,
18636,GILLETTE FOAM REGULAR 196G,Soaps & Liquids,225,225,
18639,PANTENE 2 IN 1,Shampoo,249,249,
1864,BINGO TOMATO POTATO CHIPS..,Snacks,20,20,
18641,HEAD & SHOULDERS LEMON 90ML,Shampoo,89,89,
18642,HEAD & SHOULDERS LEMON,Shampoo,205,205,
18646,ASK GINGER CANDY,Chocolates,25,25,
1865,KRAZY LINES FIPRONIL GEL,General Groceries,75,75,
18652,HEAD & SHOULDERS SILKY BLACK,Shampoo,84,84,
18656,DARK FANTASY YUMFILLS PIE 10/-,Biscuits,10,10,
18657,VATHAAL ANTHRA 1KG,General Groceries,380,380,
18659,GILLETTE GUARD 70/-,Soaps & Liquids,80,80,
1866,HIMALAYA  GENTLE DAILY CARE SHAMPOO 400ML,Shampoo,255,255,
18660,GILLETTE GUARD 3 BLADES 95/-,Soaps & Liquids,95,95,
18661,GILLETTE GUARD 1 BLADE 35/-,Soaps & Liquids,35,35,
18666,ROJA  NOTE BOOK  UNRULED 160 PAGE (LAMI),Stationery,70,70,
1867,FIGO MECHANICAL PENCIL ..,Stationery,15,15,
18673,DEV PAKKAVADA,General Groceries,100,100,
18674,DEV SALT CORN MIXTURE,Snacks,105,105,
18675,DEV KUZHALAPPAM,General Groceries,85,85,
18676,NESCAFE SUNRISE 100G,Beverages,295,295,
18677,NESCAFE SUNRISE 50G POUCH,Beverages,145,145,
18678,LACTOGEN 1,Baby Items,415,415,
1868,FIGO ROLLER PEN,Stationery,10,10,
18681,OLD SPICE FRESH LIME,General Groceries,130,130,
18682,BISCAFE 37G,General Groceries,10,10,
18683,VITA MARIE GOLD 10/-,Biscuits,10,10,
18684,VITA MARIE GOLD 30/-,Biscuits,30,30,
18685,GOBBLES CAKE CHOCO CHILL 100 G,Chocolates,30,30,
18686,GOBBLES FRUITY FUN,General Groceries,27,27,
1869,FIGO TEMPERA COLOUR,General Groceries,10,10,
18690,PARK AVENUE STORM DEO SPRAY,General Groceries,225,225,
18692,COMFORT DESIRE DELUXE,Soaps & Liquids,65,65,
18693,OM SHANTHI SHINING POWDER,Powders,54,54,
18694,CYCLE THREE IN ONE 100/-,Pooja Items,100,100,
18696,BHOOMI JAGGERY POWDER,Powders,60,60,
18698,KINDERJOY GREEN 45/-,General Groceries,45,45,
18699,HERSHEYS SYRUP,Chocolates,250,250,
187,UDHAYAKRISHNA GHEE 50ML POUCH,Cooking Oil,53,53,
18700,PANASONIC AA BATTERY,Household & Kitchen,12,12,
18702,MILKA BUTTER COOKIES,Cookies,30,30,
18703,MILKA GHEE COOKIES VANNILA,Cookies,25,25,
18705,BOURBON 50G,Biscuits,10,10,
18706,SUNFEAST SUPERMILK 33G,Biscuits,5,5,
18708,SUNFEAST SUPERMILK 81G,Biscuits,10,10,
18710,SAVORIT SPIRAL PASTA,Powders,10,10,
18712,FORTUNE SUNFLOWER OIL 1L,Cooking Oil,175,175,
18714,KELLOGGS CHOCOS 127G,Chocolates,75,75,
18715,NAGA RICE FLOUR,Powders,40,40,
18716,PORNA REFINED RICE BRAN OIL,Rice,204,204,
18717,ROJA GHEE 200ML,Cooking Oil,186,186,
18718,ROJA GHEE 500ML,Cooking Oil,445,445,
18719,ISHAN DRY FRUITS 250G,Snacks,150,150,
1872,FIGO CP 30 BALL PEN,Stationery,6,6,
18720,PORNA POOJA OIL 250ML,Pooja Items,63,63,
18721,PORNA POOJA OIL 500ML,Pooja Items,108,108,
18722,PORNA POOJA OIL 1 LTR,Pooja Items,212,212,
18723,ROJA GHEE 1 LITRE,Cooking Oil,870,870,
18725,CLOSEUP 20/-,General Groceries,20,20,
18726,CLOSEUP,General Groceries,55,55,
18727,TAGEO DISHWASH LIQUID,General Groceries,42,42,
18728,TAGEO FLOOR CLEANER 500ML,Bathroom,99,99,
18729,TAGEO TOILET CLEANER 225ML,Bathroom,42,42,
1873,APSARA PENCIL BOX,Household & Kitchen,60,60,
18730,ORAL-B NEEM FRESH CLEAN,Soaps & Liquids,25,25,
18731,MARIO RUSK 71G,Biscuits,10,10,
18736,ARIEL COLOUR CARE,Soaps & Liquids,370,370,
18738,MEENAKSHI COIN APPALAM,Powders,38,38,
18739,APPALAPOO 100G,General Groceries,40,40,
1874,HIMALAYA COMPLETE CARE TOOTH PASTE 80G,Soaps & Liquids,52,52,
18740,MEENAKSHI APPALAM 50G,Powders,20,20,
18741,MEENATCHI APPALAM 100G,Powders,40,40,
18743,MEENATCHI APPALAM 250G,Powders,100,100,
18745,PONVANDU DETERGENT POWDER 2KG,Powders,375,375,
18746,TAGEO FLOOR CLEANER 200ML,Bathroom,42,42,
18747,TAGEO TOILET CLEANER 500ML,Bathroom,95,95,
18748,NATURAL GLOW ROSE FACE WASH 100ML,Soaps & Liquids,179,179,
18749,HIMALAYA NATURAL GLOW ROSE FACE WASH 50ML,Soaps & Liquids,90,90,
18750,PARLE MELODY 175.95G,Biscuits,50,50,
18751,PARLE MELODY 371.45G,Biscuits,89,89,
18752,LION DELICACY DATES 250G,Snacks,164,164,
18753,LION DELICASY DATES 500G,Snacks,320,320,
18754,MUSCAT DATES 250G,Snacks,142,142,
18756,LION ARABIAN DATES 500G BUY 1 GET 1 FREE,Snacks,272,272,
18757,A4 B2B COPIER,General Groceries,360,360,
18758,OFFICE FILE,Stationery,35,35,
18759,STAINLESS STEEL SCALE,Household & Kitchen,85,85,
1876,HIMALAYA SPARKING WHITE 80G,Soaps & Liquids,57,57,
18761,SUPER SCISSORS,Stationery,100,100,
18762,ENVELOPE COVER 15*11,Stationery,8,8,
18763,ENVELOPE COVER 14*10,Stationery,7,7,
18765,LION PINEAPPLE JAM 250G COMBO,Snacks,112,112,
18767,LION MIXED FRUIT JAM 500G,Snacks,210,210,
18768,LION OATS 200G,Powders,60,60,
18769,LION OATS 700G,Powders,144,144,
1877,HIMALAYA ACTIVE FRESH 80G,Soaps & Liquids,56,56,
18774,SAARAL RED RICE 500G,Rice,69,69,
18775,CONTINENTAL XTRA 50G,General Groceries,160,160,
1878,HIMALAYA ALMOND ROSE SOAP 125G,Snacks,60,60,
18781,AACHI CHILLI POWDER 200G,Powders,84,84,
18783,NABATI WAFER RICH CHEESE 10/-,General Groceries,10,10,
18784,NABATI WAFER RICH CHOCO 10/-,Chocolates,10,10,
18785,MUGI ACTIVE WASH LIQUID 1.8L,General Groceries,209,209,
18786,BUCKET,Bathroom,290,290,
18789,TIGER GLUCOSE BISCUIT,Biscuits,3,3,
1879,HIMALAYA CUCUMBER COCONUT  SOAP 75G,Soaps & Liquids,36,36,
18790,LIA ROOM FRESHENER ROYAL ORCHID 220ML,General Groceries,169,169,
18793,COTTON MAT,General Groceries,45,45,
18795,B.MULTY MAT 16*24,General Groceries,60,60,
188,BOURNVILE,General Groceries,50,50,
1880,HIMALAYA CUCUMBER COCONUT SOAP 125G,Soaps & Liquids,60,60,
18801,WELCOME MAT,General Groceries,90,90,
18804,CADBURY DAIRYMILK FAMILY PACK 100/-,Chocolates,100,100,
18808,PONDS MAGIC 100G,Soaps & Liquids,150,150,
18809,PONDS SANDAL 100G,Soaps & Liquids,150,150,
1881,HIMALAYA HONEY AND CREAM SOAP 75G,Snacks,38,38,
18812,SCOTCH BRITE SS & SCRUB PAD,Bathroom,50,50,
18814,SCOTCH BRITE SCRUB SPONGE,Bathroom,35,35,
18815,SCOTCH BRITE TOUGH SCRUBBER BRUSH,Bathroom,160,160,
18816,SCOTCH BRITE BATHROOM SCRUBBER BRUSH,Bathroom,160,160,
18817,SCOTCH BRITE SPONGE WIPE,Bathroom,80,80,
18818,PAALPERUNKAYAM,General Groceries,65,65,
18819,UDAICHAL ULUNTHAM PARUPPU 500G,Dhall,80,80,
1882,COLGATE TOOTH POWDER 50G,Powders,42,42,
18820,MOONHIL KOODAI,General Groceries,170,170,
18821,MOONHIL THATTU,General Groceries,100,100,
18822,OLABAI,General Groceries,150,150,
18824,GLOVES DISPOSABLE,General Groceries,20,20,
18826,GULABARI 120ML,General Groceries,52,52,
18827,GULABARI 250ML,General Groceries,92,92,
18830,HIDE & SEEK MILANO FINEST CHOCO FILLED,Chocolates,35.6,35.6,
18833,NARASUS PURE INSTANT,General Groceries,180,180,
18835,WHISKAS SALMON IN GRAVY,General Groceries,40,40,
18837,MAT 110,General Groceries,10,10,
18838,SCOTCH BRITE SILVER SPARKS SCRUB,Bathroom,20,20,
18839,VICCO VAJRADANTI POWDER 50G,Powders,74,74,
18847,BELLADONNA PLASTER,General Groceries,15,15,
18848,VEGA EAR BUDS 100 STICKS,General Groceries,71,71,
18849,VEGA EAR BUDS 200 STICKS,General Groceries,132,132,
18850,VEGA NAIL CLIPPER (GLITTER SMALL),General Groceries,80,80,
18851,VEGA NAIL CLIPPER (BLACK BIG),General Groceries,95,95,
18852,EXO GINGER TWIST BUY 3 GET 1 FREE,Vegetables,30,30,
18854,KITKAT LONGER 19G,Chocolates,20,20,
18855,NESTLE CERELAC WHEAT RICE MIXED FRUIT 300 G,Baby Items,325,325,
18856,MAGGI 2 MIN NOODLES 70G,Powders,14,14,
18857,NESTLE CERELAC WHEAT APPLE CHERRY 350 G,Baby Items,325,325,
18858,AXE UNIVERSAL OIL 5ML,Cooking Oil,145,145,
18859,VICCO VAJRADANTI POWDER 100G,Powders,115,115,
1886,HIMALAYA OLIVE EXTRA NOURISING BABY LOTION,Baby Items,105,105,
18862,VICCO TURMERIC SKIN CREAM 15G,Powders,77,77,
18864,VICCO VAJRADANTI PASTE 100G,Soaps & Liquids,70,70,
1887,COLGATE VEDSHAKTHI 100G,Soaps & Liquids,85,85,
18871,DEV BANANA CHIPS,Snacks,180,180,
18872,PAPER ROLL(TABLE),Snacks,80,80,
18874,ABIS PREMIUM TEA 250G,Beverages,250,250,
1888,HIMALAYA PEACH SHINE LIP CARE,Soaps & Liquids,210,210,
18880,GANESH RAGI FLOUR,Powders,47,47,
18881,GANESH RICE FLOUR 500G,Powders,41,41,
18884,TPRG BLACK TRENDZ 16G,General Groceries,12,12,
18885,ACT II POPCORN MOVIE BUTTER,Snacks,35,35,
18886,TRPG J.K.SANDAL,General Groceries,12,12,
18887,PASI PARUPPU 100 GM,Dhall,13,13,
18888,DARK CHOCO LUV,Chocolates,1,1,
1889,HIMALAYA PROTECTIVE SUNSCREEN LOTION,Soaps & Liquids,120,120,
18890,TPRG ABHISEKA PANNER,General Groceries,23,23,
18893,FOGG ESSENCE,General Groceries,225,225,
18894,FOGG MASTER OAK,General Groceries,250,250,
18897,FOGG MASTER PINE,General Groceries,250,250,
300,G,General Groceries,325,325,
18899,FOGG MARGO,General Groceries,225,225,
189,SURGICOM ABSOR COTTON 50GM,General Groceries,55,55,
1890,HIMALAYA RICH COCOA BUTTER LIP CARE,Soaps & Liquids,210,210,
18900,FOGG PARADISE,General Groceries,225,225,
18901,FOGG RADIATE,General Groceries,225,225,
18902,FOGG VICTOR 126ML,General Groceries,250,250,
18905,WHISKAS CHICKEN IN GRAVY 1YEAR,General Groceries,40,40,
18906,WHISKAS TUNA IN JELLY KITTEN 2-12,General Groceries,40,40,
18909,WONDER KIDS 20G,General Groceries,35,35,
1891,HIMALAYA STRAWBERRY LIP CARE,Soaps & Liquids,199,199,
18914,CHAKRA GOLD PREMIUM TEA 250G,Beverages,225,225,
18915,MILKYBAR MOULD DINO WORLD,Chocolates,20,20,
18916,NATURE POWER PAPAYA AURA 125G,General Groceries,50,50,
18917,ACT II POPCORN SOUTHERN SPICE 70GM,Snacks,32,32,
1892,DOMS SHARPNER,General Groceries,3,3,
18920,AACHI ASAFOETIDA POWDER 50G,Powders,85,85,
18921,LIPTON GREEN TEA HONEY LEMON (25),Snacks,190,190,
18924,VIM LEMON BAR 300G,Vegetables,30,30,
18925,GEO PLUS DRAWING NOTE 80P,General Groceries,75,75,
18926,MEERA  INDIGO A4 UNRULED SHEET (25),General Groceries,40,40,
18927,PICASSO SCRAP BOOK 32P,Stationery,42,42,
18928,PATTAI 25G,Powders,14,14,
18929,ANNACHI POO 25GM,General Groceries,30,30,
18932,NIPPO TERMINATOR MINI (MOSQUITO BAT),Bathroom,649,649,
18933,NIPPO AAA HI-TOP BATTERY,Household & Kitchen,18,18,
18935,MEAL TIME TOMATO SAUCE 1KG,Powders,99,99,
18936,PERRYS BUTTER HEARTINS 150G,General Groceries,100,100,
18937,UG PERUNGAYAM 50G,Powders,93,93,
18938,UG PERUNGAYAM 100G,Powders,183,183,
18939,NILAKADALAI RS10,Dhall,15,15,
1894,SUGANDHA SWARNA,General Groceries,60,60,
18941,SEERAGA SAMBA 250GM,Rice,40,40,
18949,PEELER  S STEEL NO 8819,Household & Kitchen,60,60,
1895,COLGATE CIBACA 175G,Soaps & Liquids,71,71,
18956,PEPSODENT,Soaps & Liquids,10,10,
18958,ENSUVADI,General Groceries,10,10,
1896,BINGO TEDHE MEDHE.,Snacks,20,20,
18963,VASELINE DAILY BRIGHTENING LOTION 90ML,Soaps & Liquids,125,125,
18964,PONDS SUPER LIGHT GEL 25ML,Soaps & Liquids,75,75,
1897,COLGATE VISIBLE WHITE 50G,Soaps & Liquids,89,89,
18973,HALDIRAMS ALOO BHUJIA,Snacks,5,5,
18977,GODREJ EXPERT RICH,Shampoo,37,37,
18979,BUTTERFLY LEMON YELLOW,Vegetables,2.5,2.5,
1898,PLASTIC BOX,Household & Kitchen,10,10,
18980,NATURO RAW MANGO,Vegetables,5,5,
18981,NATURO GUAVA,General Groceries,5,5,
18982,NATURO APPLE,Vegetables,5,5,
18984,NATURO MANGO,Vegetables,5,5,
18985,PRINGLES ORIGINAL 107G,Snacks,125,125,
18986,PRINGLES PERI PERI,Snacks,125,125,
18987,PERRYS BUTTER COOKIES,Cookies,25,25,
18989,LAYERR SHOT POWER PLAY,General Groceries,239,239,
1899,HAIRPIN GLITTER DOZEN (12PC),General Groceries,12,12,
18990,LAYERR SHOT DEEP DESIRE,General Groceries,239,239,
18991,LAYERR SHOT RED STALLION,General Groceries,239,239,
18992,LAYERR SHOT ROYAL JADE,General Groceries,239,239,
18993,LAYERR MYSTIC ISLAND,General Groceries,239,239,
18995,LAYERR SECRET CRUSH,General Groceries,239,239,
18996,LAYERR VANILLA TWIST,General Groceries,239,239,
18997,LAYERR AMBER KISS,General Groceries,239,239,
18998,LAYERR PINK ANGEL,General Groceries,239,239,
18999,LAYERR SHOT ICONIC,General Groceries,239,239,
19,GILLETTE WILKINSON SWORD SP,Soaps & Liquids,150,150,
19000,LAYERR ROMANCE,General Groceries,275,275,
19001,STAINFREE ULTRA 30ML,General Groceries,40,40,
19002,LAXMANREKHAA,General Groceries,20,20,
19003,TIDE 10/-,Soaps & Liquids,10,10,
19004,LAXMANREKHAA FIPRONIL GEL,General Groceries,60,60,
19005,BOOST 200G,Beverages,95,95,
19007,BRU INSTANT 10G,Beverages,10,10,
19008,BRU INSTANT 2/-,Beverages,2,2,
19011,KISSAN MIXED FRUIT 20G,Vegetables,25,25,
19013,SURF EXCEL EASY WASH 1KG,Soaps & Liquids,178,178,
19015,SURF EXCEL QUICK WASH 500ML,Soaps & Liquids,110,110,
19016,SURF EXCEL FRONT LOAD RS 10,Soaps & Liquids,10,10,
1902,COLGATE ACTIVE SALT NEEM 100G,Powders,82,82,
19021,MASTER SHINE BROOMS,Bathroom,120,120,
19022,MASTER SLEEK BROOM,Bathroom,202,202,
19023,MASTER LUXURY BROOMS,Soaps & Liquids,156,156,
19028,DONA PAPER,General Groceries,50,50,
19029,ORAL-B SHINY CLEAN RS20,Soaps & Liquids,20,20,
1903,COLGATE  ACTIVE SALT LEMON 200G,Powders,88,88,
19030,RASA POONDU,Vegetables,350,350,
19031,WALLNUT 50G,General Groceries,10,10,
19032,SPRINKLE SALT,Powders,18,18,
19033,TODAYS GHEE 10ML.,Cooking Oil,10,10,
19034,PACHARISI 250GM,General Groceries,10,10,
19035,PACHARISI PONNI 1 KG,Rice,70,70,
19036,CORN CHIPS 250G,Snacks,25,25,
1904,PACHARISI (MAAVU) 1KG,General Groceries,10,10,
19042,AASHIRVAAD IODIZED CRYSTAL SALT,Powders,30,30,
19043,CANDYMAN FANTASTIK,Chocolates,5,5,
19050,COLIN SPARKLING SHINE,Bathroom,115,115,
19054,CLEAN & CLEAR BERRY BLAST,General Groceries,110,110,
19055,CLEAN & CLEAR AQUA SPLASH 50ML,General Groceries,110,110,
19057,STAYFREE SECURE DRY COVER EXTRA LARGE,Napkin,50,50,
19058,HARPIC LEMON FRESH,Vegetables,115,115,
1906,TATA CHAKRA GOLD 250GM..,General Groceries,245,245,
19064,HARIMA COCOA POWDER 50G,Powders,90,90,
1907,COLGATE DENTAL CREAM 300G+ TOOTH BRUSH,Soaps & Liquids,156,156,
19072,AACHI GHEE 100ML,Powders,103,103,
19073,AACHI GHEE 55ML,Powders,55,55,
19075,CLOSEUP TRIPLE FRESH 150 G,General Groceries,145,145,
19076,DOVE INTENSIVE REPAIR,General Groceries,2,2,
19077,DOVE DAILY SHINE,General Groceries,2,2,
1908,ORAL - B NEEM EXTRACT,General Groceries,150,150,
19081,CADBURY SILK ROAST ALMOND 143 GM,Chocolates,195,195,
19083,CADBURY 5 STAR 24 G,Chocolates,10,10,
19086,RAJA HERBAL KARUNJEERAGA POWDER 50GM,Powders,50,50,
1909,PARACHUTE JASMINE HAIR OIL 190ML,Shampoo,89,89,
19094,UDHAYA KRISHNA GHEE 200ML,Cooking Oil,198,198,
191,HM BAGS 4X6,General Groceries,115,115,
1910,TIDE DOUBLE POWDER LEMON & MINT 500G,Powders,69,69,
19101,DHEEPAM LAMP OIL 500ML,Cooking Oil,104,104,
19103,MOMS MAGIC CASHEW & ALMOND 56 G,Snacks,10,10,
19104,DOMEX SPARKLING FRESH 475 ML,Bathroom,102,102,
19105,BUCKET BIG,Bathroom,400,400,
19106,GOKULAM SEEDED DATES 250G,Snacks,107,107,
19107,SEVU,Snacks,10,10,
19109,POR MOCHAI 250GM,Dhall,42,42,
1911,OLAY NATURAL AURA INSTANT GLOWING CREAM,Soaps & Liquids,199,199,
19112,RAJA MARUTHANI LEAVES,General Groceries,45,45,
19113,RAJA KALACHIKAI 25GM,Shampoo,75,75,
19114,CINTHOL 150GM,Soaps & Liquids,62,62,
19115,RAJA NEELAVEMBU,General Groceries,60,60,
19116,RAJA KABASARA KUDINEER,General Groceries,75,75,
19117,DOMEX FLOOR CLEANER,Bathroom,120,120,
19118,TAGEO BLACK PHENYLE,Bathroom,66,66,
19121,SRI GANESH SPL BAJIRA FLOUR,Powders,43,43,
19122,GANESHA GRAM FLOUR 500G,Dhall,80,80,
19123,CINTHOL BLACK 100G,Soaps & Liquids,40,40,
19127,BRITANNIA GOODDAY CASHEW COOKIES 200GM,Cookies,50,50,
19128,BRITANNIA GOODDAY CASHEW 250GM,Biscuits,70,70,
1913,OLAY NATURAL AURA INSTANT GLOWING CREAM 20G,Soaps & Liquids,99,99,
19131,BRITANNIA GOODDAY PISTABADAM 200GM,Biscuits,55,55,
19132,BRITANNIA GOODDAY PISTABADAM 250GM,Biscuits,80,80,
19134,OM SHANTHI NAVIN SHINING POWDER,Powders,24,24,
19135,NAVIN SAMBIRANI,General Groceries,32,32,
19136,BLACK ROSE HAIRDYE 50GM,General Groceries,60,60,
19137,KARTHIKA HERBAL POWDER 180GM,Pooja Items,57,57,
19138,MANNA HEALTH MIX 600GM,General Groceries,279,279,
1914,OLD SPICE ORIGINAL 50ML,General Groceries,149,149,
19140,BISLERI WATER 5 LT,Beverages,68,68,
19141,GOKULAM BLACK SEEDED 200GM,General Groceries,100,100,
19143,GOKULAM BLACK DATES 250G+50G FREE,Snacks,160,160,
19147,HARIMA CARDAMOM POWDER,Powders,24,24,
19148,NAGA SAMBA RAVA 500GM,Powders,93,93,
19149,SAVORIT VERMICELLI 100GM,Powders,10,10,
1915,OLD SPICE MUSK 50ML 130RS,General Groceries,130,130,
19150,SAVORIT VERMICELLI 200GM,Powders,20,20,
19151,MTR GULABJAMUN BUY 1 GET 1 FREE,Powders,145,145,
19152,BADAM DRINK MIX 200GM,Snacks,125,125,
19153,SAVORIT ELBOW PASTA 500GM,Powders,60,60,
19154,SAVORIT SPIRAL PASTA 500GM,Powders,60,60,
19155,SAVORIT SHELL PASTA 500GM,Powders,60,60,
19156,GOKULAM SEEDLESS DATES 200GM.,Snacks,60,60,
19157,DHATHRI RAKTHA CHANDAN 3+1 FREE,Pooja Items,114,114,
19158,DHATHRI NEELIBHRINGADI KERAM,Soaps & Liquids,180,180,
19159,TPRG VARSHINI SAMBRANI CUPS,Pooja Items,76,76,
1916,OLD SPICE MUSK 100ML,General Groceries,249,249,
19160,DHATHRI DHEEDHI ANTI DANDRUFF SHAMPOO100ML,Shampoo,88,88,
19161,DHATHRI KASTHURIMANJAL POWDER 50GM,Powders,35,35,
19162,BRU RS 5/-,Beverages,5,5,
19163,BRU 10/-,Beverages,10,10,
19164,BRU RS 3/-,Beverages,3,3,
19165,COMFORT FABRIC BLUE 210ML,Soaps & Liquids,58,58,
19168,HAMAM PURE NEEM OIL SAVER PACK,Cooking Oil,216,216,
19169,HAMAM PURE NEEM OIL SAVER PACK 140/-,Cooking Oil,176,176,
19170,HORLICKS LITE BADAM 450GM,Snacks,294,294,
19172,LIFEBUOY CARE 100GM,Soaps & Liquids,40,40,
19174,LIFEBUOY NEEM AND ALOEVERA,Soaps & Liquids,40,40,
19176,RIN REFRESH 1KG,Soaps & Liquids,122,122,
19177,SENSODYNE FRESH GEL 40GM,Soaps & Liquids,85,85,
19178,SENSODYNE FRESH GEL 75GM,Soaps & Liquids,125,125,
1918,VICKS VAPORUB 50G 199RS,Soaps & Liquids,199,199,
19181,HIDE & SEEK CHOCOLATE CHIPS,Chocolates,30,30,
19184,LION KIMIA DATES 500G,Snacks,242,242,
19185,LION HEALTH MIX B1G1 250G,General Groceries,151,151,
19186,LION QYNO DATES 250G,Snacks,98,98,
19187,LION QYNO DATES 500G,Snacks,186,186,
1919,PANTENE LIVELY CLEAN 90ML,Shampoo,86,86,
1920,PANTENE HAIRFALL CONTROL 90ML,Shampoo,79,79,
19201,TPRG CHAARLEE ATTAR,Powders,40,40,
19209,CADBURY DAIRYMILK SILK HAZELNUT 54 G,Chocolates,98,98,
1921,ARIEL FRONT LOAD 1L,Soaps & Liquids,209,209,
19212,TPRG HARSHITHA INCENSE STICKS,Pooja Items,70,70,
19216,UG KOTTU PERUNGAYAM 20GM,Powders,23,23,
19232,HARIMA GREEN CHILLI SAUCE 680G,Powders,95,95,
19234,MAAZA 135ML,Beverages,10,10,
19235,APPLE 150ML,Vegetables,10,10,
19241,SUNSHINE JUICER,General Groceries,75,75,
19242,PANANGARKANDU 250GM,General Groceries,120,120,
19243,SIPPI PEN & BALL PEN 36G,Stationery,110,110,
19249,PIERRE CARDIN MONTE ROSA,General Groceries,200,200,
1925,TIDE MATIC FRONT LOAD 10RS,Soaps & Liquids,10,10,
19250,PIERRE CARDIN CASABLANCA BALL POINT PEN,Stationery,140,140,
19257,SOAP BOX .,Soaps & Liquids,20,20,
19263,VICKS 3 IN 1 MEDICATED CANDY,Chocolates,30,30,
19266,HEAD & SHOULDERS  ANTI DANDRUFF SHAMPOO,Shampoo,215,215,
19267,GILLETTE GUARD .,Soaps & Liquids,30,30,
19268,GILLETTE MACH 3,Soaps & Liquids,325,325,
1927,MAMYPOKO PANTS NB 8PANTS,Baby Items,99,99,
19270,MILAGU 500GM,Powders,360,360,
19271,MUNTHIRI 500GM,Pooja Items,525,525,
19273,SEERAGAM 500GM,Powders,300,300,
19274,KARUPPATTI 1KG,General Groceries,450,450,
19275,HEAD & SHOULDERS ANTI DANDRUFF SHAMPOO.,Shampoo,215,215,
19279,COURIER COVER,General Groceries,3,3,
1928,PAMPERS S 52 PANTS,Baby Items,749,749,
19281,TIDE DOUBLE POWER LEMON & MINT,Vegetables,138,138,
19282,TIDE BLUE BAR 10/-,Soaps & Liquids,10,10,
19283,ARIEL MATIC TOP LOAD 70 ML,Soaps & Liquids,10,10,
19285,ARIEL REMOVE  TOUCH STAINS IN 1 WASH 45 G,Soaps & Liquids,10,10,
19286,ARIEL COMPLETE 500+200GM,Soaps & Liquids,160,160,
19288,PEPSODENT G GUMCARE,Soaps & Liquids,65,65,
19289,PONDS STARLIGHT TALC 100GM,Soaps & Liquids,133,133,
1929,AUTO FLOW TIC-TOC FEEDING CUP,General Groceries,110,110,
19291,TRESEMME HAIRFALL DEFENSE,Shampoo,75,75,
19295,NESTLE LACTOGEN 3.,Baby Items,490,490,
19296,NESTLE KITKAT 10/-,Chocolates,10,10,
19297,MANTRA GROUNDNUT OIL 500ML.,Cooking Oil,113,113,
193,LAYERR SHOT DARK CHOCO 120ML,Chocolates,249,249,
1930,COLGATE PLAX FRESH MINT 100ML,Vegetables,88,88,
19300,HARIMA PACHAI KARPOORAM,Pooja Items,21,21,
19301,ARUN STRAWBERRY CHEESECAKE 100ML,Snacks,60,60,
19304,ARUN VANILLA 500ML,General Groceries,170,170,
19305,AACHI CHANNA MASALA 50GM,Powders,35,35,
19307,AACHI CHAAT MASALA 50GM,Powders,30,30,
19308,AACHI CORIANDER POWDER 100GM,Powders,28,28,
19309,AACHI EGG CURRY MASALA 50GM,Powders,30,30,
1931,MAMYPOKO PANTS L 10PANTS,Baby Items,199,199,
19310,AACHI NATTUKOZHI MASALA 50GM,Powders,31,31,
19311,AACHI TAMARIND RICE POWDER 50GM,Powders,23,23,
19314,CUTTER,General Groceries,30,30,
19316,YIN GUANG KNIFE,Household & Kitchen,7,7,
19317,MINTY KIDZ TOOTHBRUSH,Soaps & Liquids,30,30,
19318,MEERA HERBAL POWDER 150GM,Powders,120,120,
19319,MILKY MIST CHEESE,Beverages,150,150,
1932,COLGATE,Soaps & Liquids,180,180,
19322,NAVIN SAMBRANI,Pooja Items,72,72,
19323,IDHAYAM GINGELLY OIL 100ML.,Cooking Oil,44,44,
19324,IDHAYAM GINGELLY OIL 500ML,Cooking Oil,206,206,
19328,COLGATE STRONG TEETH 38GM,Soaps & Liquids,20,20,
1933,MAMYPOKO PANTS S 14PANTS,Baby Items,199,199,
19331,JATHIKAI,General Groceries,65,65,
19332,AACHI CUT MANGO PICKLE 200GM,Powders,84,84,
19333,AACHI GARLIC PICKLE 200GM,Powders,95,95,
19334,AACHI LIME PICKLE 200GM,Powders,84,84,
19335,AACHI CITRON PICKLE 200GM,Powders,89,89,
19339,LUXOR COLOUR MIX,Soaps & Liquids,10,10,
1934,SOFY ANTI BACTERIA XL 7PADS,Napkin,70,70,
19342,SUNDA VATHTHAL 250GM,General Groceries,150,150,
19343,SAVORIT LONG CUT VERMICELLI 200GM,Powders,20,20,
19344,THIRUPATHI OMA WATER,General Groceries,10,10,
19345,DAIRYMILK LIKABLES,Beverages,50,50,
1935,SOFY BODYFIT 7PADS,Napkin,32,32,
19350,POLYETHYLENE DISPOSABLE GLOVES,General Groceries,10,10,
19351,COLGATE CIBACA,Soaps & Liquids,27,27,
19353,SUDHA CRYSTAL SALT,Powders,15,15,
19356,KOVILPATTI SWEETCORN KADALAIMITTAI,Snacks,80,80,
1936,AUTO FLOW DELUXE FEEDING CUP,Soaps & Liquids,80,80,
19360,BRITANNIA WINKIN COW CHOCO,Chocolates,40,40,
19361,BRITANNIA WINKIN COW VANNILA,Biscuits,40,40,
19363,BRITANNIA WINKIN COW STRAWBERRY,Biscuits,40,40,
19367,BINGO NO RULZ CHEESE,Snacks,5,5,
19370,WHITE HORSE CASTOR OIL 1 LTR,Cooking Oil,220,220,
1938,MEERA NOTEBOOK 160 JUMBO RULED FLEXI,Stationery,80,80,
19388,NEXTAR BROWNIES,General Groceries,10,10,
19389,BISLERI WATER 2 LTR,Beverages,30,30,
1939,MEERA NOTEBOOK 160 TURBO RULED FLEXI,Stationery,70,70,
19392,FEVI KWIK RS5,General Groceries,5,5,
19397,PADMA PADHAM ROSE WATER 500ML,General Groceries,64,64,
19398,LOTUS MANJAL SAMBRANI,Pooja Items,120,120,
19399,TODAYS GHEE 1LITRE,Cooking Oil,895,895,
1940,MEERA NOTEBOOK 120 PHYSICS,Stationery,120,120,
19400,TODAYS GHEE 500ML,Cooking Oil,458,458,
19403,CAMLIN PERMANENT MARKER GREEN,Stationery,20,20,
19405,CAMLIN SCHOLAR MATHEMATICAL,General Groceries,140,140,
19407,CAMLIN BLACK PENCIL,Stationery,5,5,
1941,KIRAMBU 100GM,General Groceries,130,130,
19410,LEZING L343 FOUNTAIN PEN,Stationery,95,95,
19413,OCEAN FRUIT DRINK PINK GUAVA,Vegetables,40,40,
19414,OCEAN FRUIT DRINK MANGO & PASSION,Vegetables,40,40,
19415,OCEAN FRUIT DRINK CRISPY APPLE,Vegetables,40,40,
19416,HARIMA BAKING POWDER 50GM,Powders,27,27,
19418,PORNA MUSTARD OIL 500ML,Powders,115,115,
19419,HARIMA CHANA MASALA 100GM,Dhall,87,87,
19420,SAVORIT VERMICELLI 180GM,Powders,22,22,
19422,HARIMA BAKING POWDER 100GM,Powders,45,45,
19423,MTR VERMICELLI PAYASAM,Powders,80,80,
19428,APPY FIZZ 160 ML,General Groceries,10,10,
1943,MEERA NOTEBOOK 160 GRAND RHINO RULED BOUND,Stationery,130,130,
19431,RADO PREMIER CARDS,General Groceries,285,285,
19432,SAVORIT LONG -CUT VERMICELLI,Powders,10,10,
19433,PORNA MUSTARD OIL,Powders,49,49,
19434,GENERAL,General Groceries,10,10,
19435,SEERAGAM 25GM,Powders,15,15,
19436,LOTTE CHOCO PIE 168GM,Chocolates,90,90,
19439,AACHI CHETTINAD CHICKEN BIRYANI MASALA 50GM,Powders,42,42,
1944,MEERA NOTEBOOK 64 GRAND GRIPPO UNRULED,Stationery,48,48,
19440,VATHTHAL,General Groceries,10,10,
19441,PATTAI 10GM,Powders,12,12,
19442,OLIVIA FACE WASH 60ML,Soaps & Liquids,60,60,
19445,AACHI KASHMIRI CHILLI POWDER 100GM,Powders,110,110,
19446,AACHI KASHMIRI CHILLI POWDER 50GM,Powders,50,50,
19447,PERRYS CHOCO BUTTER COOKIES,Chocolates,90,90,
19449,BOOST 3X STAMINA 500GM,Beverages,295,295,
19453,AVT GOLD CUP,General Groceries,100,100,
19455,BUDDHA WAX MATCH BOX,Household & Kitchen,10,10,
19456,GILLETTE GUARD 12,Soaps & Liquids,12,12,
19458,TATA CHAKRA GOLD 10/-,General Groceries,10,10,
19459,AJINOMOTO 250GM,General Groceries,55,55,
19460,MINAR TONGUE CLEANER,General Groceries,5,5,
19462,MEENAKSI PAI APPALAM,Powders,40,40,
19467,APPALAM 50GM,Powders,18,18,
19469,PONDS MAGIC 50G,Soaps & Liquids,77,77,
19478,INIYA SEKKU GROUNDNUT OIL 1LTR,Cooking Oil,280,280,
19479,GANESH BAJRA FLOUR,Powders,38,38,
19481,SUNFEAST MARIE LIGHT  RS 10/-,Biscuits,9,9,
19484,MILKEE BADAM RUBY,Snacks,30,30,
19485,ODONIL ZIPPER PURPLE,Bathroom,65,65,
19487,CADBURY CHOCOBAKES CHOCOCHIP,Chocolates,35,35,
19489,CADBURY DAIRYMILK SILK FRUIT & NUT,Chocolates,214,214,
19490,CADBURY DAIRYMILK SILK 55 G,Chocolates,89,89,
19494,CADBURY DAIRYMILK SILK FRUIT & NUT .,Chocolates,98,98,
19495,PORIKADALAI 100 GM,Dhall,16,16,
19496,ENVELOPE COVER WHITE 10.5X4.5,Stationery,3,3,
19498,COOL DRINKS MANGO 10/-,Vegetables,15,15,
19499,GILLETTE GUARD 3 BLADE,Soaps & Liquids,70,70,
195,LAYERR SHOT PASSION 135ML,General Groceries,225,225,
1950,MEAL MAKER BIG 1 KG,Dhall,180,180,
19505,WHISPER ULTRA XL 20 PADS,Napkin,160,160,
19508,WHISPER CHOICE REGULAR 32/-,Napkin,32,32,
19509,PAMPERS ANTI RASH BLANKET,Baby Items,299,299,
19510,PAMPERS NEW BABY,Baby Items,199,199,
19512,SOMBU 1 KG,Powders,295,295,
19515,PISTA 50G,Snacks,195,195,
19516,SNICKERS 35/-,Chocolates,35,35,
19519,NOTEBOOK TURBO CHECKED 160PAGE MEERAA,Stationery,70,70,
19520,TOYS CANDY,Chocolates,10,10,
19528,ORBIT LEMON & LIME,Vegetables,5,5,
1953,MEAL MAKER SMALL 1KG,Dhall,150,150,
19530,GANESH GRAM FLOUR,Dhall,76,76,
19531,SLICE 350 ML,Beverages,20,20,
19534,COROS GROUNDNUT OIL 1 L,Cooking Oil,400,400,
19535,COROS SESAME OIL 500ML,Cooking Oil,295,295,
19536,COROS COCONUT OIL,Cooking Oil,289,289,
19537,KARUPPU ULUNTHAM PAYARU 250 GM,Dhall,35,35,
19538,UDAICHAL ULUNTHAM PARUPPU 250 GM,Dhall,40,40,
1954,CERALAC WHEAT RICE MIXED FRUIT,Vegetables,325,325,
19541,DEV TAPIOCACHIPS,Snacks,115,115,
19542,DEV POPCORN,Snacks,70,70,
19543,DEV MASALA POTATO CHIPS,Snacks,105,105,
19544,PENCIL NON-SHARP,Stationery,10,10,
19547,KAVIS COCONUT MILLET COOKIES,Cookies,40,40,
19553,MAMYPOKO PANTS S 38PANTS 399/-,Baby Items,399,399,
19556,MAMYPOKO PANTS L 7PANTS 99/-,Baby Items,99,99,
19559,MAMYPOKO PANTS XL 4 PANTS 75/-,Baby Items,75,75,
1956,BRITANNIA MARIE GOLD RS35,Biscuits,35,35,
19560,SOFY XXL 5 PADS 78/-,Napkin,78,78,
19568,SOFY BODYFIT XL 275 MM 6PADS,Napkin,35,35,
19573,AACHI MUTTON MASALA 100GM,Powders,62,62,
19576,VVV ANANDHAM BLACK SESAME SEED 50GM,Cooking Oil,26,26,
19577,VVV ANANDHAM WHITE SESAME SEED 50GM,Cooking Oil,24,24,
19578,BOUNTY 28.5GM,General Groceries,35,35,
1958,BRITANNIA PURE MAGIC RS40,Biscuits,40,40,
19584,DUKES WAFFY PINEAPPLE WAFERS,General Groceries,50,50,
19591,AACHI GARLIC PICKLE 50GM,Powders,10,10,
19594,AACHI GHEE 200ML,Powders,192,192,
19595,AACHI GHEE 500ML,Powders,463,463,
19596,AACHI VATHAKULAMBU RICE PASTE,Rice,109,109,
19598,AACHI LEMON RICE PASTE 200GM,Rice,105,105,
19599,AACHI TOMATO RICE PASTE 180GM,Rice,109,109,
1960,HIMALAYA TURMERIC FACE SERUM,Powders,499,499,
19600,LAXMAN REKHAA 45ML,General Groceries,75,75,
19601,BRITANNIA MARIE GOLD JEERA,Biscuits,10,10,
19603,POPPINS RS.2/-,Chocolates,2,2,
19613,MILKY MIST BUTTER SALTED,Powders,72,72,
19615,EXO ANTI BACTERIAL SOAP BUY 3 GET 1 FREE,Soaps & Liquids,30,30,
19617,JEERA CANDY 10/-,Chocolates,12,12,
19620,PARK AVENUE TEA TREE OIL SOAP,Beverages,70,70,
19621,PARK AVENUE COOL BLUE 125GM,General Groceries,70,70,
19623,PARK AVENUE SHEA BUTTER + COCONUT OIL .,Cooking Oil,70,70,
19625,PARK AVENUE DISCOVER 150ML,General Groceries,250,250,
19626,SHOWER TO SHOWER 50GM,General Groceries,50,50,
19627,GRB GHEE 1LRE.,Cooking Oil,862,862,
19628,ZANDU ULTRA POWER,Soaps & Liquids,48,48,
19629,PARACHUTE JASMINE HAIR OIL 45ML,Shampoo,20,20,
1963,JIL WHITE DETERGENT CAKE,Snacks,40,40,
19630,PAPER PLATE NO-7,Household & Kitchen,35,35,
19632,SEERAGAM 1KG,Powders,600,600,
19633,KNORR SWEET CORN VEG,Snacks,10,10,
19637,CLEAN & CLEAR FOAMING 150ML,General Groceries,165,165,
19642,GEKI HOT & SPICY 80GM,General Groceries,52,52,
19643,VVD GOLD 20ML,General Groceries,10,10,
1965,ZED BLACK CAMPHOR 10GM,Pooja Items,25,25,
19650,KNORR TOMATO CHATPATA,Vegetables,10,10,
19652,LION FIG IN HONEY,Snacks,472,472,
19653,BLACK ROSE HAIRDYE BLACK,General Groceries,12,12,
19656,PONVANDU SOAP RS.27/-,Soaps & Liquids,27,27,
19658,TAJ MAHAL TEA 250GM,Beverages,200,200,
19659,JETTA CUP SAMBRANI,Pooja Items,72,72,
1966,RAJA HERBAL VILVA LEAF,General Groceries,40,40,
19660,MURUGAA CUP SAMBRANI,Pooja Items,144,144,
19665,GOLDEN DASANGAM DHOOP STICKS,Pooja Items,24,24,
19666,COLGATE ZIG ZAG,Soaps & Liquids,30,30,
19668,JETTA GOLDEN ROSE DHOOP STICKS,Pooja Items,24,24,
1967,RAJA HERBAL NERUNJIL,General Groceries,50,50,
19670,GEKI HOT & SPICY,General Groceries,52,52,
19672,SHOWER TO SHOWER SUPER COOL,General Groceries,145,145,
19673,SHOWER TO SHOWER COLOGNE COOL,General Groceries,145,145,
19674,SHOWER TO SHOWER COLOGNE COOL 50GM,General Groceries,50,50,
19675,TPRG HEAVEN ATTAR 3ML,Powders,40,40,
19676,COLGATE SUPER FLEXI,Soaps & Liquids,20,20,
19677,DABUR RED TOOTH POWDER 150GM,Powders,99,99,
19679,DHATHRI ALOE VERA BEAUTY GEL,General Groceries,55,55,
19680,DHATHRI ALOE VERA BEAUTY GEL 100GM,General Groceries,100,100,
19681,DHEEDHI ANTI HAIR FALL SHAMPOO,Shampoo,98,98,
19682,DHATHRI CHEMPARATHI THAALI 100ML,Pooja Items,70,70,
19683,DHATHRI DHEEDHI DAILY HERBAL SHAMPOO,Shampoo,98,98,
19684,DHATHRI AYURVEDIC TOOTHPASTE 45GM,Soaps & Liquids,20,20,
19685,DHATHRI HAIR CARE PLUS HERBAL OIL,General Groceries,360,360,
19687,DHATHRI KASTHURIMANJAL POWDER 100GM,Powders,65,65,
19688,DHATHRI ROSE WATER,General Groceries,50,50,
19689,AACHI CHICKEN FRY MASALA 50GM,Powders,20,20,
19690,AACHI RASAM POWDER 50GM,Powders,38,38,
19691,MAGGI 2MINUTE NOODLES  140G,Powders,28,28,
19692,MAGGI 2 MINUTE NOODLES 280GM,Powders,56,56,
19695,HIMALAYA BABY POWDER 100GM,Baby Items,140,140,
19697,CADBURY DAIRYMILK FAMILY PACK,Chocolates,98,98,
19698,REYNOLDS  GEL PEN 5/-,Stationery,7,7,
19699,SUDHARANI  SEVU,Snacks,70,70,
197,ALPENLIEBE CARAMEL TOFFEE RS.10/-,Chocolates,10,10,
19700,SUDHARANI CORNS CHIPS.,Snacks,50,50,
19701,SUDHARANI MIXTURE,Snacks,70,70,
19702,SUDHARANI KARAPUNTHI,General Groceries,60,60,
19703,FOGG SULTAN 30ML,General Groceries,170,170,
19704,FOGG TYCOON,General Groceries,170,170,
19705,FOGG CZAR,General Groceries,170,170,
19706,SINGH HENNA 10/-,Pooja Items,10,10,
19707,FOGG PRINCE,Soaps & Liquids,170,170,
19708,WHITE TONE FACE CREAM 25GM,Soaps & Liquids,75,75,
19709,WHITETONE FACE POWDER 30GM,Powders,65,65,
1971,RAJA HERBAL VETTIVER,General Groceries,40,40,
19710,OSSUM WITH AQUA PLEASURE,General Groceries,275,275,
19713,OSSUM DELIGHT,General Groceries,275,275,
19714,FOGG IMPERIAL,General Groceries,225,225,
19716,FOGG DASH 120ML,General Groceries,225,225,
19717,FOGG MAJESTIC 120ML,General Groceries,225,225,
19718,FOGG NAPOLEON,General Groceries,225,225,
19720,CADBURY OREO CHOCO SANDWICH,Chocolates,35,35,
19721,CADBURY OREO CHOCO CREAM,Chocolates,35,35,
19725,V CARE SHAMPOO HAIR COLOR,Shampoo,99,99,
19727,V CARE SKIN WHITENING SOAP 100GM,Soaps & Liquids,114,114,
19730,ANIVA MANGO WHEY DRINK,Vegetables,10,10,
19732,PIERRE CARDIN FOUNTAIN PEN,Stationery,60,60,
19733,ASK KADALAIMITTAI RS.25/-,Dhall,30,30,
19737,LAYERR SHOT ULTMA,General Groceries,225,225,
19738,LAYERR SHOT SPORTY,General Groceries,239,239,
19739,LAYERR SHOT IMPERIAL,General Groceries,225,225,
19740,LAYERR SHOT DYNAMIC,General Groceries,239,239,
19742,SUGAR 100GM,Powders,15,15,
19743,KOLO CHOKY RS.5/-,General Groceries,5,5,
19744,KOLO CHOKY RS.10/- PINK,General Groceries,10,10,
19745,KOLO CHOKY  RS.10/-,General Groceries,10,10,
19747,OM SHANTHI COTTON WICKS,General Groceries,15,15,
19748,AACHI MIXED FRUIT JAM,Snacks,25,25,
19750,NAGA SOOJI RAVA 200GM,Powders,22,22,
19759,BAMBINO VERMICELLI 500GM,Powders,51,51,
1976,BRITANNIA 50 50 CHILLI,Biscuits,10,10,
19761,MERIBA WATER 1LTR,General Groceries,20,20,
19762,SUKKU 100 GM,General Groceries,70,70,
19763,MUNTHIRI (MULLU )100 GM,Pooja Items,120,120,
19768,PARLE HIDE & SEEK MILANO,Biscuits,40,40,
19769,PARLE HIDE & SEEK BLACK BOURBON,Biscuits,10,10,
1977,CLINIC PLUS ANTI DANDRUFF SHAMPOO 80ML,Shampoo,76,76,
19771,CANDYMAN CHOCO DOUBLE ECLAIRS,Chocolates,1,1,
19772,MANGALDEEP TREYA CUP SAMBRANI,Pooja Items,75,75,
19773,MANGALDEEP 3 IN 1,Pooja Items,100,100,
19774,MAN ENGAGE MATE,General Groceries,80,80,
19775,MAN ENGAGE INTRIGUE,General Groceries,80,80,
19776,BINGO HASHTAGS CREAM & ONION,Snacks,10,10,
19777,AASHIRVAAD MP ATTA 2KG,Powders,116,116,
19778,PADMA PADHAM POOJA VILLAI,Pooja Items,44,44,
1978,B NATURAL MANGO RS 10,Vegetables,10,10,
19782,MONSTER ENERGY,General Groceries,125,125,
19783,PREDATOR ENERGY,General Groceries,50,50,
19786,TPRG KASTHOORI MANJAL 50GM,General Groceries,28,28,
19788,TPRG MUSK ATTAR 3ML,Powders,40,40,
19789,TPRG BISCUIT ATTAR 3ML,Biscuits,40,40,
19790,TPRG MARIKOLUNTHU ATTAR,Powders,40,40,
19796,OREO  STRAWBERRY CREME,Biscuits,10,10,
19797,KIMIA DATES,Snacks,275,275,
19799,PRINCY NIPPLE S,Baby Items,40,40,
198,CENTER FRESH MINT RS.10/-,Chocolates,10,10,
1980,CHIK HAIRFALL PREVENT EGG WHITE SHAMPOO,Shampoo,1,1,
19800,PRINCY NIPPLE M,Baby Items,40,40,
19801,PRINCY NIPPLE X,Baby Items,40,40,
19803,ARIEL COMPLETE + SEMI AUTO & HAND WASH,Soaps & Liquids,99,99,
19804,PANTENE 2 IN 1 SHAMPOO CONDITIONER,Shampoo,229,229,
19805,ORAL - B CRISSCROSS,General Groceries,50,50,
19806,GILLETTE GUARD 3 BLADES .,Soaps & Liquids,33,33,
19807,GILLETTE GUARD WITH PLATINUM COATING,Soaps & Liquids,60,60,
19808,GOLD WINNER 5L,Cooking Oil,985,985,
19809,CADBURY OREO CHOCO SANDWICH BISCUIT,Chocolates,10,10,
1981,KARTHIKA HERBAL POWDER RS2,Pooja Items,2,2,
19810,HALDIRAMS MOONG DAL 35GM,Dhall,10,10,
19812,FIGO COLOURED PENCILS,Stationery,15,15,
19815,FIGO 0.5MM LEADS,General Groceries,5,5,
19816,FIGO SUPER JUMBO,General Groceries,12,12,
19817,NISSIN TOP RAMEN,General Groceries,10,10,
19818,CAMLIN FINE TIP PERMANENT MARKER,Stationery,10,10,
19819,FIGO WING CORRECTION PEN,Stationery,10,10,
19820,FIGO LONG JUMBO CARTRIDGE,General Groceries,100,100,
19821,LIFEBUOY GERM GUARD,Soaps & Liquids,10,10,
19822,LIFEBUOY WITH NEEM & ALOE,Soaps & Liquids,42,42,
19823,BADHAM 1 KG,Snacks,1250,1250,
19824,TUTI FRUTI 250GM,General Groceries,70,70,
19825,TRUFFLE CHOCO,Chocolates,5,5,
19826,TRUFFLE HAZELNUT,Chocolates,5,5,
19827,SUNPURE HEART SUNFLOWER OIL 2 LTR,Cooking Oil,360,360,
19828,SUNPURE HEART SUNFLOWER OIL 5 LTR,Cooking Oil,950,950,
19829,CORAZON CANDY,Chocolates,100,100,
1983,MEERA HAIRFALL CARE SHAMPOO RS2,Shampoo,2,2,
19830,YARDLEY GENTLEMAN TALC 50GM,Soaps & Liquids,72,72,
19832,YARDLEY LACE TALC 150ML,Soaps & Liquids,225,225,
19833,YARDLEY SATIN,General Groceries,225,225,
19834,SAARAL AMLA VITA CANDY,Chocolates,190,190,
19835,YARDLEY SHOWER GEL IRIS & VIOLET,Soaps & Liquids,225,225,
19836,YARDLEY LAVENDER HANDWASH,General Groceries,90,90,
19837,YARDLEY IMPERIAL JASMINE,General Groceries,80,80,
19838,EXCELLENCE ASSORTED TOFFEES,Chocolates,100,100,
19839,BUTTER TOFFEE MILK,Chocolates,100,100,
1984,KARTHIKA DRYNESS SHIL SHA RS1,Pooja Items,1,1,
19840,SAPPHIRE SECRETS DELUXE TOFFEES 150 UNITS,Chocolates,150,150,
19847,SUNFEAST BADAM MILKSHAKE,Biscuits,40,40,
19849,PRIL LIME GREASE FIGHTER LIQUID,General Groceries,10,10,
1985,KARTHIKA HAIRFALL SHAMPOO RS1,Pooja Items,1,1,
19850,EVA URBANE,General Groceries,160,160,
19851,EVA FRESH,General Groceries,160,160,
19853,EVA WILD,General Groceries,160,160,
19854,EVA GROOVE,General Groceries,160,160,
19855,EVA DOLL,General Groceries,160,160,
19856,HENKO MATIC LIQUID,Soaps & Liquids,10,10,
19857,HARPIC 10X MAX CLEAN,Bathroom,195,195,
1986,MEERA HERBAL POWDER RS4,Powders,4,4,
19862,ANNAI SEEDLESS DATES,Snacks,86,86,
19863,ANNAI SEEDED DATES,Snacks,110,110,
19865,SUNFEAST FARMLITE,Biscuits,20,20,
19866,SUNFEAST BOUNCE CHOCO CREME,Chocolates,5,5,
19868,DARK FANTASY CHOCO FILLS 9 GM,Chocolates,5,5,
19869,HERSHEYS KISSES ALMONDS,Chocolates,65,65,
1987,SEERAGA SAMBA 1KG,Rice,160,160,
19870,HERSHEYS KISSES,Chocolates,70,70,
19871,ALPENLIEPE JUST JELLY,General Groceries,1,1,
19875,BRITANNIA 5050 SWEET & SALTY,Biscuits,10,10,
1988,CHIK THIK GLOSSY SHAMPOO,Shampoo,1,1,
19881,MEENAKSHI APPALAM 200GM NO.2,Powders,70,70,
19882,MEENAKSHI APPALAM 250GM NO.3,Powders,70,70,
19883,COOL DRINKS GREEN LEMON 10/-,Vegetables,15,15,
19884,MEENAKSHI APPALAM 150GM NO.4,Powders,60,60,
19885,LUX EVEN TONED GLOW,Soaps & Liquids,10,10,
19886,PARODONTAX DAILY FLUORIDE 75G,General Groceries,125,125,
19887,PARODONTAX ULTRA CLEAN 75G,General Groceries,111,111,
19889,CADBURY DAIRYMILK SILK HAZELNUT.,Chocolates,220,220,
1989,INDICA NATURE BLACK HAIR COLOR,Shampoo,21,21,
19891,LEMON TANG,Beverages,140,140,
19893,AVT PREMIUM TEA 100GM,Beverages,40,40,
19895,KVK THEIN MITTAI,General Groceries,30,30,
19898,CAMLIN CORRECTION PEN,Stationery,30,30,
19899,KVK MILAGAI MUTTAI3,General Groceries,30,30,
19900,SUDHARANI POTATO CHIPS,Snacks,50,50,
19901,SUDHARANI IDLY MURUKKU,Snacks,50,50,
19902,SUDHARANI ANDRAMURUKKU,Snacks,70,70,
19903,SUDHARANI SEEVAL,General Groceries,70,70,
19904,AVT PREMIUM LEAF TEA,Beverages,50,50,
19905,SUDHARANI MASALKADALAI,Dhall,50,50,
19907,EVA BLUSH DEO,General Groceries,160,160,
19908,EVA DEW,General Groceries,160,160,
1991,SEERAGA SAMBA 25KG,Rice,95,95,
19910,EVA FLIRT DEO,General Groceries,160,160,
19911,EVA SWEET DEO,Snacks,180,180,
19917,MALKIST CHEESE RS 25 /-,General Groceries,30,30,
19919,AMRUTANJAN RS2/-,Soaps & Liquids,2,2,
1992,B NATURAL MIXED FRUIT DRINK,Vegetables,10,10,
19923,GLUCORADE MIX FRUIT RS 10/-,Vegetables,10,10,
19924,GLUCORADE MINT RS 10/-,Vegetables,10,10,
19925,GLUCORADE ORANGE RS10/-,Vegetables,10,10,
19928,GLUCOSE-D 250 G,General Groceries,65,65,
19929,TODAYS GHEE 200ML,Cooking Oil,190,190,
19931,MAMYPOKO PANTS L 20 P,Baby Items,399,399,
19937,REYNOLDS 045,General Groceries,10,10,
19938,VENDHAYAM 50GM,General Groceries,10,10,
1994,MANGALDEEP SANDAL RS 10,Pooja Items,10,10,
19940,AROKYA CURD 200GM,Beverages,15,15,
19941,MEERA SMALL ONION ANTI DANDRUFF SHAMPOO,Shampoo,84,84,
19942,ACT II BUTTER DELITE 63G,General Groceries,35,35,
19948,COCA COLA 2.25L,Beverages,100,100,
1995,LOTTE ECLAIRS CHOCO RS50,Chocolates,50,50,
19955,GOLD WINNER SUNFLOWER OIL 1L,Cooking Oil,202,202,
19956,LION DESERTKING DATES 250GM,Snacks,133,133,
19957,LION DESERTKING DATES 500GM,Snacks,261,261,
19958,NABATI WAFER PINK LAVA.,General Groceries,10,10,
19961,NIPPO GOLD UM3DG AA BATTERY,Household & Kitchen,17,17,
19962,BANJARAS MULTANI MITTI ORANGE,Vegetables,60,60,
19967,MERIBA WATER 2 L,General Groceries,35,35,
19968,MERIBA WATER 500 ML,General Groceries,10,10,
19969,SRI MEENAKSHI RED KUMKUM,Pooja Items,30,30,
19978,CASHEW CANDY,Chocolates,30,30,
1998,LOTTE COFFY BITE 190 G,Biscuits,50,50,
19980,BANJARAS ALOEVERA GEL,General Groceries,100,100,
19981,BANJARAS CUCUMBER GEL,General Groceries,110,110,
19982,BANJARAS PREMIUM ROSE WATER,General Groceries,30,30,
19983,BANJARAS ROSE WATER 250ML,General Groceries,80,80,
19984,WINKIES SANDWICH CHOCOLATE CAKE,Chocolates,9,9,
19986,DARK FANTASY CHOCO FILLS.,Chocolates,40,40,
19988,NIMYLE HERBAL FLOOR CLEANER,Bathroom,40,40,
19989,NIMYLE HERBAL FLOOR CLEANER 500ML,Bathroom,95,95,
19990,NIMYLE POWER 125ML,General Groceries,20,20,
19994,TASTY TASTY ASAFOETIDA 20GM,Powders,36,36,
19996,STUMPER BALL,General Groceries,40,40,
19998,NAGA IDIYAPPAM FLOUR 500GM,Pooja Items,52,52,
19999,TAGEO CLEAN SHINE,General Groceries,42,42,
2,WASHING BRUSH PALMEX,General Groceries,4.5,4.5,
20,LION DATES JAM WITH MANGO BUY 1 GET 1,Snacks,76,76,
2000,LOTTE COCONUT PUNCH RS100,Vegetables,100,100,
20002,MOUNTAIN DEW 750ML,General Groceries,40,40,
20009,SOFTOUCH FC ROYAL PERFUME 18ML,General Groceries,4,4,
2001,PACHARISI IR 1 KG,General Groceries,52,52,
20011,GOKUL SANTOL 300GM,General Groceries,236,236,
20012,TOWNBUS MOONG DAL,Dhall,65,65,
20013,TOWNBUS MADRAS MIXTURE,Snacks,55,55,
20015,DEV MULLU MURUKKU,Snacks,105,105,
20016,DEV ROASTED PEANUT,General Groceries,105,105,
20017,DEV SWEET BANANA CHIPS,Snacks,180,180,
20018,HIMALAYA PRICKLY HEAT BABY POWDER,Baby Items,120,120,
20021,COLATE MAX FRESH TEA,Beverages,60,60,
20022,AACHI CHICKEN MASALA 100GM,Powders,46,46,
20026,AACHI SEMIYA PAYASAM,Powders,12,12,
20027,ROJA MARK GHEE 100ML,Cooking Oil,99,99,
2003,LOTTE COCONUT PUNCH RS5,Vegetables,5,5,
20030,GOKULAM DATES SEEDLESS DATES,Snacks,98,98,
20031,GOKULAM SEEDLESS DATES 100GM,Snacks,34,34,
20034,GOKULAM DATES BLACK DATES 500GM,Snacks,242,242,
20035,BADAM 500GM,Snacks,700,700,
20038,CADBURY OREO CHOCO CREAME BISCUIT,Chocolates,30,30,
2004,LOTTE CARAMILK RS5,Beverages,5,5,
20048,OLD SPICE 130/,General Groceries,130,130,
20050,LUVLAP STEEL FEEDING BOTTLE PINK,Baby Items,599,599,
20056,GEKI HOT & SPICY..,General Groceries,52,52,
20061,AASHIRVAAD DOUBLE ROASTED SUJI RAVA,Powders,49,49,
20063,FOOD STUDIO PISTACHIO,Snacks,425,425,
20064,BADHAM 250 GM,Snacks,225,225,
20065,TONGUE CLEANER SS,General Groceries,5,5,
20066,TUTI FRUTI 2 PCS,General Groceries,30,30,
20068,GIFT PAPER,General Groceries,10,10,
20072,DOVE ANTI DANDRUFF SHAMPOO,Shampoo,2,2,
20073,KRAZY LINES INSECT KILLER LAVENDER,General Groceries,120,120,
20077,DETTOL COOL 75GM,Soaps & Liquids,42,42,
2008,FAIR & GLOW LOVELY FACEWASH,General Groceries,30,30,
20080,LUVLAP BUNNY RABBIT FOOD & FRUIT NIBBLER,Vegetables,209,209,
20081,LUVLAP JOY STAR FOOD & FRUIT NIBBLER,Vegetables,199,199,
20085,MOOD WYLD,General Groceries,220,220,
20087,PONDS BRIGHT BEAUTY,Soaps & Liquids,80,80,
20088,POWER UNIVERSAL,General Groceries,102,102,
20089,COLGATE MAX FRESH,Soaps & Liquids,20,20,
2009,HAMAM TURMERIC SCRUB SOAP,Powders,45,45,
20091,FAIR & LOVELY ADV MULTI VITAMIN,Soaps & Liquids,65,65,
20092,ANCHOR EXCEL TOOTHBRUSH,Soaps & Liquids,14,14,
20094,ANCHOR TOOTHPASTE 200GM,Soaps & Liquids,95,95,
20095,MANTRA GROUNDNUT OIL 2 LITRE,Cooking Oil,459,459,
20096,MANTRA GROUNDNUT OIL 1 LITRE,Cooking Oil,225,225,
20099,A4 LEAF COVER,General Groceries,10,10,
2010,LAKME EYECONIC KAJAL,General Groceries,199,199,
20100,KALPASI 25 GM,General Groceries,30,30,
20101,COMFORT DESIRE RS 4/-,Soaps & Liquids,4,4,
20102,MOTHERS PLUS HORLICKS 500G,Beverages,620,620,
20103,IODEX 4G RS 15/-,Soaps & Liquids,15,15,
20105,DOZO POWER WASH,General Groceries,5,5,
20106,DOZO POWER WASH 145 GM,General Groceries,10,10,
2011,KELLOGGS CORN FLAKES 120G,Powders,60,60,
20110,PRIL LIME GREASE FIGHTER,General Groceries,125,125,
20112,JELLOS CHOCO WITH VANILLA,Chocolates,5,5,
20116,KVK SWEETS & SNACKS,Snacks,30,30,
20117,AASHIRVAAD SAMBA BROKEN WHEAT,General Groceries,78,78,
20119,REYNOLDS TRI MAX,General Groceries,60,60,
2012,KELLOGGS CORN FLAKES 250G,Powders,120,120,
20120,RAJA HERBAL ALMON GUM 50G,Stationery,45,45,
20121,CHIA SEEDS,General Groceries,60,60,
20122,SALIA SEEDS,General Groceries,40,40,
20123,RAJA SAKTHI TOOTH POWDER,Powders,40,40,
20129,MAGGI 2 MINUTE NOODLES,Powders,50,50,
2013,PONDS AGE MIRACLE,Soaps & Liquids,129,129,
20132,DAIRY MILK ROAST ALMOND 36G,Chocolates,49,49,
20134,KAMALA KASTHURI MANJAL,General Groceries,42,42,
20135,DAIRY MILK FRUIT&NUT 36G,Chocolates,49,49,
20136,VASELINE 20 G,Soaps & Liquids,57,57,
2014,PONDS DREAMFLOWER 18 GM,Soaps & Liquids,10,10,
20144,PARLE BLACK BOURBON,Biscuits,10,10,
20149,DESKDECO 1 TAPE DISPENSER,Stationery,225,225,
20152,HIMALAYA ANTI DANDRUFF COOLING MINT 180ML,Vegetables,165,165,
20153,TIDE WHITE 30/-,Soaps & Liquids,30,30,
20154,FARMLITE DIGESTIVE,General Groceries,20,20,
20158,BRIT GOBBLES MARBLE CAKE VANILLA CHOCO,Chocolates,10,10,
20159,BRIT GOBBLES RED VELVET,General Groceries,10,10,
2016,PONDS DREAMFLOWER PINK LILLY,Soaps & Liquids,110,110,
20164,TEA GLASS,Beverages,12,12,
20165,SMOODH TOFFEE CARAMEL 80ML,Chocolates,10,10,
20167,MAGGI 2 MINUTE NOODLES .,Powders,82,82,
20168,BALIAN MACARONIC PASTA 250 GM,Powders,25,25,
2017,GOKUL SANTOL POWDER 140G,Powders,125,125,
20172,NESTLE NESTUM RICE VEGETABLES 300GM,Baby Items,219,219,
20173,NESTLE CERELAC MULTIGRAIN DAL VEG.,Baby Items,330,330,
20175,NESCAFE SUNRISE 10/-,Beverages,10,10,
20177,NESTLE CERELAC MULTIGRAIN & FRUITS,Baby Items,330,330,
20181,PEPSODENT 45 GM,Soaps & Liquids,20,20,
20182,ARIEL POWDER RS10/-,Powders,10,10,
20183,HARIMA COCONUT MILK POWDER 50G,Powders,55,55,
20184,HARIMA PANI PURI MASALA MIX 50 G,Powders,45,45,
20185,ADUKU MALLI IDLY RICE 26 KG,Rice,1250,1250,
20186,SUDHARANI NENDHIRAM CHIPS,Snacks,50,50,
20187,HARIMA VANILLA DARK ESSENCE,General Groceries,40,40,
20188,HARIMA BAKING SODA 100GM,Beverages,40,40,
20190,HARIMA ROSE ESSENCE 20ML,General Groceries,40,40,
20192,COROS SESAME OIL 1 LTR,Cooking Oil,578,578,
20196,KADALA MAVUU 100 GM,General Groceries,10,10,
20198,KADALA MAVUU 250GM,General Groceries,25,25,
202,HORLICKS MILLET CHOCOLATE 400G,Chocolates,239,239,
2020,PONDS DREAMFLOWER PINK LILLY 200GM,Soaps & Liquids,260,260,
20201,BRIT MARIE GOLD,Biscuits,5,5,
20203,Lakme sun expert,General Groceries,225,225,
20205,AACHI TURMERIC RS 10/-,Powders,10,10,
20207,MILKY MIST PIZZA CHEESE MOZZARELLA,Beverages,170,170,
20208,CINTHOL BLACK 40G,Soaps & Liquids,10,10,
20209,OLIVE OIL 100 ML,Cooking Oil,180,180,
2021,PONDS MAGIC TALC,Soaps & Liquids,10,10,
20210,MAHIMAI PUSU MANCHAL 100G,General Groceries,62,62,
20211,SUNLAND SUNFLOWER OIL 1LTR,Cooking Oil,164,164,
20212,CORN FLOOR 250 GM,General Groceries,25,25,
20213,V CARE GOAT MILK WHITE SOAP.,Beverages,69,69,
20216,ACHU VELLAM 100 GM,Powders,10,10,
20217,PORI 1 KG,General Groceries,100,100,
20219,DAIRY HOUSE VANILA 60ML,General Groceries,10,10,
2022,EXO SCRUB 10RS,General Groceries,10,10,
20221,BEJAY VARAGU RICE,Rice,75,75,
20223,BEJAY KARUPPU KAVUNI RICE,Rice,200,200,
20227,ANNACHI POO 20GM,General Groceries,25,25,
20228,CADBURY OREO CHOCO CREME,Chocolates,10,10,
2023,CINTHOL ORIGINAL 75G,Soaps & Liquids,35,35,
20231,NIPPO GOLD,General Groceries,17,17,
20232,BRIT TOASTEA RUSK,Biscuits,10,10,
20233,OLIVIA HAIR SERUM 25ML,General Groceries,65,65,
20234,BINGO CHILLI CHIPS.,Snacks,10,10,
20235,PATTAI 20GM,Powders,12,12,
20239,ORANGE TANG RS.5/-,Beverages,5,5,
2024,CINTHOL LIME 100G,Soaps & Liquids,40,40,
20241,MANGO TANG,Beverages,30,30,
20242,ORANGE TANG RS.30/-,Beverages,30,30,
20243,LEMON TANG RS.30/-,Beverages,26,26,
20245,BASMATHI 500G,General Groceries,80,80,
20247,HATSUN BUTTER MILK,Beverages,10,10,
20248,GOPAL TOOTH POWDER JAR,Powders,15,15,
20249,SNICKERS BERRY WHIP  30/-,Chocolates,30,30,
20250,SOODAM 5/-,General Groceries,5,5,
20254,MILAGU 25G,Powders,28,28,
20255,KASA KASA 25G,General Groceries,450,450,
20256,ODONIL ROOMGELZ CITRUS 75 G,Bathroom,80,80,
20259,COMFORT ANTI BACTERIAL,Soaps & Liquids,60,60,
20261,LUX EVEN TONED GLOW.,Soaps & Liquids,38,38,
20264,VIM RS.15/-,General Groceries,15,15,
2027,HIT RED FRESH FRAGNANCE 200ML,General Groceries,105,105,
20270,MARIO MILK RUSK 150GM,Biscuits,20,20,
20275,OLIVIA ALOE VERA GEL,General Groceries,60,60,
20276,VVD LITE PURE COCONUT OIL 500ML,Cooking Oil,172,172,
20277,VVD GOLD COCONUT OIL 250ML,Cooking Oil,70,70,
20279,NYLON ROPE 12 MTRS,Powders,75,75,
2028,HIT BLACK 200ML,General Groceries,120,120,
20282,VICKS VAPORUB  25ML VP,Soaps & Liquids,109,109,
20284,GILLETTE MACH3 CHARCOAL,Soaps & Liquids,325,325,
20285,WHISPER XXL 6P,Napkin,50,50,
20286,ARIEL MATIC FL 50 ML,Soaps & Liquids,10,10,
20288,ARIEL COMPLETE 1KG +500G FREE,Soaps & Liquids,342,342,
20289,SELVAM MANGO PICKLE 100GM,Powders,32,32,
2029,PONDS SANDAL 300GM,Soaps & Liquids,415,415,
20290,SELVAM LEMON PICKLE 100GM,Powders,32,32,
20291,SELVAM CITRON PICKLE 100GM,Powders,32,32,
20292,SELVAM GARLIC PICKLE 200GM,Powders,102,102,
20293,SELVAM MIXTURE PICKLE 100GM,Snacks,31,31,
20294,DARK FANTASY BOURBON,Biscuits,10,10,
20299,CONTINENTAL XTRA 2/-,General Groceries,2,2,
203,MAGGI 2 MINUTE NOODLES 70G..,Powders,60,60,
20303,LIRIL LIME&TEA TREE OIL 100G,Beverages,39,39,
20308,BINGO HASHTAGS,Snacks,10,10,
2031,SUNSILK THICK LONG,Shampoo,164,164,
20310,BRITANNIA BISCAFE,Biscuits,10,10,
20311,TODAYS GHEE 100ML,Cooking Oil,98,98,
20318,FAIR & LOVELY,Soaps & Liquids,10,10,
20319,SUDHARANI MURUKKU,Snacks,50,50,
2032,SET WET STYLING GEL,General Groceries,50,50,
20321,TPRG MARIKOLUNTHU ATTAR 6ML,Powders,77,77,
20322,COM RS10,General Groceries,10,10,
20323,TPRG SANDAL ATTAR 6ML,Powders,77,77,
20324,A & M TASTY MASALA,Powders,12,12,
20331,SWIS TRUFFLES STRAWBERRY,Chocolates,5,5,
2034,VASELINE DEEP MOISTURE 45ML,Soaps & Liquids,45,45,
20340,SOMETHING MAT,General Groceries,55,55,
20346,BANANA CHIPS OIL,Snacks,38,38,
20347,GOKUL SANDAL SOAP,Soaps & Liquids,40,40,
20349,JYO STAIN REMOVER 500ML,General Groceries,100,100,
2035,IMI PLASTIC 4 CONTAINER SET,Household & Kitchen,299,299,
20350,JYO STAIN REMOVER 1000ML,General Groceries,150,150,
20351,OREO,Biscuits,30,30,
20353,BOOMER STRAWBERRY FLAVOUR,Chocolates,10,10,
20354,MEENATCHI APPALAM 150GM,Powders,60,60,
20356,SKC COW GHEE 500ML,Cooking Oil,485,485,
20358,SUNFEAST GLUCOSE BISCUIT,Biscuits,4.5,4.5,
2036,HIT CHALK,Stationery,18,18,
20360,MOOV 35 GM,Soaps & Liquids,180,180,
20361,SENSODYNE FRESH MINT 150GM,Vegetables,252,252,
20362,SMOODH  CHOCOLATE,Chocolates,10,10,
20363,BANJARAS ROSE WATER 120ML,General Groceries,50,50,
20364,BANJARAS BLACK HENNA 50GM,Pooja Items,100,100,
20365,BANJARAS BLACK HENNA HIBISCUS HENNA,Pooja Items,70,70,
2037,GOOD KNIGHT MAHA JUMBO COIL...,Bathroom,40,40,
20373,SURF EXCEL 10RS,Soaps & Liquids,10,10,
2038,WHISPER CHOICE ALOE COTTONY SOFT 42MRP,Napkin,48,48,
2039,AACHI LIME PICKLE 100G,Powders,47,47,
20393,LIA LAVENDER ROOM FRESHNER.,General Groceries,169,169,
20394,ARUN VANILLA 250ML,General Groceries,90,90,
20395,MUNTHIRI 25G,Pooja Items,25,25,
20397,KARUPU SUNDAL 1KG,Dhall,10,10,
204,MAGGI 2 MINUTE NOODLES 140G..,Powders,30,30,
2040,AACHI CUT MANGO PICKLE 100G,Powders,50,50,
20401,CASTILA SPANISH WINE,General Groceries,400,400,
20402,DHEEPAM LAMP OIL 200ML,Cooking Oil,72,72,
20403,KISSAN MIXED FRUIT 200GM,Vegetables,90,90,
20404,BANJARAS BLACK HENNA 50GM.,Pooja Items,70,70,
20405,BANJARAS MULTANI MITTI FACE PACK,General Groceries,50,50,
20406,BANJARAS MULTANI MITTI PAPAYA FACE PACK,General Groceries,60,60,
20407,BANJARAS MULTANI MITTI SANDAL,General Groceries,60,60,
20410,VELLAI SUNDAL 500GM,Dhall,75,75,
20412,AGALVILAKU GHEE,Pooja Items,5,5,
20413,HERSHEYS  ALMOND FLAVOUR,Chocolates,40,40,
20414,HERSHEYS STRAWBERRY FLAVOUR,Chocolates,40,40,
20415,HERSHEYS VANILLA FLAVOUR,Chocolates,40,40,
20416,HERSHEYS MILK SHAKE CHOCOLATE FLAVOUR,Chocolates,40,40,
20417,HERSHEYS  COOKIES N CREME FLAVOUR,Chocolates,40,40,
20419,LEVI PET SMILE WATER BOTTLE,Household & Kitchen,73,73,
2042,PANTENE LUSCIOUS THICK 180ML,Shampoo,189,189,
20421,LEVI PET AUDI WATER BOTTLE,Household & Kitchen,72,72,
20424,COLGATE TOOTH POWDER 200GM,Powders,130,130,
20425,EXO ANTI BACTERIAL SOAP 250GM,Soaps & Liquids,28,28,
20426,EXO ANTI BACTERIAL 500GM,General Groceries,60,60,
20427,PRIL LIME GREASE FIGHTER.,General Groceries,58,58,
20429,HERSHEYS KISSES 33.6.GM,Chocolates,65,65,
20432,LEVI PET SPRING WATER BOTTLE,Soaps & Liquids,94,94,
20433,LEVI PET CLASSY WATER BOTTLE,Household & Kitchen,73,73,
20439,LEVI PET CHERRY PANDA WATER BOTTLE,Household & Kitchen,70,70,
2044,TIDE MATIC TOP LOAD 850ML 130MRP,Soaps & Liquids,130,130,
20440,LEVI PET ARMY SMALL WATER BOTTLE,Household & Kitchen,70,70,
20444,MEAL TIME DARK SOYA SAUCE 750G,Powders,85,85,
20445,NESTLE CERELAC WHEAT 300G,Baby Items,260,260,
20447,NESTLE CERELAC 5 GRAINS AND FRUITS,Baby Items,339,339,
20449,MAGGI MASALA PENNE PAZZTA,Powders,35,35,
20452,TIDE MATIC FRONT LOAD,Soaps & Liquids,155,155,
20455,KITKAT DESSERT CHOCO FUDGE 150G,Chocolates,185,185,
20456,HIMALAYA PURIFYING NEEM SCRUB 50G,Soaps & Liquids,85,85,
20457,MAGGI TOMATO KETCHUP RS-15/-,Powders,15,15,
20458,MAGGI 2 MINUTE NOODLES 4 PACK,Powders,56,56,
20459,SUNRISE 200GM,General Groceries,280,280,
20462,CADBURY DAIRYMILK ROAST ALMOND,Chocolates,85,85,
20463,CELLO FINGER GRIP BALL PENS,Stationery,7,7,
20464,CELLO SUPER STAR GEL PEN,Stationery,7,7,
20465,CELLO AQUA GEL PEN,Stationery,10,10,
20466,CELLO BUTTERFLOW SIMPLY BALL PEN,Stationery,10,10,
20467,CELLO PAPERSOFT BALL PEN,Stationery,20,20,
20468,MANNA HEALTH MIX 250G,General Groceries,159,159,
20469,BINGO NACHOS CHEESE FLAVOUR,Snacks,10,10,
20475,CADBURY TEMPTATIONS ALMOND TREAT 70G,Chocolates,130,130,
20476,OREO CHOCOLATEY SANDWICH RS.20/-,Chocolates,20,20,
20477,BALIAN VERMICELLI,Powders,10,10,
20480,VIM ANTI BAC NEEM,General Groceries,10,10,
20483,CADBURY SILK OREO,Chocolates,195,195,
20496,ENGAGE M1 PERFUME SPRAY,General Groceries,230,230,
20499,ELITE ORANGE CAKE,Snacks,9,9,
205,MAGGI 2 MINUTE VEGGIEMASALA 62G,Powders,15,15,
20501,ELITE CHOCO CAKE,Chocolates,9,9,
20502,ELITE VANILLA CAKE .,Snacks,9,9,
20505,VASMOL BLACK HAIR OIL 100ML,Shampoo,50,50,
20506,ENGAGE PERFUME SPRAY W3,General Groceries,225,225,
20509,UDHAYA KRISHNA GHEE 10ML,Cooking Oil,10,10,
2051,OSSUME PERFUME SPRAY TEASER,Beverages,250,250,
20511,ENGAGE PERFUME SPRAY W4,General Groceries,225,225,
20512,PANASONIC AAA,General Groceries,12,12,
20514,PLASTIC SPOON,Household & Kitchen,60,60,
20515,PODARAN MANGO JUICE,Beverages,12,12,
20517,GRB UDHAYAM GHEE,Cooking Oil,49,49,
20518,YARDLEY BLOSSOM 50ML,General Groceries,249,249,
20525,MENS GLOW & HANDSOME,General Groceries,105,105,
20526,COLGATE HERBAL 100GM,Soaps & Liquids,100,100,
20527,COLGATE GLOW IN DARK 80GM,Soaps & Liquids,180,180,
20528,COLGATE BUBBLE FRUIT 40GM,Vegetables,105,105,
20529,COLGATE STRAWBERRY FLAVOUR,Soaps & Liquids,105,105,
20530,7 UP NIMBOOZ,General Groceries,10,10,
20531,TROPICANA APPLE DELIGHT,Vegetables,10,10,
20535,RICHUU CORN FLOUR 100G,Powders,10,10,
20536,STAYFREE SECURE RS.34/-,Napkin,37,37,
20537,AACHI MANGO THOKKU PICKLE,Powders,50,50,
20538,AACHI PULIYOTHARAI RICE PASTE 200GM,Rice,109,109,
2054,FOGG MASTER BODY SPRAY CEDAR,General Groceries,250,250,
20540,NESCAFE INTENSE TIN,Beverages,70,70,
20541,HIMALAYA PURIFYING NEEM FACIAL WIPES,Soaps & Liquids,120,120,
20542,HIMALAYA MOISTURIZING ALOE VERA FACIAL WIPES,Soaps & Liquids,120,120,
20548,FLAIR SRX BALL PEN,Stationery,10,10,
20549,CAMEL WAX CRAYONS RS-10/-,Stationery,10,10,
20551,CAMLIN PENCILS,Stationery,25,25,
20552,ZED BLACK INCENSE RS12/-,Pooja Items,12,12,
20553,HAUSER ARTZ MINI COLOUR PENCILS,Stationery,30,30,
20554,HAUSER ARTZ 12+1 WAX CRAYONS,Stationery,10,10,
20558,NESCAFE INTENSE CAFE,Beverages,45,45,
20561,TRUFFLE HAZELNUT STRAWBERRY,Chocolates,350,350,
20564,THUNDER ITALIAN WHITE MOP,Bathroom,150,150,
20565,THUNDER LONDON MOP,Bathroom,240,240,
20567,SS MOP,Bathroom,300,300,
20569,ROUND MOP BIG,Bathroom,10,10,
20572,NAGA SOOJI RAVA 1KG,Powders,102,102,
20575,DENVER VICTOR 165ML,General Groceries,230,230,
20577,DENVER BLACK CODE 50ML,General Groceries,80,80,
20579,DENVER BLACK CODE 20GM,General Groceries,10,10,
20582,DABUR RED PASTE FAMILY PACK 200G+100G,Soaps & Liquids,212,212,
20587,CURRY MASAL MIX RS.5/-,Powders,5,5,
20588,CURRY MASAL MIX RS.10/-,Powders,10,10,
20589,MAZEDAAR MASALA CUP NOODLES,Powders,55,55,
20590,ROGANJOSH CUP NOODLES,Powders,55,55,
20592,ULUNTHAM PARUPPU 100GM,Dhall,10,10,
20593,SPICED CHICKEN CUP NOODLES,Powders,55,55,
20594,VEGGI MANCHOW CUP NOODLES,Powders,55,55,
20595,BRIT MILK BIKIS CREAM BISCUIT,Biscuits,10,10,
20597,CADBURY PERK RS-10/-,Chocolates,10,10,
20599,TANG MANGO,Beverages,26,26,
206,NESTLE CLASSIC RS.10/-,Beverages,10,10,
20600,TANG ORANGE,Beverages,26,26,
20601,LION SULTAN DATES 250GM,Snacks,82,82,
20603,LION DATE JUICE WITH HONEY 200ML,Snacks,25,25,
20615,TAGEO CLEAN,General Groceries,99,99,
20617,ARUN STRAWBERRY & MANGO DUAL,Vegetables,170,170,
20620,ARUN VANILLA 1000ML,General Groceries,300,300,
20623,1TO3 NOODLES MASALA,Powders,10,10,
20625,KOLAPODI,General Groceries,10,10,
20627,Z TALC 100G,Soaps & Liquids,145,145,
20632,CHAKRA GOLD CARE 5 IN 1,General Groceries,100,100,
20633,JETTA PANCHA PUSHPAM 5 IN 1,General Groceries,72,72,
20634,VVV GINGELLY OIL RS-10/-,Cooking Oil,10,10,
20638,COROS GROUNUT OIL 500ML,Cooking Oil,195,195,
20639,MEENAKSHI APPALAM 200G NO.3,Powders,80,80,
20642,NAGA RAGI FLOUR 500G,Powders,48,48,
20643,NAGA GRAM FLOUR 500G,Dhall,84,84,
20645,NAGA WHOLE WHEAT FLOUR 500G,Powders,50,50,
20647,KADUGU 500GM,Powders,60,60,
20648,PAALPERUNKAYAM 100GM,General Groceries,110,110,
2065,SENSODYNE FRESH MINT 40G,Vegetables,95,95,
20650,SUKKU 25GM,General Groceries,15,15,
20651,MAS BADAM DRINK MIX 1KG,Snacks,450,450,
20653,JATHIPATHRI POO 100GM,General Groceries,300,300,
20654,KASTHURI METHI,General Groceries,70,70,
20655,MUNTHIRI KURUNAI 500GM|(S),Pooja Items,225,225,
20656,MUNTHIRI KURUNAI 250GM(S),Pooja Items,125,125,
20657,HERSHEYS CHOCO TUBES COOKIES N CREME,Chocolates,20,20,
20658,HERSHEYS CHOCO TUBES CREAMY MILK,Chocolates,20,20,
20659,PEANUT CANDY BOX,Chocolates,85,85,
20660,SKS PIRANDAI PICKLE,Powders,45,45,
20664,DOZO DISHWASH LIQUID 250ML,General Groceries,45,45,
20665,SHINZ GLASS AND SURFACE CLEANER 1+1 550ML,General Groceries,109,109,
20666,DEV PLAIN TAPIOCA STICK,General Groceries,115,115,
20669,POLO RS.10/-,General Groceries,10,10,
20670,NESCAFE CHOCO MOCHA 180 ML,Chocolates,45,45,
20671,MAGGI  RICH TOMATO KETCHUP,Powders,15,15,
20676,HAMAM 100% PURE LEMON FLOWERS 100G,Vegetables,42,42,
20677,BANNARI SUGAR 1 KG,Powders,55,55,
2068,ENO LEMON 5G,Vegetables,10,10,
20680,AACHI TURMERIC POWDER 500GM,Powders,210,210,
20681,DORCO KLASS 2 PLUS,General Groceries,10,10,
20682,NIPPO 0.5 WATT POWER LED,General Groceries,85,85,
20683,HIMALAYA HAIR FALL CONTROL,Soaps & Liquids,2,2,
20685,SUPER VASMOL 33 KESHKALA 100ML,General Groceries,65,65,
20688,ELKOS BETTER BALLPEN,General Groceries,7,7,
20690,ELKOS QUICK FLOW BALL PEN,Stationery,15,15,
20692,ELKOS QUANTA BALL PEN,Stationery,15,15,
20694,ELKOS BETTER BALL PEN,Stationery,7,7,
20695,COLGATE DENTAL CREAM 200G TOOTH PASTE,Soaps & Liquids,130,130,
20697,GILLETTE FOAM CHARCOAL,Soaps & Liquids,249,249,
20699,ORAL B SENSITIVE & GUMS BUY 2 GET 2 FREE,Soaps & Liquids,170,170,
20703,SANIPIC TOILET CLEANER,Bathroom,45,45,
20706,LAXMAN REKHAA COMBI PACK,General Groceries,92,92,
20709,R.S.PATHY MARUNTHU,General Groceries,80,80,
20710,R.S.PATHY STRONG PAIN BALM RS.10/-,Soaps & Liquids,10,10,
20717,DIET COKE,Beverages,35,35,
20718,SUNFEAST ALL ROUNDER SWEET & SALTY,Biscuits,10,10,
20719,SUNFEAST ALL ROUNDER RS.5/-,Biscuits,4.5,4.5,
20721,SAVLON ANTISEPTIC DISINFECTANT LIQUID 100ML,General Groceries,57,57,
20722,SAVLON ANTISEPTIC DISINFECTANT LIQUID 50ML,General Groceries,27,27,
20725,SAVLON MOISTURE SHIELD 200ML,General Groceries,79,79,
20728,PAMPERS S 4PANTS,Baby Items,40,40,
20730,NAGA SAMBA RAVA 200GM,Powders,38,38,
20731,ARUN CHOCOBAR MINI,Chocolates,20,20,
20732,SAVLON DEEP CLEAN GERM PROTECTION HANDWASH,General Groceries,105,105,
20733,NIMYLE NEEM LEMON GRASS FLOOR CLEANER 500ML,Vegetables,95,95,
20734,HOME LITES RS 10 /,General Groceries,10,10,
20735,VALAI IDLY DOSAI MAVU,General Groceries,32,32,
20737,JOHNSONS BABY OIL,Baby Items,75,75,
20739,BRITANNIA WINKIN COW,Biscuits,40,40,
20741,HIMALAYA DANDRUFF CONTROL,Soaps & Liquids,2,2,
20745,NESTLE MILO 400G,General Groceries,320,320,
20750,HIMALAYA ANTI DANDRUFF TEA TREE SHAMPOO,Shampoo,66,66,
20751,HIMALAYA ANTI HAIRFALL BHRINGARAJA SHAMPOO,Shampoo,146,146,
20752,HIMALAYA ANTI HAIR FALL BHRINGARAJA SHAMPOO,Shampoo,61,61,
20753,BINGO POTATO CHIPS SALT ORIGINAL,Snacks,10,10,
20756,BINGO CHEESE NACHOS,Snacks,20,20,
20757,KS SPARK POCKET PERFUME,General Groceries,65,65,
20758,KAMASUTRA SPARK DEODORANT SPRAY,General Groceries,80,80,
20762,PIEERRE CARDIN DANCE BALL POINT PEN,Stationery,165,165,
20763,MY CYCLE,Pooja Items,50,50,
20766,GILLETTE RUST GUARD UP TO 7 SHAVES,Soaps & Liquids,28,28,
20767,SAKTHI CHICKEN MASALA 200GM,Powders,99.5,99.5,
20769,MUTTON MASALA 200GM,Powders,126,126,
2077,REDBULL,General Groceries,125,125,
20771,CONE 10 /-,General Groceries,10,10,
20775,MUGI FRESH BLUE BELL,General Groceries,3,3,
20776,MUGI FRESH COOL BLOSSOM,General Groceries,3,3,
2078,GATSBY SUPER HARD5,General Groceries,35,35,
20786,CAVINS BUTTERSCOTCH MILKSHAKE,Beverages,40,40,
20787,AJINOMOTO 50G,General Groceries,10,10,
20788,AACHI CUMIN POWDER 100G,Powders,80,80,
20789,SARAPARUPPU 250GM,Dhall,600,600,
20795,CADBURY DAIRYMILK,Chocolates,40,40,
20797,JOHNSONS BABY POWDER 50G,Baby Items,65,65,
20799,AUTO FLOW ROYAL FEEDING BOTTLE A7 250ML,Baby Items,140,140,
208,MAGGI 2 MINUTE MASALA 70G,Powders,15,15,
20801,A31 SPACE FEEDING BOTTLE AUTO FLOW 250ML,Baby Items,160,160,
20802,MUNCH 20 YUMMY TREAT,Chocolates,50,50,
20804,AACHI DHANIA POWDER 500GM,Powders,140,140,
20805,AACHI CHILLI POWDER 500GM,Powders,200,200,
20806,A32 SPACE FEEDING BOTTLE AUTO FLOW 125ML,Baby Items,150,150,
20807,A37 BIG BOSS AUTO FLOW FEEDING BOTTLE 250ML,Baby Items,70,70,
20809,MAGGI 2 MIN NOODLES 280G,Powders,55,55,
2081,SINK BRUSH,General Groceries,45,45,
20811,V CARE ONION SHAMPOO 200ML,Shampoo,141,141,
20812,V CARE ANTI LICE SHAMPOO & OIL,Shampoo,96,96,
20814,DASANGAM DHOOP POWDER 50GM,Pooja Items,43,43,
20817,ARUN DARK CHOCOLATE,Chocolates,360,360,
20818,BAMBINO VERMICELLI 1 KG,Powders,99,99,
20819,ARUN FUN WHEEL,Soaps & Liquids,30,30,
20822,MAGGI 2 MINUTE NOODLES 560G,Powders,112,112,
20826,ARUN BUTTERSCOTCH 500ML,General Groceries,200,200,
20827,KIT KAT 2F MINI,Chocolates,10,10,
20828,NESCAFE SR 5G,Beverages,5,5,
2083,ELKOS LIANA  PEN,Stationery,5,5,
20839,SNICKERS BUTTERSCOTCH,Chocolates,30,30,
20840,DOUBLEMINT PEPPER MINT RS.10/-,Powders,10,10,
20841,HERSHEYS CASHEW BUTTERSCOTCH,Chocolates,40,40,
20842,AVT GOLD CUP 250 G,General Groceries,225,225,
20843,NYCIL GERM EXPERT COOL SANDAL 50G,General Groceries,50,50,
20849,SCOOPY CAR,General Groceries,30,30,
20851,AUTO FLOW FEEDING BOTTLE D5,Baby Items,90,90,
20853,AUTO FLOW MINI FEEDING BOTTLE,Baby Items,80,80,
20854,AUTO FLOW FEEDING BOTTLE DM7,Baby Items,110,110,
20856,RICE,Rice,10,10,
20857,ORAL - B CRISSCROSS BUY 2 GET 2 FREE,General Groceries,160,160,
20858,VIM,General Groceries,1,1,
20859,COLGATE STRONG TEETH 200GM + 100GM,Soaps & Liquids,206,206,
20860,COLGATE STRONG TEETH 100GM,Soaps & Liquids,70,70,
20862,CADBURY CHOCOBAKES,Chocolates,40,40,
20863,NOTEBOOK RULED RHINO 160 PAGE BOUND,Stationery,130,130,
20867,NOTEBOOK RULED TURBO 80 PAGE,Stationery,38,38,
20872,POUR HOME FRENCH FLORA,General Groceries,169,169,
20875,LACTO KING,General Groceries,1,1,
20877,SAVLON HANDWASH,General Groceries,25,25,
20878,BARONE RS.10/-,General Groceries,10,10,
20879,GO CHOCO ROLLZ,Chocolates,5,5,
2088,ELKOS FIRST BALL PEN 0.7,Stationery,10,10,
20880,CHOKI CHOKI RS.2/-,General Groceries,2,2,
20884,AACHI GINGER GARLIC PASTE 100GM,Powders,23,23,
20885,AACHI GARAM MASALA 100GM,Powders,76,76,
20886,AACHI IDLY CHILLI POWDER 100GM,Powders,36,36,
20888,TIDE DOUBLE POWER JASMINE & ROSE,Soaps & Liquids,10,10,
20890,knife RS15/-,Household & Kitchen,25,25,
20891,KNIFE SUPER,Household & Kitchen,50,50,
20892,POP POP POP,General Groceries,15,15,
20893,I AND U CONE RS 10/-,General Groceries,10,10,
20896,TOOTHPICK,General Groceries,36,36,
20898,ELKOS BALL PEN,Stationery,5,5,
20899,MEDIMIX SANDAL 125G,Soaps & Liquids,54,54,
209,SUNFEAST CAKER LAYERED BUTTERSCOTCH,Biscuits,5,5,
20900,SAIBOL,General Groceries,43.83,43.83,
20901,HAPPY BIRTHDAY CANDLES,General Groceries,15,15,
20902,KESARI OFFICE SCISSORS,Stationery,10,10,
20908,CADBURY DAIRYMILK RS.50/-,Chocolates,50,50,
20910,KARUDA DESEEDED DATES 300G BOX,Snacks,116,116,
20911,KARUDA DATES 200G,Snacks,114,114,
20912,KARUDA DESEEDED DATES 500G,Snacks,178,178,
20913,KARUDA DESEEDED DATES 200G,Snacks,56,56,
20914,KARUDA BLACK DATES 200G,Snacks,130,130,
20916,KARUDA DATES 500GM,Snacks,127,127,
20917,MILAGU 50GM (WHITE),Powders,80,80,
20918,TAPE 1 CLEAR,Stationery,40,40,
20919,VCARE SHIKAKAI SHAMPOO,Shampoo,105,105,
2092,ELKOS U-FEY GEL RED,General Groceries,10,10,
20920,MILK BIKIS .,Biscuits,10,10,
20922,ODOFRESH SOAP OIL 700ML,Cooking Oil,54,54,
20928,COMFORT GREEN RS4/-,Soaps & Liquids,4,4,
20929,STAYFREE SECURE NIGHTS 6PADS,Napkin,50,50,
2093,LION DATES SYRUP 250G,Snacks,107,107,
20933,HALDIRAMS INSTANT BHEL 44G,General Groceries,10,10,
20935,COLGATE ZIG ZAG TOOTH BRUSH,Soaps & Liquids,30,30,
2094,LED CUP,General Groceries,10,10,
20940,MAGGI CHICKEN NOODLES 70GM,Powders,15,15,
20948,BRITANNIA MILK BIKIS 10RS/-,Biscuits,9,9,
20949,MELODY CHOCOLATY,Chocolates,100,100,
2095,CADBURY DAIRY MILK 13.2G,Chocolates,10,10,
20958,VEGA TRIMMER VHTH-26,General Groceries,1099,1099,
20960,MASK SKY BLUE,General Groceries,5,5,
20962,7UP 250ML,Beverages,20,20,
20968,MASTER MAXX BROOMS,Bathroom,145,145,
20969,MASTER SLEEK 5D BROOM,Bathroom,202,202,
2097,ELKOS FIRST GEL,General Groceries,10,10,
20970,PAMPERS BLUE M 4 PANTS,Baby Items,56,56,
20971,AACHI CHETTINADU BIRYANI MASALA PASTE,Powders,75,75,
20972,AACHI DINDIGUL BIRYANI MASALA PASTE,Powders,75,75,
20976,DHATHRI AYURVEDIC TOOTHPASTE 100GM,Soaps & Liquids,60,60,
20977,DARK FANTASY CHOCOCREME,Chocolates,10,10,
20978,MOMS MAGIC BUTTER,General Groceries,10,10,
20979,CANDYMAN CHOCO DOUBLE ECLAIRS..,Chocolates,120,120,
20982,LR-INCENSE STICKS,Pooja Items,15,15,
20984,EXO ANTI BACTERIAL SOAP,Soaps & Liquids,5,5,
20986,TUTI FRUTI ATHIPALAM,General Groceries,15,15,
20987,YARDLEY GOLD BODY SPRAY,General Groceries,225,225,
20988,COLGATE STRONG TEETH,Soaps & Liquids,10,10,
20990,COLGATE SUPER FLEXI M,Soaps & Liquids,50,50,
20991,FRUTI FRUIT,Vegetables,10,10,
20992,NYCIL GERM EXPERT RS 10/-,General Groceries,10,10,
20993,PONDS,Soaps & Liquids,345,345,
20994,GLUCON D,General Groceries,10,10,
20998,DEV SALT DIAMOND,Powders,75,75,
20999,MAGGI 2MINUTE NOODLES .,Powders,84,84,
21,LOTUS SAMBIRANI 20G,General Groceries,20,20,
210,GANESH KOZHUKATTAI FLOUR,Powders,50,50,
21000,TIDE,Soaps & Liquids,76,76,
21001,SUDHARANI SEENISEVU,Snacks,60,60,
21002,HIMALAYA BABY CREAM 100ML,Baby Items,200,200,
21003,TATA GLUCO LYCHEE ZAP,General Groceries,10,10,
21004,TATA GLUCO ORANGY BURST,General Groceries,10,10,
21005,APPY FIZZ 125ML,General Groceries,10,10,
21006,MILKYMIST STRAWBERRY MILK SHAKE,Beverages,40,40,
21007,MILKYMIST VANILLA MILKSHAKE,Beverages,38,38,
21008,MILKYMIST CHOCOLATE MILKSHAKE,Chocolates,40,40,
21011,HIDE & SEEK MILANO,Biscuits,10,10,
21015,IDHAYAM SESAME OIL 200ML,Cooking Oil,83,83,
21016,WASO DETERGENT POWDER 1KG,Powders,170,170,
21017,COFFYBITE RICH,General Groceries,1,1,
21018,COCONUT PUNCH,Vegetables,1,1,
21019,ALPENLIEBE GOLD RS.1/-,Chocolates,1,1,
21024,CELLO DISNEY FOUNTAIN PEN,Stationery,50,50,
21025,CELLO INKMATE FOUNTAIN PEN,Stationery,50,50,
21026,VVS GINGELLY OIL 500ML,Cooking Oil,239,239,
21027,VVS GINGELLY OIL 100ML,Cooking Oil,44,44,
21029,CELLO EXEED TOTAL FOUNTAIN PEN,Stationery,65,65,
21030,CELLO BUTTERFLOW CLASSIC ROLLER,Beverages,60,60,
21034,DABUR RED PASTE 16GM,Soaps & Liquids,10,10,
21035,ODONIL JASMINE MIST,Bathroom,58,58,
21036,SENSITIVE MINERAL ACTIVE,General Groceries,99,99,
21037,MAAMIS KULAMBU CHILLI MASALA,Powders,6,6,
21038,MAAMIS SAMBAR POWDER RS.10/-,Powders,10,10,
21039,MAAMIS IDLY CHUTNEY POWDER RS.6/-,Powders,6,6,
2104,TT ASAFOETIDA CAKE 50G,Snacks,99,99,
21040,MAAMIS CURRY POWDER RS.3/-,Powders,3,3,
21043,OLIVIA APRICOT WALNUT FACE CREAM,Snacks,75,75,
21044,OLIVIA HAIR SERUM 45ML,General Groceries,130,130,
21048,BALLOONS,General Groceries,100,100,
2105,SIXIT TENNIS BALL,General Groceries,80,80,
21051,RAJA VASMBU,General Groceries,50,50,
21052,RAJA KALLADAIPPU KUDINEER,General Groceries,135,135,
21054,CAMLIN FOUNTAIN PEN RED INK,Stationery,30,30,
21055,FAIMA MEN,General Groceries,40,40,
21056,ODONIL 50GM,Bathroom,58,58,
21057,DABUR VATIKA COCONUT OIL 150ML,Shampoo,97,97,
21058,DABUR VATIKA COCONUT OIL 300ML HIBISCUS,Shampoo,180,180,
21061,ZANDU BALM 9ML,Soaps & Liquids,2,2,
21062,TOWNBUS KERALA MIXTURE,Snacks,55,55,
21063,KRISTAL SALT,Powders,26,26,
21065,WAFER STORY PINK BLOSSOM,General Groceries,10,10,
21066,HAPPY HAPPY CHOCO CHIP COOKIES,Chocolates,5,5,
21067,TOMATO KETCHUP,Vegetables,100,100,
21071,DHATHRI KASTHURI MANJAL,General Groceries,10,10,
21073,MAIDA SPL 1 KG,Powders,70,70,
21074,COLGATE SUPER FELXI,Soaps & Liquids,48,48,
21075,VATIKA COCONUT HAIR OIL 75ML+20%EXTRA,Shampoo,40,40,
21076,COLGATE ACTIVE SALTE 34 G,Powders,20,20,
21079,ORAL  B CLOVE BUY 2 GET 1,Powders,80,80,
21080,CAMLIN ERASER,Stationery,3,3,
21082,LUX FRESH GLOW 41 G,Soaps & Liquids,10,10,
21083,JETTA  INCENSE STICKS,Pooja Items,30,30,
21084,DOVE HAIR FALL 6ML,General Groceries,2,2,
21086,ZED BLACK SANDAL INCENSE STICKS,Pooja Items,65,65,
2109,BELLA CLASSIC 8 REGULAR PADS,Beverages,42,42,
21090,YARDLEY TALC 50G,Soaps & Liquids,60,60,
21095,BRITANNIA TOASTEA MILK RUSK 9G,Biscuits,10,10,
21097,HEAD & SHOULDERS ANTI HAIRFALL 72 ML,Shampoo,89,89,
21099,SUDHARANI MILAGUSEVU,Snacks,70,70,
21102,GILLETTE MACH3 CHARCOAL 2,Soaps & Liquids,349,349,
21103,PANANGARKANDU 50GM,General Groceries,20,20,
21104,FUN GUM,Stationery,5,5,
21106,CAMLIN SCALE 15CM RS.5/-,Stationery,5,5,
21107,FLAIR CLIXX 0.7MM MECHANICAL PENCIL,Stationery,15,15,
21108,HAUSER 0.7MM MECHANICAL PENCIL,Stationery,15,15,
21109,CAMLIN  DELUXE STAMP PAD SMALL,Soaps & Liquids,35,35,
2111,MAGGI RICH TOMATO KITCHUP,Powders,72,72,
21110,CAMLIN DELUXE STAMP PAD LARGE,Soaps & Liquids,40,40,
21111,LION GRAPE SQUASH 700ML,Beverages,172,172,
21112,LION MANGO SQUASH 700ML,Beverages,165,165,
21116,MAGGI PAZZTA CHEESE MACARONI 75GM,Powders,30,30,
21118,CADBURY TEMPTATIONS RUM & RAISINS 70G,Chocolates,130,130,
2112,AACHI B.MIX 200G BUY 1GET 1,Powders,160,160,
21120,WHISPER ULTRA XL 7 PADS,Napkin,95,95,
21121,VICKS VAPO RUB 10ML,Soaps & Liquids,48,48,
21123,CADBURY SILK CHOCOLATE 150GM,Chocolates,210,210,
21124,YARDLEY ENGLISH ROSE BODY SPRAY 150ML,General Groceries,225,225,
21125,HAND KERCHIEFS,General Groceries,25,25,
21127,WAFER STORY CHEESE MELT,General Groceries,10,10,
21128,BRIT VITA MARIE GOLD RS10/-,Biscuits,10,10,
2113,MAGGI PAZZTA CHEESY TOMATO TWIST,Powders,35,35,
21130,ABIS PREMIUM TEA 500GM,Beverages,290,290,
21131,ANNAPORNA SAMBAR POWDER,Powders,33,33,
21132,ANNAPOORNA  CHICKEN MASALA,Powders,26,26,
21137,BRU SUPER STRONG 200GM,Beverages,280,280,
21138,SRI GOLDEN GANESH FLORA INCENSE,Pooja Items,25,25,
2114,MUNCH BROWNIE MAX RS 30,Chocolates,30,30,
21140,WASHING BRUSH,General Groceries,25,25,
21142,AACHI PANI PURI KIT RS40/-,Powders,45,45,
21144,KELLOGGS CHOCOS 385G,Chocolates,215,215,
21146,DARK FANTASY BOURBON 70G,Biscuits,10,10,
21147,DARK FANTASY YUMMYFILLS PIE RS.10/-,Biscuits,10,10,
21149,SUNFEAST YIPPEE NOODLES  6IN ONE PACK,Biscuits,90,90,
2115,NIPPO 12W BULB,Household & Kitchen,300,300,
21154,NOTE PAD ( HOTEL),General Groceries,25,25,
21155,BOOMER STRAWBERRY FLAVOUR 1RS,Chocolates,1,1,
2116,NIPPO SPECTRA BULB,Household & Kitchen,325,325,
21161,KOLO PREMIUM  RUSK 50GM,Biscuits,10,10,
21164,COLGATE  RS.10/-,Soaps & Liquids,10,10,
21166,MILKY MIST CHOCOLATE 90ML,Chocolates,35,35,
21167,COMFORT FAB COND ROYALE 220ML,Soaps & Liquids,65,65,
21168,MILKY MIST PISTA BADAM 90ML,Snacks,35,35,
21169,MILKY MIST BUTTERSCOTCH 90ML,Beverages,35,35,
2117,NIPPO LEAK PROOF THOR AA,General Groceries,25,25,
21171,MILKYMIST VANILLA ICECREAM 100ML,Ice Cream,35,35,
21172,MILKYMIST BLACKCURRENT 500ML,Beverages,160,160,
21173,MILKYMIST TENDER COCNUT 500ML,Beverages,195,195,
21174,MILKYMIST ITALIAN CHOCOLATE DELIGHT750ML,Chocolates,290,290,
21175,MILKYMIST BLACKCURRENT  750ML,Beverages,310,310,
2118,NIPPO AAA,General Groceries,25,25,
21182,POUR HOME LAVENDER 270ML,General Groceries,169,169,
21184,POUR HOME SANDAL 270ML,General Groceries,169,169,
21186,DENVER BLACK CODE 60ML,General Groceries,349,349,
21187,MILKYMIST COOKIES O CREAME 750ML,Cookies,310,310,
21190,STAYFREE REGULAR,Napkin,48,48,
21192,MILKYMIST BUTTERSCOTCH 1L,Beverages,285,285,
21194,SAKTHI GARLIC RICE POWDER 100GM,Powders,45,45,
21195,SAKTHI VATHAL PULIKULAMBU POWDER 50GM,Powders,31,31,
21199,BAG,General Groceries,10,10,
21200,SHOWER TO SHOWER 150GM,General Groceries,145,145,
21201,COLGATE ACTIVE SALT 500GM,Powders,349,349,
21202,DARK CHOCOLATE,Chocolates,25,25,
21204,CALIFORNIA NUTS & FRUITS 150GM,General Groceries,180,180,
21206,ACT II POPCORN,Snacks,10,10,
21207,COLGATE 150G,Soaps & Liquids,108,108,
21208,PEPSODENT 200GM,Soaps & Liquids,140,140,
21209,HEAD&SHOULDERS COOL MENTHOL 180ML,Shampoo,215,215,
21211,HIMALAYA GENTLE DAILY CARE 340ML,Soaps & Liquids,292,292,
21212,KASURI METHI 100GM,General Groceries,120,120,
21214,AACHI ASAFOETIDA POWDER 20GM,Powders,32,32,
21217,EVEREST SHAHI PANEER MASALA,Powders,98,98,
21223,CLINIC PLUS STRONG & LONG.,Shampoo,1,1,
21224,PONDS STARLIGHT TALC 50G,Soaps & Liquids,68,68,
21225,PONDS MAGIC 100GM,Soaps & Liquids,135,135,
21227,LIFEBOY HANDWASH 80ML,General Groceries,30,30,
21228,DOVE GROWING HAIR SHAMPOO RS.2/-,Shampoo,2,2,
21239,MASTER LASTS LONGER,General Groceries,202,202,
21245,HELLO BABE MY CUP REGULAR,General Groceries,105,105,
21246,HELLO BABE NEW AMPLE CUP,General Groceries,100,100,
21247,YARDLEY ENGLISH LAVENDER DEO 50ML,General Groceries,80,80,
21248,YARDLEY GENTLEMAN  DEO 50ML,General Groceries,80,80,
21249,YARDLEY GOLD DEO 50ML,General Groceries,80,80,
2125,MILKY MIST CAPELLA DUET BAR C AND V,Beverages,55,55,
21251,YARDLEY MORNING NEW DEO  50ML,General Groceries,80,80,
21254,CANDYMAN ECAIRS 240G,Chocolates,50,50,
21256,HARIMA INSTANT SUKKU KAPPI 100GM,General Groceries,50,50,
21257,HARIMA CUSTARD POWDER VANNILA 100GM,Powders,50,50,
21258,HARIMA OMUM WATER 400ML,General Groceries,39,39,
21259,HARIMA PISTA 20ML,Snacks,60,60,
2126,MILKY MIST CAPELLA BAR ALMOND,Snacks,45,45,
21260,HARIMA BADAM 20ML,Snacks,53,53,
21261,SRS KADALA MITTAI/COCO/ELLU,General Groceries,30,30,
21263,HARIMA TANDOORI CHICKEN MASALA 50G,Powders,45,45,
21265,HARIMA CITRIC ACID 50G,General Groceries,45,45,
21266,LAYS MAXX S BARBEQUE 10/-,Snacks,10,10,
21268,TRUFFLE SELECTION CHOCO,Chocolates,350,350,
21269,HARIMA JELLY ORANGE,Vegetables,50,50,
2127,PARACHUTE ALOE VERA 250ML,General Groceries,151,151,
21270,SUNFEAST SUPERMILK,Biscuits,30,30,
21271,K S DOTTED CONDOMS,General Groceries,30,30,
21272,DHATHRI OUSHADHA SANDAL SOAP 75G,Soaps & Liquids,35,35,
21275,ANCHOR CLOVE POWER 18G,Powders,10,10,
21276,CADBURY 5 STAR 3D,Chocolates,35,35,
21277,FIAMA GEL SOAP B&B 125G,Soaps & Liquids,61,61,
21279,CADBURY 5 STAR OREO,Chocolates,35,35,
21280,MC ASAFOETIDA POWDER 100GM,Powders,190,190,
21281,MC ASAFOETIDA POWDER 50GM,Powders,95,95,
21282,PAAL KAYAM 50G,General Groceries,40,40,
21288,KISSAN MIXED FRUIT,Vegetables,2,2,
21289,VICKS BABYRUB 10ML  RS,Baby Items,50,50,
21293,TIDE NATURALS LEMON &CHANDAN RS.10/-,Pooja Items,10,10,
21294,TIDE MATIC  TOP LOAD 850ML,Soaps & Liquids,179,179,
21296,BRITANIA TOASTEA MULTIGRAIN  RUSK RS.10/-,Biscuits,10,10,
21299,BINGO ORIGINAL CHILLI SPRINKLED RS.20/-,Snacks,20,20,
213,UDHAYA KRISHNA GHEE 100ML,Cooking Oil,101,101,
2130,SRI VELAVA PAPPAD & SNACKS,Snacks,35,35,
21300,BALLON PACK RS.20/-,General Groceries,25,25,
21301,CINTHOL LIME RS.10/-,Soaps & Liquids,10,10,
21302,CINTHAL COOL RS.10/-,General Groceries,10,10,
21304,SODA SALT 1KG,Powders,10,10,
21309,GRAB N GO PRINGLES ORIGINAL 40G,Snacks,60,60,
21310,GRAB N GO PRINGLES  CREAM & ONION 40G,Snacks,60,60,
21313,PERRYS MILLET RICH 275G,General Groceries,100,100,
21315,PERRYS COOKY RICH 200G,General Groceries,80,80,
21317,HALDIRAMS KHATTA MEETHA 50G,Powders,10,10,
21319,KELLOGGS CHOCO FILLS RS.10/-,Chocolates,10,10,
21322,SUGANTHI SAMBURANI 24 PIECES,General Groceries,30,30,
21323,B FIZZ MALT FLAVOURED 125ML,General Groceries,10,10,
21325,MANGALDEEP SANDAL 95G,Pooja Items,55,55,
21326,FIAMA MEN CHARCOAL &GRAPEFRUIT,General Groceries,95,95,
21328,BINGO ORIGINAL CREAM  & ONION RS.10,Snacks,10,10,
2133,SAKTHI APPALAM 200GMS,Powders,77,77,
21335,COLGATE MAX FRESH 17G,Soaps & Liquids,10,10,
21336,COLGATE SENSITIVE TOOTH BRUSH BUY 2 GET 1,Soaps & Liquids,126,126,
21337,COLGATE SENSITIVE,Soaps & Liquids,62,62,
21339,KARUDA BLACK DATES 200GM,Snacks,130,130,
21340,SAVORIT ROSTED VERMICELLI 200G,Powders,30,30,
21341,ACT 2 TANDOORI TADKA 70G,General Groceries,32,32,
21342,MERIBA 300ML RS.8/-,General Groceries,8,8,
21344,MILKYMIST LASSI 180 ML,Beverages,30,30,
21345,FROOTI MANGO RS.10/-,Beverages,10,10,
21346,MUGI FRESH FRENCH BLOSSOM 200ML 1+1,General Groceries,99,99,
21348,NESCAFE SUNRISE  STRONG 200G,Beverages,280,280,
21349,MAGGI HOT & SWEET TOMOTTO CHILLI SAUCE 75G,Snacks,22,22,
21350,MAGGI TOMATO KETCHUP 80G,Powders,15,15,
21353,NESCAFE SUNRISE 45G,Beverages,170,170,
21354,TEA  GLASS,Beverages,55,55,
21355,BEJAY RED RICE 500KG,Rice,52,52,
21358,HARPIC RED  500ML,Bathroom,110,110,
21359,FLAT FILE,Stationery,10,10,
2136,TATA SAMPANN RED RICE AVAL,Rice,61,61,
21360,TPRG ABHISEKA PANEER 500ML,General Groceries,80,80,
21362,MASTER CHICKEN 65  RS.10/-,General Groceries,10,10,
21363,MAAMIS BRIYANI MASALA RS.10/-,Powders,10,10,
21364,MAMMIS RED CHILLI PODWER RS.10/-,Powders,10,10,
21366,MASTER CHICKEN MASALA RS.10/-,Powders,10,10,
21367,MAMMIS MILAGU POWDER RS.10/-,Powders,10,10,
21368,MAMMIS GARAM MASALA RS.10/-,Powders,10,10,
21369,MAMMIS EGG CURRY MASALA,Powders,10,10,
21370,MAMMIS BLACK PEPPER POWDER,Powders,10,10,
21371,MASTER CHILLI CHICKEN 65,Powders,10,10,
21372,FAIR & GLOW & LOVELY ADV MULTIVITAMINS 80G,Soaps & Liquids,199,199,
21373,RIN BAR RS.10,Soaps & Liquids,10,10,
21374,SURF ERXCEL MATIC TOP LOAD VP 1L,General Groceries,149,149,
21376,PONVANDU RS.10,General Groceries,10,10,
21377,KAMASUTHRA BUTTERSCOTCH,General Groceries,30,30,
21378,KAMASUTHRA CHOCOLATE EXOTICA,Chocolates,35,35,
21380,KAMASUTHRA GRAPES RS.100,Vegetables,100,100,
21381,KAMASUTHRA VANNILA RS.100,General Groceries,100,100,
21382,CANDYMAN FANTASTIK RS.5/-,Chocolates,5,5,
21384,AASHIRVAD IODIZED SALT 1KG,Powders,30,30,
2139,TETLY GREEN TEA LEMON & HONEY 10N,Snacks,70,70,
21397,BRU INSTANT JAR 50G,Beverages,270,270,
21399,HORLICKS LITE MALT 400G,Beverages,275,275,
214,MILKYMIST CRUNCY BUTTERSCOTCH,Beverages,150,150,
2140,MUNTHIRI 1 KG,Pooja Items,1050,1050,
21400,KISSAN TOMATO KETCHUP 100G,Vegetables,15,15,
21401,KNORR VEG SOUP 9.5G,General Groceries,10,10,
21405,HERSHEYS SYRUP STRAWBERRY 202G,Chocolates,105,105,
21406,SAVORIT PENNE PASTA 250G,Powders,28,28,
21407,SAVORIT SPIRAL PASTA 250G,Powders,30,30,
21408,SAVORIT ELBOW PASTA 100G,Powders,10,10,
2141,FINSE FABRIC CONDITIONER,Shampoo,3,3,
21414,NOTEBOOK MEERA  4LINE 160PAGES,Stationery,55,55,
2142,MASOOR DHAAL 250GM,Dhall,26,26,
21424,ANNAPOORNA FISHCURRY MASALA 50G,Powders,29,29,
21425,RICHUU CORN FLOUR 1KG,Powders,102,102,
21427,DAIRY MILK SILK GANACHE,Chocolates,100,100,
21428,DAIRY MILK SILK GANACHE 137 G,Chocolates,214,214,
21429,LICO PAD LOCK 50 MM,Household & Kitchen,150,150,
21432,KUNDAN SAKTHI 65 MM,Powders,250,250,
21435,ARIEL FRONT LOAD 2.5L,Soaps & Liquids,459,459,
21436,ARIEL MATIC TL 2.5L,Soaps & Liquids,419,419,
21438,MAMYPOKO PANTS  M 12PANTS,Baby Items,199,199,
21441,MAMYPOKO PANTS EXTRA ABSORB XL,Baby Items,399,399,
21442,MAMYPOKO PANTS EXTRA ABSORB M,Baby Items,399,399,
21443,SOFY ANTIBACTERIA XL 290MM 7 PADS,Napkin,70,70,
21444,KAYAL SESAME OIL 500ML,Cooking Oil,243,243,
21445,KAYAL SESAME OIL 1L,Cooking Oil,464,464,
21446,KAYAL GROUNDNUT OIL 500ML,Cooking Oil,140,140,
21447,KAYAL GROUNDNUT OIL 1L,Cooking Oil,250,250,
21448,ALPENLIEBE JUZT JELLY RS.10/-,Chocolates,10,10,
2145,MASOOR DHAAL  500KG,Dhall,53,53,
21450,GARNIER  MASK POOMEGRANATE,General Groceries,99,99,
21451,GARNIER GREEN TEA MASK,Beverages,75,75,
21453,LOREAL PARIS DEHYDRATED HAIR,General Groceries,99,99,
21458,BABY LIPS PINK LOLITA LIP BALM,Baby Items,199,199,
2146,SSR GHEE ROASTED CHANNA DAL,Dhall,64,64,
21460,NAGA GULAB JAMUN MIX,Snacks,128,128,
21462,MILKYMIST BLACK CURRANT,Beverages,25,25,
21463,MILKYMIST CHOCOLATE,Chocolates,25,25,
21468,MILKYMIST FRUIT N NUT ICREAM 50ML,Snacks,45,45,
21469,MILKYMIST CHOCOLATE ICE CREAM 50ML,Chocolates,45,45,
2147,SSR SALTED POTATO CHIPS,Snacks,60,60,
21470,MILKMIST COOKIES O CREAME ICECREAM 50ML,Cookies,45,45,
21471,MILKMIST STRAWBERRY ICE CREAME 40M;L,Ice Cream,35,35,
21472,MILKYMIST BUTTERSCOTH 40ML,Beverages,40,40,
21474,ANNAPOORNA MUTTON MASALA 50GM,Powders,34,34,
21475,ANNAPOORNA CHICKEN 65 MASALA 50GM,Powders,39,39,
21476,YIPPEE NOODLES 140G,Powders,30,30,
21478,TAGEO BLEACHING POWDER 100GM,Powders,12,12,
2148,SSR MASALA PEANUT,Powders,64,64,
21484,DABUR RED BAE FRESH GEL,Soaps & Liquids,10,10,
21485,DABUR RED 300G,Soaps & Liquids,206,206,
21486,MENTHOPLUS BALM 8ML,Soaps & Liquids,40,40,
21487,ODONIL LAVENDER 48G,Bathroom,58,58,
21488,ODONIL ORCHID DEW 48G,Bathroom,58,58,
2149,SSR ROASTED PEAS,Dhall,64,64,
21495,SUNFEAST DARK FANTASY VANILA FILS,Biscuits,10,10,
21497,BEJAY MAPPILAI SAMBA RICE 500G,Rice,70,70,
2150,JAY EC WASH DETERGENT CAKE 200G,Snacks,10,10,
21501,BRITANNIA JIMJAM POPS 35G,Biscuits,10,10,
21502,CONTINENTAL XTRA RS10/-,General Groceries,10,10,
21504,CONTINENTAL SUPER STRONG BLEND 200G,General Groceries,200,200,
21507,FIAMA MEN SEA MINERALS 75G,General Groceries,40,40,
21508,BRITANNIA MARIE GOLD RS.10/-,Biscuits,10,10,
21509,BRITANNIA TIGER GLUCOSE BISCUITS RS.5/-,Biscuits,5,5,
21510,BRITANNIA TOASTEA 182G,Biscuits,35,35,
21514,RAM CARE ALOVERA SHAMPOO 125ML,Shampoo,65,65,
21515,MAGIL GOAT MILK SOAP 75G,Beverages,60,60,
21517,COLGATE 16G,Soaps & Liquids,10,10,
21523,MTR SAMBAR POWDER 100G,Powders,76,76,
21526,DOVE HAIRFALL RESCUE 180ML,General Groceries,185,185,
21529,LIFEBUOY NEEM & ALOE,Soaps & Liquids,10,10,
2153,DOLPHIN BLACK DIAMOND DATES,Snacks,270,270,
21530,SURF EXCEL 80G,Soaps & Liquids,10,10,
21531,DABUR RED 37GM,Soaps & Liquids,20,20,
21532,VENUS CLEANING POWDER 500G,Powders,16,16,
21533,NALAAS IDIYAPPAM KOLUKATTAI FLOUR 500GM,Pooja Items,58,58,
21535,LG PERUNGAYAM 15GM,Powders,25,25,
21536,ENGAGE INTENSE 150ML,General Groceries,230,230,
21538,KOLO MILK RUSK 50G,Biscuits,10,10,
21546,BRITANNIA NUTRI CHOICE 100G,Biscuits,25,25,
21549,MILKYMIST FRENCH VANNILA 500ML,Beverages,140,140,
2155,JAY EC WASH BAR DETERGENT,Soaps & Liquids,30,30,
21552,SOMBU 500G,Powders,150,150,
21553,VENDHAYAM  500G,General Groceries,78,78,
21555,VENDHAYAM 1KG,General Groceries,145,145,
21556,ELAKKAI 1KG,Powders,3500,3500,
21557,PARTY POPPER,General Groceries,50,50,
21559,FUN ON THE MOVE ACTIVITY BOOK 1,Stationery,30,30,
21560,FUN ON THE MOVE ACTIVITY BOOK 2,Stationery,30,30,
21561,FUN ON THE MOVE ACTIVITY BOOK 3,Stationery,30,30,
21562,FUN ON THE MOVE ACTIVITY BOOK 4,Stationery,30,30,
21563,MY LITTLE COLOURING BOOK 1,Soaps & Liquids,30,30,
21564,MY LITTLE COLOURING BOOK 2,Soaps & Liquids,30,30,
21565,MY LITTLE COLOURING BOOK 3,Soaps & Liquids,30,30,
21566,MY LITTLE COLOURING BOOK 4,Soaps & Liquids,30,30,
21567,SURF EXCEL 1 LTR,Soaps & Liquids,210,210,
21568,COLOURING BOOK VEHICLES,Soaps & Liquids,50,50,
21573,COLOURING BOOK BABY ANIMALS,Baby Items,50,50,
21575,GOBBLES CAKE MILKY MASTI,Snacks,13.5,13.5,
21579,MY BIG ACTIVITY BOOK 2,Stationery,80,80,
2158,OTTER WONDERZ TRUFFLES STRAWBERRY,Chocolates,200,200,
21580,MORE FUN WITH GRAYONS,General Groceries,50,50,
21581,MORE FUN WITH GRAYONS 2,General Groceries,50,50,
21585,RAJA HERBAL PIRANDAI POWDER,Powders,40,40,
21589,OREO CHOCO CREME MRP30/-,Chocolates,26,26,
2159,JAMBAVAN GHEE 50ML,Cooking Oil,47,47,
21590,HIMALAYA GENTLE CARE DAILY SHAMPOO 80ML,Shampoo,61,61,
21591,CARBON SHEET SINGLE SHEET,General Groceries,5,5,
21593,CARROT HALWA,Snacks,10,10,
21599,MY BIG COLOURING 4,Soaps & Liquids,80,80,
216,FIGO  CHEETAH & T20  LIQUID FOUNTAIN PEN,Stationery,50,50,
2160,FINSE FABRIC CONDITIONER RS.3/-,Shampoo,3,3,
21600,MY BIG COLOURING 2,Soaps & Liquids,80,80,
21602,FUNTIME COPY COLOUR 4,General Groceries,40,40,
21603,FUNTIME COPY COLOUR 3,General Groceries,40,40,
21604,FUNTIME COPY COLOUR 1,General Groceries,40,40,
21605,COLOURING MY DIVINE BUDDIES BALBHEEM,Soaps & Liquids,50,50,
21607,FUN WITH BOLD WAX CRAYONS 1,Stationery,40,40,
21608,SUPERHEROES COPY COLOURING BOOK,Soaps & Liquids,50,50,
21612,MY FIRST MAGIC PAINTING BOOK  1,Stationery,50,50,
21613,MY FIRST MAGIC PAINTING BOOK 3,Stationery,50,50,
21614,FUN WITH ACTIVITY 1,General Groceries,55,55,
21615,UNICORN COLOURING BOOK,Soaps & Liquids,50,50,
21616,FUN FANTASY SERIES MERMAID COLOURING BOOK,Beverages,50,50,
21617,FUN WITH BOLD WAX CRAYONS 2,Stationery,40,40,
21618,FUN WITH PENCIL COLOURS,Stationery,40,40,
21619,COLOURING DIVINE BUDDIES GANESHA,Soaps & Liquids,50,50,
21620,FUN WITH ACTIVITY 2,General Groceries,65,65,
21621,SLATE PENCIL BOX,Household & Kitchen,15,15,
21627,DOVE DAILY SHINE.,General Groceries,2,2,
21628,MOOV 20GM,Soaps & Liquids,110,110,
21629,BINGO MASALA POTATO CHIPS,Snacks,10,10,
21632,TT ASAFOETIDA POWDER 50G,Powders,102,102,
21633,MILKYMIST ITALIN CHOCOLATE DELIGHT 500ML,Chocolates,170,170,
21634,FUN WITH GRAYONS 1,General Groceries,50,50,
21635,FUN WITH GRAYONS 2,General Groceries,50,50,
21636,FUN WITH GRAYONS 3,General Groceries,50,50,
21637,FUN WITH GRAYONS 4,General Groceries,50,50,
21639,MORE FUN WITH GRAYONS 3,General Groceries,50,50,
21640,MORE FUN WITH GRAYONS 4,General Groceries,50,50,
21643,MEAL MAKER BIG 200GM,Dhall,10,10,
21644,MEAL MAKER SMALL 200GM,Dhall,10,10,
21645,MARIE GOLD,Biscuits,20,20,
21647,BROOM STICK RS.35,Bathroom,10,10,
2165,BIG CERAMIC CUP,General Groceries,10,10,
21651,BROOM STICK HOME ONE,Bathroom,150,150,
21652,HOME ONE COTTON DORI MOP,Bathroom,220,220,
21654,JELIMALS,General Groceries,5,5,
21656,SHARPNER,General Groceries,5,5,
21657,GLUCOSE D 125G,General Groceries,40,40,
21658,GLUCOSE D ORANGE 100G,Vegetables,45,45,
2166,UNBREAKABLE PLATE,Household & Kitchen,10,10,
21661,BROWN TAPE 2,Stationery,50,50,
21662,VVS THIRUPATHI WHITE SEASAME 50G,General Groceries,21,21,
21663,TAPE 2 CLEAR,Stationery,50,50,
21666,MC ASAFOETIDA POWDER 20 GM,Powders,42,42,
21667,KUNDAN SAKTHI 65 MM LS,Powders,250,250,
21668,FEVICOL RS 10,Stationery,10,10,
21674,SUKKU 250GM,General Groceries,155,155,
21683,AARYA NEIKICHADI RICE 5KG,Rice,665,665,
21684,MAGGI MUSROOM PENNE 70G,Powders,35,35,
21686,SUDHARANI PATTANI,Dhall,50,50,
21687,MAGGI MASALA PASTA 70G,Powders,35,35,
21688,AARYA NEIKICHADI RICE 10KG,Rice,800,800,
21689,CADBURY CHOCOLAIRS 120UNITS,Chocolates,120,120,
21690,AARYA NEIKICHADI RICE 26KG,Rice,1900,1900,
21691,CADBURY CHOCOLAIRS 60UNITS,Chocolates,60,60,
21694,SUNFEAST MARIE LIGHT 150G,Biscuits,20,20,
21695,SUNFEAST MARIE LIGHT ACTIVE 200G,Biscuits,30,30,
21696,MUGI FRESH 200ML.,General Groceries,99,99,
21697,MILK BIKIS RS 10,Biscuits,10,10,
21699,AARYA RAJAPOGAM PONNI RICE 5KG,Rice,665,665,
21700,AARYA RAJAPOGAM PONNI RICE 10KG,Rice,800,800,
21701,AARYA RAJAPOGAM PONNI RICE 26KG,Rice,2080,2080,
21702,OCEAN FRUIT DRINK APPLE 250ML,Vegetables,40,40,
21703,TPRG SAMBRANI SMALL,Pooja Items,20,20,
21704,OCEAN FRUIT DRINK 250ML,Vegetables,40,40,
21705,OCEAN FRUIT DRINK GUAVA 250ML,Vegetables,40,40,
2171,SAKTHI FISH CURRY MASALA 50G,Powders,30,30,
21710,AARYA KURUNAI RICE 26KG,Rice,1200,1200,
21711,ZED BLACK SOODAM 30G BOX,Household & Kitchen,75,75,
21713,COLGATE ACTIVE SALT 16G,Powders,10,10,
2172,SAKTHI FISH FRY MASALA 50G,Powders,35,35,
21726,GILLETTE GUARD CREAM 125G,Soaps & Liquids,49,49,
21727,GILLETE SHAVING CREAM 70G,Soaps & Liquids,75,75,
21729,WINKIES MININ SWISS ROLL 25G,Snacks,10,10,
21730,WINKES STRAWBERRY MININ SWISS ROLL 25G,Snacks,10,10,
21731,SCOTCH BRITE SCRUB,Bathroom,35,35,
21735,CHEETA MATCH BOX,Household & Kitchen,10,10,
21736,BINGO OS CHILLI RS.50/-,Snacks,50,50,
21737,SOFY BODYFIT PRO XL SIZE,Napkin,45,45,
2174,FINSE FABRIC CONDITIONER RS.3/-.,Shampoo,3,3,
21747,VICKS INHALER,Soaps & Liquids,69,69,
21748,NEEDLE BIG,General Groceries,20,20,
2175,VENUS SMOOTH,General Groceries,325,325,
21750,MAMMIS CUMIN POWDER,Powders,10,10,
21751,ARIEL 1.5 KG,Soaps & Liquids,369,369,
21753,VICKS VAPORUB XTRA STRONG 25ML.,Soaps & Liquids,125,125,
21754,BRITANNIA GOL MAAL 110G,Biscuits,20,20,
21755,BOURBON,Biscuits,10,10,
21758,TAGEO SOAP OIL 500ML,Cooking Oil,70,70,
2176,KARUDA ROASTED CASHEWS 100G,Snacks,156,156,
21761,MAMMIS CORINDER POWDER 50G,Powders,15,15,
21763,HARIMA BREAD CRUMBS 50G,General Groceries,40,40,
21764,HARIMA CHANA MASALA 50G,Dhall,45,45,
21765,HARIMA PAV BHAJI MASALA 50G,Powders,45,45,
21766,NESTLE KITKAT RS.10/-,Chocolates,10,10,
21767,NESCAFE SUNRISE RS.5/-,Beverages,5,5,
21769,MANGALDEEP SANDAL 228G,Pooja Items,100,100,
2177,VENUS COMFORTGLIDE,Soaps & Liquids,375,375,
21770,MANGAL SANDAL 36G,General Groceries,20,20,
21771,CHEETA MATCH BOX RS.10/-,Household & Kitchen,10,10,
21772,HOMELITES EXTRA LONG RS.10/-,General Groceries,10,10,
21774,BINGO CHILLI LEMON NACHOS RS.10/-,Snacks,10,10,
21775,BINGO OS CHILLI TOMATO RS 10/-,Snacks,10,10,
21776,LIGHTER RS.20/-,Household & Kitchen,25,25,
21778,HANSPLAST LION PLASTER,General Groceries,22,22,
21781,GILLETTE WILKINSON BLADE,Soaps & Liquids,30,30,
21782,BRITANNIA MARIE GOLD 25/-,Biscuits,25,25,
21783,ROJA NOTE BOOK UNRULED  156 PAGE  (BINDING),Stationery,65,65,
21785,KARUPPU SUNDAL 1 KG,Dhall,130,130,
21789,ARUN LITTLE LOVE 50ML,General Groceries,30,30,
2179,SNACKS PLATE,Snacks,10,10,
21793,MILKYMIST MANGO 100ML,Beverages,40,40,
21794,RICHUU CORN FLOUR  500KG,Powders,50,50,
21795,RICHUU CORN FLOUR 250G,Powders,30,30,
218,FIGO L343 FLOWER FOUNTAIN PEN,Stationery,10,10,
21800,ROJA NOTE BOOK K/S 160PAGE RULED (BINDING),Stationery,90,90,
21804,VENKADUGU 50G,Powders,10,10,
21806,COCA COLA 600 ML,Beverages,40,40,
21807,HATSUN CURD 400G,Beverages,50,50,
21808,MEERA RIO RULED 68 FLEXI,General Groceries,15,15,
21809,MEERA RIO RULED 152 BINDING,General Groceries,40,40,
2181,VENUS SMOOTH 2PLADES,General Groceries,349,349,
21810,MEERA TRIO RULED 68 POCKET NOTE LAMI,General Groceries,11,11,
21811,KISSAN MIXED JAM 45G,Snacks,10,10,
21812,SUDHARANI BAMBAY MIXTURE,Snacks,70,70,
21814,BVT DHAL POWDER 100GM,Powders,55,55,
21815,BVT IDLY POWDER 100G,Powders,50,50,
21816,BVT IDLY KOLLU POWDER 100G,Dhall,55,55,
21817,BVT IDLY ELLU POWDER 100G,Powders,55,55,
21818,MEERA RHINO RULED 160PAGE BINDING,General Groceries,140,140,
21819,MEERA GRIPPO UNRULED  152 PAGE LAMI,General Groceries,110,110,
2182,VENUS COMFORTGLIDE 2PLADES,Soaps & Liquids,475,475,
21820,MEERA GRAND  RHINO UNRULED 160 PAGE,General Groceries,130,130,
21821,MEERA GRIPPO RULED 152 PAGE LAMI,General Groceries,110,110,
21822,MEERA TURBO  RULED 160 PAGE BINDING,General Groceries,60,60,
21823,MEERA GEO DRAWING NOTE LAMI,General Groceries,60,60,
21824,MEERA A4 DOUBLE BORDER 25 SHEETS,General Groceries,40,40,
21825,MEERA INDIGO  A4 48 SHEETS UNRULED,General Groceries,75,75,
21826,MEERA NOTE BOOK NO 3 80 SHEET RULED,Stationery,45,45,
21829,ILAKIYA ACHU MURUKKU,Snacks,50,50,
2183,GILLETTE MACH3 TURBO COMFORT 2PLADES,Soaps & Liquids,399,399,
21831,ILAKIYA COCONUTMILK MURUKKU,Snacks,45,45,
21832,MEERA JUMBO RULED 160 PAGE BINDING,General Groceries,82,82,
21833,MEERA JUMBO UNRULED 160 PAGE BINDING,General Groceries,100,100,
21834,MEERA TURBO TWO LINE 80 PAGE,General Groceries,28,28,
21836,MEERA TURBO RULED 80 PAGE LAMI,General Groceries,28,28,
21837,MEERA TURBO UNRULED 80 PAGE LAMI,General Groceries,28,28,
21840,ARIEL COMPLETE  500+200GM,Soaps & Liquids,173,173,
21841,MEERA JUMBO UNRULED 160 PAGE LAMI,General Groceries,82,82,
21842,MEERA JUMBO RULED 160 PAGE LAMI,General Groceries,99,99,
21843,MEERA TURBO UNRULED 160 PAGE BINDING,General Groceries,60,60,
21844,MEERA TURBO UNRULED 160 PAGE LAMI,General Groceries,60,60,
21845,MEERA GRAND GRIPPO UNRULED 64 PAGE L/S,General Groceries,48,48,
21846,MEERA RULED UNIT2 NOTE,General Groceries,45,45,
21847,MEERA NOTE NO 1 RULED,General Groceries,20,20,
21848,MEERA NOTE NO 1 UNRULED,General Groceries,35,35,
21850,GOOD NIGHT GOLD FLASH 2 RP,General Groceries,145,145,
21851,POUR HOME FRENCH FUSION 10G,General Groceries,60,60,
21853,POUR HOME FRENCH FLORA 10G,General Groceries,60,60,
21855,ECLAIRS STRAWBERRY 170G,Chocolates,50,50,
21856,CARAMILK 150G,Beverages,50,50,
21857,ECLAIRS MANGO 170G,Chocolates,50,50,
21859,LOTTE SEASONS HONEY 328G,Snacks,100,100,
21861,MONKEY 555 MACH 3 BROOM,Bathroom,150,150,
21862,MONKEY APPY CAT BROOM,Bathroom,165,165,
21865,UNITY BRIYANI RICE,Rice,219,219,
21866,BRU AROMA 8 G,Beverages,10,10,
21867,HAMAM SUPER SAVER BACK,Soaps & Liquids,198,198,
21868,BELLA COTTON BUDS,General Groceries,59,59,
2187,TIDE BLUE BAR 4+1FREE,Soaps & Liquids,115,115,
21870,ACURA GIMLETT 30 ML,General Groceries,149,149,
21872,ACURA FANTASTIC 20 ML,Beverages,99,99,
21875,BALIAN PASTA MACARONI ELBOW 500G,Powders,58,58,
21876,BALIAN PASTA MACARONI SHELL 500G,Powders,50,50,
21877,BALIAN PASTA MACRONI SPRING 500G,Powders,58,58,
2188,ARIEL MATIC TOP LOAD 1KG,Soaps & Liquids,290,290,
21883,A ONE CLEANING POWDER 450G,Powders,15,15,
21884,ZANDU BALM 4ML,Soaps & Liquids,20,20,
21885,ZANDU BALM ULTRA 4ML,Soaps & Liquids,20,20,
21886,MILKYMIST VANILA 90ML,Beverages,35,35,
21888,MILKYMIST FRENCH VANILLA 700ML,Beverages,260,260,
21889,MILKYMIST ALPHONSO MANGO 500ML,Beverages,160,160,
2189,ARIEL MATIC FRONT LOAD 1KG POWDER,Powders,315,315,
21890,CAVINS COLD COFFEE 200ML,Beverages,40,40,
21894,ARUN BUTTERSCOTCH 125ML,General Groceries,50,50,
21895,ARUN MANGO 125 ML,Vegetables,50,50,
21898,ORAL B,Soaps & Liquids,50,50,
21899,BUCKET IMI PLATINUM 15,Bathroom,145,145,
219,FIGO 336 FOUNTAIN PEN,Stationery,10,10,
2190,PAMPERS XL 16PANTS,Baby Items,399,399,
21900,MUG WHITE 1L,General Groceries,50,50,
21901,MUG SUPER 1.5L,General Groceries,30,30,
21902,CUTTING BOARD 4,General Groceries,150,150,
21903,FEEDING BOTTLE SS,Baby Items,310,310,
21904,PEELER,General Groceries,85,85,
2191,PARACHUTE 50ML 20RS,General Groceries,20,20,
21910,ARUN BUTTERSCOTCH 250ML,General Groceries,100,100,
2193,PARACHUTE JASMINE HAIR OIL 24ML,Shampoo,10,10,
2195,MOB HOLDER,General Groceries,10,10,
2196,WHISPER XL 15PADS,Napkin,175,175,
2197,COLGATE PAINOUT AYURVEDIC MEDICINE,Soaps & Liquids,75,75,
21973,YARDLEY GOLD 50G,General Groceries,72,72,
21978,EYETEX SUBANITHRA MOSQUITO REPRLLENT,Bathroom,15,15,
2198,COLGATE BUBBLE FRUIT 80GM,Vegetables,180,180,
2199,HARIMA SOYA SAUCE,Powders,23,23,
22,LOTUS SAMBIRANI 50G,General Groceries,44,44,
220,FIGO 30CM SCALE,Stationery,12,12,
2200,HARIMA TAMATO SAUCE,Powders,25,25,
2201,HARIMA CHOCLATE MIX,General Groceries,56,56,
22021,YARDLEY CB PERFUME 18ML,General Groceries,75,75,
2203,HARIMA STRAWBERRY MIX,General Groceries,41,41,
22033,SUNSILK THICK&LONG SHAMPOO 80ML,Shampoo,79,79,
2204,KAYAL NANNARI SYRUP 720ML,Beverages,100,100,
2205,DARK FANTASY BOURBON 100GM,Biscuits,26,26,
2206,GANESH DOUBLE ROASTED RAVAI,Powders,58,58,
2209,ARUN BUTTERSCOTCH 1LTR,General Groceries,350,350,
221,MAAMIS TURMERIC POWDER RS 6,Powders,10,10,
2212,DABUR RED 200G,Soaps & Liquids,135,135,
2213,NEW RICH AROMA BRU INSTANT 50G,Beverages,140,140,
22130,SAKTHI CHILLI POWDER 50G,Powders,25,25,
2214,SURF EXCEL MATIC TOP LOAD 1LTR,Soaps & Liquids,175,175,
22142,SAKTHI CHILLI CHICKEN 65 50G,Powders,39,39,
2215,TAJMAHAL  RS80,General Groceries,80,80,
22152,GARNIER COLOR NATURALS 1 NATURAL BLACK,Shampoo,89,89,
22158,BRITA MILK BIKIS 150G,Biscuits,30,30,
2219,ELKOS WILLY SKETCH PEN(BIG),Stationery,30,30,
2220,AACHI BRIYANI MASALA 100GMS,Powders,88,88,
2221,DOMS SKETCH FINE COLOUR PENS,Stationery,30,30,
2223,INITHU INITHU JAR,General Groceries,150,150,
2225,SSR OMA PODI,General Groceries,70,70,
2226,SSR RIBBON MURUKKU,Snacks,70,70,
2230,BRITANNIA TIGER KRUNCH RS 5,Biscuits,4.5,4.5,
2231,ZED BLACK LOBAN SAMBRANI STICKS,Pooja Items,15,15,
2232,VVS GINGELLY OIL 200ML,Cooking Oil,89,89,
2234,MAAZA 600ML BOTTLE,Beverages,35,35,
2235,MAAMIS KULAMBU CHILLI MASALA 200G,Powders,82,82,
22366,GRB SOAN PAPDI 200GM,Snacks,75,75,
22370,PEARS SOFT&FRESH 100G,Soaps & Liquids,52,52,
22372,LOREAL CP PROTECTING SHAMPOO 82.5ML,Shampoo,99,99,
22380,NESTLE MILKYBAR MOOSHA,Chocolates,10,10,
2240,LIMCA TIN 300ML,Beverages,40,40,
22400,BRITANNIA BISCAFE 100G,Biscuits,35,35,
22437,Soap Oil 1ltr,Cooking Oil,50,50,
2244,CAMLIN PASTE 700ML,General Groceries,70,70,
22446,BRITANNIA GOODDAY CASHEW COOKIES,Cookies,25,25,
2245,THUMBS UP TIN 300ML,General Groceries,40,40,
22466,AACHI ADHIRASAM,Powders,90,90,
22475,MAGGI 2 MINUTE NOODLES 70G,Powders,14,14,
2249,AVUL RED,General Groceries,100,100,
22544,MOUNTAIN DEW 250ML,General Groceries,20,20,
2258,HIMALAYA ALMOND ROSE 75G  BUY4 GET1 FREE,Snacks,145,145,
226,AACHI FENNEL POWDER 50G,Powders,21,21,
2262,HIMALAYA DARK SPOT TURMERIC FACE SHEET MASK,Powders,75,75,
22633,PAMPER NEW BABY,Baby Items,20,20,
22639,PONDS BB SERUM CREAM 15G,Soaps & Liquids,52,52,
2264,AVUL 250GM,General Groceries,30,30,
22643,PONDS DREAM FLOWER,Soaps & Liquids,415,415,
2265,HIMALAYA PIMPLE CLEAR NEEM FACE WASH 50ML,Soaps & Liquids,99,99,
22651,PARLE HAPPY HAPPY RS5,Biscuits,5,5,
2266,GRB GHEE 50ML,Cooking Oil,58,58,
22662,POPPINS 2RS,Chocolates,2,2,
22665,HIMALAYA KAJAL 30G,Soaps & Liquids,180,180,
2267,PORI 100 GM,General Groceries,15,15,
2269,UPPU KADALAI 100 GM,Dhall,25,25,
2270,ENGAGE WOMAN SPELL,General Groceries,80,80,
22704,PEPSI 250ML,Beverages,20,20,
2271,ENGAGE WOMAN BLUSH,General Groceries,80,80,
22710,POWER DETERGENT CAKE 150G,Snacks,10,10,
22714,STING ENERGY 250ML,Beverages,20,20,
2272,COCO COLA RS40,General Groceries,40,40,
2273,LUVLAP DIAPER PANTS  XL,Baby Items,32,32,
2274,LUVLAP DIAPER PANTS NB,Baby Items,18,18,
22741,HATSUN CURD RS 10,Beverages,10,10,
2276,NESTLE MUNCH 20 % LONGER,Chocolates,5,5,
2277,SUGAR 500GM,Powders,40,40,
22779,UJALA 75ML,General Groceries,35,35,
2279,RAGI 500GM,General Groceries,35,35,
228,SUNFEAST CAKER LAYERED 14G,Biscuits,5,5,
2282,MEAL MAKER (BIG ) 500G,Dhall,90,90,
2283,MEAL MAKER (SMALL ) 500G,Dhall,75,75,
22839,HIMALAYA PURIFYING NEEM FACEGEL 100ML,Soaps & Liquids,90,90,
22844,TPRG KUM KUM 30G,General Groceries,30,30,
2285,ANT POWDER,Powders,5,5,
22857,GEMS MRP5/-,Chocolates,5,5,
2286,JAYAM GINGER GARLIC PASTE,General Groceries,5,5,
2287,CASTIC SODA 250G,Beverages,38,38,
2288,FLIES KILLER,General Groceries,21,21,
2289,CASTIC SODA 500G,Beverages,76,76,
2290,SABJA SEEDS 100G,General Groceries,60,60,
2291,SABJA SEEDS 50G,General Groceries,30,30,
22918,SUNFEAST GLUCOSE BISCUITS,Biscuits,3,3,
22923,BOUNCE CHOCO CREME 5RS,Chocolates,5,5,
22929,YIPPEE NOODLES MAGIC MASALA 420G,Powders,80,80,
2293,HIDE AND SEEK MILANO VANILLA,Biscuits,40,40,
22933,YIPPEE NOODLES MAGIC MASALA 280G,Powders,60,60,
22938,CADBURY FUSE 21G,Chocolates,20,20,
2295,KAVERI RICE ORANGE 26KG,Rice,1800,1800,
22954,CAMLIN GLUE STICK 8GM,Stationery,25,25,
22964,LOLIPOP RS10,General Groceries,10,10,
22967,BRIT TREAT STIX MRP5/-,Biscuits,5,5,
22985,TATA TEA CHAKRA GOLD 500G,Beverages,348,348,
2299,NESTLE LACTOGEN PRO 2,Baby Items,440,440,
230,INDIA TWIST SS,General Groceries,185,185,
2303,DUSTER MDM MULTI COLOUR,General Groceries,80,80,
2305,PLASTIC THREAD DUSTER COLOUR,Household & Kitchen,160,160,
231,CHINNA TWIST SS,General Groceries,210,210,
23124,FOGG NICE MOBILE PACK 25ML,Biscuits,85,85,
23129,DENVER HONOUR BODY SPRAY,General Groceries,230,230,
23130,DENVER BLACK CODE DEO,General Groceries,230,230,
23131,DENVER PRITE DEO,General Groceries,230,230,
23174,SLICE 125ML,Beverages,10,10,
2319,RAAJALI KARABOONDI 30G,Snacks,10,10,
23206,MIRINDA 250ML,Beverages,20,20,
23280,SCALE 5/-,Stationery,5,5,
2329,RAAJALI HAPPIFY MARBLE CAKES,Snacks,20,20,
2330,RAAJALI HAPPIFY COCOLATE CAKES,Snacks,20,20,
23302,A1 SCRUBBER STEEL,Bathroom,15,15,
2331,RAAJALI HAPPIFY VANILLA CAKES,Snacks,20,20,
2337,RAAJALI MOONG DAL 150G,Dhall,65,65,
2339,RAAJALI KAARA BOONDHI 150G,General Groceries,65,65,
234,BUBBLES,General Groceries,10,10,
2346,RAAJALI ANDHRA MURUKKU 150G,Snacks,65,65,
23473,MAGGI SPECIAL CHICKEN 65 MASALA 3+1,Powders,20,20,
235,MAMMIS CHICKEN 65 RS.10/-,General Groceries,10,10,
2352,HERO FOUNTAIN PEN,Stationery,100,100,
23536,CADBURY GEMS CARTON PACK,Chocolates,20,20,
2355,SRI GANESHRAMS 777 LIME PICKLE RS10,Powders,10,10,
23559,SOFTOUCH FC ANTISWEAT SMELL 18ML,General Groceries,4,4,
2356,SRI GANESHRAMS 777 LIME PICKLE,Powders,88,88,
2357,VIM SHUDHHAM 100ML,General Groceries,60,60,
23590,KADALAI MITTAI RS.10,Dhall,10,10,
2360,HOOK (APPLE ),Vegetables,40,40,
2361,HOOK (FLOWER),General Groceries,40,40,
23610,GALAXY 10 G,Chocolates,10,10,
2362,SANTOOR ALMOND SOFT 100G SOAP,Snacks,41,41,
23660,GARNIER MEN TURBO BRIGHT DUO FASHWASH,General Groceries,119,119,
2367,AVT GOLD CUP PREMIUM TEA 250G,Beverages,225,225,
237,WAX MATCH,General Groceries,10,10,
23711,NATARAJ PICTURE PENCIL,Stationery,3,3,
23716,CAMLIN BLUE INK,Stationery,30,30,
23727,CAMLIN SKETCH,Stationery,30,30,
2374,CADBURY DAIRY MILK CRISPELLO,Chocolates,40,40,
2375,MAAMIS MATTON MASALA RS10,Powders,10,10,
2376,DURACELL AA 2X LONGER LASTING,Beverages,22,22,
2379,MANGO VEG,Vegetables,60,60,
23792,OREO STRAWBERRY CREME MRP30/-,Biscuits,26,26,
2380,KIRAMBU 25G,General Groceries,68,68,
23809,CADBURY GEMS SURPRISE,Chocolates,45,45,
2381,SLAKE NANNARI SODA 2LTR,Beverages,164,164,
2382,SLAKE NANNARI SODA 600ML,Beverages,70,70,
23826,LOTUS VIRUDHUNAGAR SAMBIRANI,General Groceries,80,80,
23829,Rose water 100ml,General Groceries,18,18,
2383,PAAL PERUNKAYAM 25 GM,General Groceries,40,40,
23830,Rose water 200ml,General Groceries,30,30,
2384,SITHARATHAI 25G,General Groceries,66,66,
2385,NANNARI SYRUP (VALLUVAR),Beverages,120,120,
23856,DEV THATTAI,Powders,115,115,
2386,OIL OF MALABAR COCONUT OIL 500ML,Cooking Oil,347,347,
23874,VATIKA COCONUT HAIR OIL 150ML,Shampoo,97,97,
23881,DABUR AMLA HAIR OIL 110ML,Shampoo,50,50,
23886,NESCAFE CHILLED LATTE 180ML,Beverages,45,45,
2389,OTTER WONDERZ ORIGINAL RICH BUTTER TOFFEES,Chocolates,100,100,
2390,EXPO ANTI-BACTERIAL,General Groceries,30,30,
2392,HENKO STAIN CARE,Soaps & Liquids,35,35,
2394,JOHNSONS BABY MILK SOAP 75G,Baby Items,57,57,
23952,DORITOS NACHO CHEESE 10/-,General Groceries,10,10,
2397,JOHNSONS BABY SHAMPOO 50ML,Baby Items,70,70,
23991,CAMLIN COLOUR PENCILS,Stationery,30,30,
24002,OLD SPICE MUSK 70G,General Groceries,71,71,
2401,COMB (ROUND),General Groceries,10,10,
24043,MUNCH 5/-,Chocolates,5,5,
2405,AJINOMOTA 100G,General Groceries,20,20,
24061,SHOTS RS 2/,General Groceries,2,2,
2407,ASK COCO MITTAI RS30,General Groceries,30,30,
2408,ASK PEANUT MITTAI RS30,General Groceries,30,30,
2410,VELLARIKKAI,General Groceries,40,40,
2412,EARTH HSR HARD STAIN REMOVER,General Groceries,100,100,
24124,WHISPER ULTRA MRP42/-,Napkin,42,42,
24144,PAMPERS M (2),Baby Items,25,25,
2415,SAFFOLA VEGGIE TWIST 38G,General Groceries,17,17,
24150,PAMPERS L (2),Baby Items,30,30,
242,BELLA CLASSIC BLUE 45 PADS,Beverages,5,5,
2423,GOOREJ AERO COOL SURF&BLUE,General Groceries,169,169,
2425,SAKTHI IDLI CHILLY POWDER 100G,Powders,44.5,44.5,
2428,GOOREJ AERO VIOLET VALLEY&BLOOM,General Groceries,169,169,
24287,GAS LIGHTER,Household & Kitchen,111,111,
2429,GOOREJ AERO PETAL CRUSH&PINK,General Groceries,99,99,
243,BELLA CLASSIC PINK 15 PADS,Beverages,109,109,
2430,GOOREJ AERO MORNING MISTY&MEADOWS,General Groceries,99,99,
2431,GOOREJ AERO FRESH LUSH&GREEN,General Groceries,99,99,
2432,GOOREJ AERO MUSK AFTER&SMOKE,General Groceries,169,169,
2433,GOOREJ AER SEA BREEZE,General Groceries,65,65,
2434,GOOREJ AER LEMON TANGY DELIGHT,Beverages,65,65,
24359,NESTLE MILKY BAR MOULD 12.5G,Beverages,10,10,
2436,GOOREJ AER ROSE FRESH BLOSSOM,General Groceries,65,65,
2437,GOOREJ AER LAVENDER BLOOM,General Groceries,65,65,
2438,MAAMIS TURMERIC POWDER 500KG,Powders,215,215,
24380,STAYFREE DRY-MAX 8PADS,Napkin,90,90,
24387,MIRINDA 750ML,Beverages,40,40,
2439,MAAMIS RED CHILLI POWDER 500KG,Powders,185,185,
244,EVITA ULTRA WINGS 6 PADS,General Groceries,35,35,
2440,MAAMIS CORIANDER POWDER 500KG,Powders,170,170,
24402,ARUN COTTON CANDY ICONE,Chocolates,40,40,
24423,VVS DHEEPA OIL 200ML,Cooking Oil,75,75,
24424,KINDERJOY BLUE RS 45,General Groceries,45,45,
2443,COCA COLA 400ML,Beverages,20,20,
2445,KEMI KLEEN SPARKLE APLENTY  250ML,General Groceries,55,55,
24450,HIMALAYA BABY HAIR OIL 50ML,Baby Items,75,75,
24452,HEAD&SHOULDERS COOL MENTHOL 72ML,Shampoo,84,84,
2446,KEMI KLEEN 500ML,General Groceries,125,125,
2448,ORAL-B CRISSCROSS MEDIUM 90RS,Soaps & Liquids,90,90,
2449,ORAL-B CRISSCROSS BUY2GET2 FREE,Soaps & Liquids,160,160,
245,BELLA CLASSIC BLUE 15 PADS,Beverages,109,109,
24558,PRINCY  FEEDERS,Soaps & Liquids,95,95,
2457,LION HONEY 1KG BUY 1 GET 1,Snacks,540,540,
2458,PANTENE DEEP REPAIR SHAMPOO,Shampoo,195,195,
24586,LIP BALM,Soaps & Liquids,10,10,
2459,CAMEL STUDENTS WATER COLOUR CAKES,Snacks,20,20,
246,HIT,General Groceries,210,210,
24601,PRINCY BOUR BON SIPPER,Soaps & Liquids,195,195,
24608,ODONIL ROSE GARDEN ROOM SPRAY,Bathroom,155,155,
2461,ODONIL GEL POCKET CITRUS BLOOM,Bathroom,65,65,
2462,ODONIL GEL POCKET FLORAL VALLEY,Bathroom,65,65,
2463,NESTLE MILKMAID TIN,Beverages,145,145,
2464,HIMALAYA BABY LOTION 200ML,Baby Items,185,185,
24661,ZED BLACK ARIJ,General Groceries,60,60,
2468,NAVRATNA OIL 180ML,Cooking Oil,155,155,
24680,KAVIS HONEY WITH AMLA,Snacks,15,15,
24682,PONVANDU LIQ 500ML,General Groceries,115,115,
24683,SENSODYNE SENSITIVITY & GUM 70G,Soaps & Liquids,225,225,
2469,DABUR ALMOND HAIR OIL 190ML,Shampoo,141,141,
24692,AACHI PANI PURI KIT,Powders,75,75,
2470,DABUR ALMOND HAIR OIL 485ML,Shampoo,309,309,
24722,NIVEA CREME 30ML,Soaps & Liquids,70,70,
2473,BAJAJ ALMOND DROPS 285ML,Snacks,225,225,
2475,NESTLE MUNCH MAX 42G,Chocolates,20,20,
2479,PONVANDU DETEGENT,General Groceries,10,10,
248,ALPENLIEBE RS.10/-,Chocolates,10,10,
2481,VVD GOLD COCONUT OIL  175ML JAR,Cooking Oil,78,78,
2482,BAJAJ ALMOND DROPS 475ML,Snacks,315,315,
2483,ODONIL GEL POCKET WILD FOREST,Bathroom,65,65,
2484,VATHAL 500G,Powders,150,150,
2485,VVD GOLD COCONUT OIL 250ML JAR,Cooking Oil,110,110,
24855,PAMPERS S (2),Baby Items,18,18,
2486,VVD COCONUT OIL 100ML PAC,Cooking Oil,60,60,
2487,VVD COCONUT OIL 500ML,Cooking Oil,215,215,
24873,DENVER CALIBER BODY SPRAY,General Groceries,230,230,
24876,DENVER ROYAL OUD BODY SPRAY,General Groceries,230,230,
2488,VVD COCONUT OIL 500 MILLI PAC,Cooking Oil,140,140,
2489,NEW DEON FRESH SANI CUBES,General Groceries,150,150,
2490,VIVEL ALOEVERA SOAP 100G,Soaps & Liquids,30,30,
2491,VIVEL LOTUS OIL SOAP 100G,Cooking Oil,30,30,
24924,KESARI ORANGE POWDER 10G,Powders,3,3,
2493,MANGALDEEP AGARBATHI TREYA,Pooja Items,55,55,
24938,MAGGI MASALA,Powders,5,5,
24946,CADBURY SHOTS 18G,Chocolates,10,10,
2495,DEON FRESH AIR FRESHNER,General Groceries,225,225,
24952,LUX BRIGHT GLOW 100G,Soaps & Liquids,42,42,
24963,GILLETE 7 O CLOCK STERLING,General Groceries,125,125,
2498,SSR CHEEVAL,General Groceries,70,70,
2499,SSR ROASTED CHICKPEAS,General Groceries,64,64,
25,COLGATE MAX FRESH 100ML,Soaps & Liquids,60,60,
25007,CHAKRA 25G,General Groceries,25,25,
2501,WHISPER BINDAZZZ NIGHTS 360* PANTY 149RS,Napkin,149,149,
25019,MOMS MAGIC CASHEW & ALMOND BISCUITS 33G,Biscuits,5,5,
2502,HORLICKS 450GM CLASSIC MALT,Beverages,229,229,
2503,MAHALAKSHMI MASALAS 50GM,Powders,25,25,
2505,AACHI KULAMBU CHILLY POWDER 500G,Powders,180,180,
2506,MARATHI MOTTU 50GM,General Groceries,50,50,
2507,MAAMIS MUTTON MASALA 50G,Powders,33,33,
2508,UPPU KADALAI 250G,Dhall,45,45,
2509,MAAMIS CHICKEN MASALA 50G,Powders,30,30,
25093,CONTINENTAL XTRA ..,General Groceries,290,290,
251,MONKEY 555 GRASS BROOM,Bathroom,110,110,
2511,GARNIER BLACK NATURAL 2.0,General Groceries,45,45,
2512,HORLICKS DIABETES PLUS 200G,Beverages,399,399,
2513,GLOW LOVELY AYURVEDIC CARE,General Groceries,88,88,
2516,NEW GLOW &LOVELY BRIGHTENING SUNSCREEN,General Groceries,59,59,
2517,KISSAN PEANUT BUTTER CRUNCHY 350G .,Snacks,175,175,
252,MONKEY 5T BROOM STICK,Bathroom,190,190,
2520,LAKME 9 TO 5 SUN EXPERT SUPERMATE,General Groceries,269,269,
25218,MARKER WHITE BOARD,Stationery,10,10,
2522,POTATO VEG,Vegetables,100,100,
2523,PACHA MILAGAI VEG 1KG,General Groceries,150,150,
2524,DHATHRI NEEM &LEMON HAND WASH,Vegetables,99,99,
2525,MILKKOVA 250GM,Beverages,90,90,
2526,SAVORIT ELBOW PASTA .,Powders,28,28,
2527,SAVORIT ELBOW PASTA 500G,Powders,56,56,
253,MAMMIS BAJJI MIX 200G,General Groceries,41,41,
25314,DUSTBIN PLAIN,Bathroom,100,100,
25316,COMB,General Groceries,7,7,
2532,AASHIRVAAD SVASTI PURE COW GHEE 500ML,Cooking Oil,437,437,
25322,DABUR AMLA HAIR OIL 180ML,Shampoo,99,99,
2536,BINGO CREAM ONION RS10,Snacks,10,10,
25361,CHANRIKA SET 75GM*3,General Groceries,99,99,
2538,KALIMARK FRUTANG MANGO,Beverages,12,12,
25407,DABUR CLOVE 100GM,Powders,65,65,
2542,PANTENE AHS DAMAGE CARE CONDITIONER 200ML,Shampoo,209,209,
2543,GARNIER MEN ACNO FIGHT FACEWASH 50G,General Groceries,119,119,
2544,PANTENE SILKY SMOOTH SHAMPOO 75ML,Shampoo,79,79,
2546,SUNFEAST SUPERMILK VANILLA STYLE SHAKE,Biscuits,35,35,
2547,PAAL PERUNKAYAM 500G,General Groceries,450,450,
2548,SPOON,Household & Kitchen,60,60,
2549,FOGG ROYAL 120ML,General Groceries,225,225,
2550,VELLA MOCHAI 1KG,Dhall,140,140,
25500,HELLMANNS REAL MAYONNAISE 85G,General Groceries,40,40,
2551,VELLA MOCHAI 500KG,Dhall,75,75,
25515,NIVEA SOFT CREAM 25ML,Soaps & Liquids,55,55,
2552,SIVAPPU AVAL 250G,Rice,30,30,
2553,VELLA MOCHAI 250G,Dhall,40,40,
2554,SENSODYNE RAPID RELIEF 80G + TOOTH BRUSH,Soaps & Liquids,187,187,
2555,BRITA GOOD DAY NUTS,Biscuits,25,25,
2556,KULAMBU KADALAI PARUPPU 500G,Dhall,10,10,
2557,MILK BIKIS 178GM,Biscuits,35,35,
2559,GARNIER COLOR NATURALS 70ML+60G,Shampoo,219,219,
256,VVD CHEKKU COCONUT OIL 500ML,Cooking Oil,350,350,
2561,GARNIER COLOR NATURALS 1 NATURAL BLACK MEN,Shampoo,115,115,
2562,LIFEBUOY WITH VITAMINS HAND WASH,Soaps & Liquids,99,99,
2563,VATHAL 250G,Powders,75,75,
2564,HAPIMA CRISPY FRY MIX 72G,General Groceries,30,30,
2565,AACHI KULAMBU MASALA 200G,Powders,79,79,
25660,ARUN COTTON CANDY BITES,Chocolates,5,5,
2567,POKEMON PALDEAN FATES,General Groceries,10,10,
2568,SURF EXCEL 65G,Soaps & Liquids,10,10,
25707,FIAMA GEL P&A  SOAP 125G,Soaps & Liquids,69,69,
2571,NEW FORMULA SURF EXCEL MATIC FL 1 LTR,Soaps & Liquids,255,255,
25712,FIAMA GEL P&M SOAP 125G,Soaps & Liquids,69,69,
25715,LISTERINE ORIGINAL MOUTHWASH 80 ML,Soaps & Liquids,60,60,
2572,AACHI TUMERIC POWDER 100G,Powders,42,42,
25724,PARLE PARLE-G,Biscuits,2.7,2.7,
25725,HIDE&SEEK RS 30,Biscuits,27,27,
2573,HAPIMA CRISPY FRY MIX VEGGIES,General Groceries,10,10,
25732,MOMS MAGIC BUTTER BISCUITS,Biscuits,5,5,
25736,PAMPERS XL (2),Baby Items,35,35,
2574,ACTIVE WHEEL 2 IN 1,Soaps & Liquids,38,38,
25744,TPRG JAVADHU POWDER,Powders,34,34,
25749,PARLE HAPPY HAPPY RS10,Biscuits,10,10,
2575,HORLICKS MOTHERS PLUS 400G .,Beverages,620,620,
2576,AACHI PEPPER POWDER 50G,Powders,76,76,
25762,PERRYS SIXER SALTY 200G,Powders,80,80,
2577,AACHI TOMATO RICE 50G,Rice,18,18,
2578,LUX FRESH GLOW PLUS 100G,Soaps & Liquids,38,38,
2579,LIFEBUOY TURMERIC AND HONEY RS10,Snacks,10,10,
258,MTR CHANNA MASALA 100G,Powders,100,100,
2580,PEARS PURE AND GENTLE RS40,Soaps & Liquids,40,40,
2582,SURF EXCEL MATIC FRONT LOAD 1LTR,Soaps & Liquids,179,179,
2585,VIBOOTHI 2.50 RS,General Groceries,2.5,2.5,
2586,LION KIMIA DATES 200G,Snacks,132,132,
2589,PINEAPPLE CAKE 140G,Snacks,60,60,
259,LABAN JELLY MAN RS.10/-,General Groceries,10,10,
2591,VIBOOTHI 3 RS,General Groceries,3,3,
2592,ENCHANTEUR TALC ROMANTIC 125G,Soaps & Liquids,185,185,
2594,COLGATE TOTAL 80G,Soaps & Liquids,80,80,
2597,KINDER JOY PINK RS45,General Groceries,45,45,
25972,SUNFEAST BOUNCE FILLS ORANGE VANILLA,Biscuits,5,5,
2598,MILKYMIST ICE CANDY MANGO,Chocolates,10,10,
2599,MILKY MIST CHOCOLATE CONE,Chocolates,45,45,
25999,ANIL VERMICELLI MRP10/-,Powders,13,13,
260,SURF EXCEL MATIC FL 1L,Soaps & Liquids,169,169,
2600,BALL RS.10/-,General Groceries,10,10,
26006,BRITANNIA CAKE GOBBLES PINEAPPLE PLUNGE,Biscuits,13.5,13.5,
26008,GOBBLES CAKE FRUITY FUN,Snacks,15,15,
2601,MILKY MIST CAPELLA BAR BISCOFF,Beverages,40,40,
26010,GOBBLES CAKE CHOCO CHILL,Chocolates,15,15,
26017,MARIE GOLD RS 10/,Biscuits,10,10,
2602,AMALAS  CUP CAKE,Snacks,60,60,
2603,AMALAS VANILLA BAR CAKE,Snacks,40,40,
26038,TREAT CHOCO WAFERS,Chocolates,50,50,
2604,AMALAS CHOCOLATE BAR CAKE,Chocolates,40,40,
2605,VIBOOTHI 5RS,General Groceries,7,7,
26055,THULSI CUP SAMBRANI 90/-,Pooja Items,120,120,
2609,AACHI HOTEL SAMBAR POWDER 50G,Powders,25,25,
2610,CYCLE SANDALUM RS20,Pooja Items,20,20,
2611,SUNRISE,General Groceries,10,10,
2612,KUNGUMAM 3RS,Pooja Items,3,3,
2613,TETLEY GREEN TEA CLASSIC,Beverages,70,70,
2614,GARNIER MEN SHAMPOO COLOR,Shampoo,35,35,
2617,DAILEE LEMON 200ML,Vegetables,12,12,
26176,HIMALAYA ALOE VERA  FACE WIPES,Soaps & Liquids,50,50,
2618,DAILEE MANGO DRINK 180ML,Vegetables,12,12,
2619,JINTHAAA 200ML,General Groceries,12,12,
2620,DAILEE ORANGE 200ML,Vegetables,12,12,
2623,BINGO HOT SPICY KOREAN STYLE RS50,Snacks,50,50,
2624,MILKY MIST VANILLA 90ML,Beverages,45,45,
2626,VIRALI MANJAL 50GM,General Groceries,20,20,
26265,REXONA 100G,General Groceries,38,38,
26266,BALIAN PASTA MACARONI ELBOW 250G,Powders,25,25,
2628,OMAM 25G,General Groceries,20,20,
2630,MAHIL ALOE VERA SOAP 75G,Soaps & Liquids,50,50,
2634,NILAKADALAI 250G,Dhall,55,55,
2636,NILAKADALAI 100G,Dhall,25,25,
2637,HIMALAYA MEN POWER GLOW LICORICE FACE WASH,Soaps & Liquids,99,99,
26376,CYCLE SANDALUM CONE RS10/-,Pooja Items,10,10,
2638,HIMALAYA  MEN FACE AND BEARD WASH,Soaps & Liquids,99,99,
26385,BRIT GOOD DAY CHOCOCHIP,Chocolates,30,30,
26387,NESCAFE SR MRP10/-,Beverages,10,10,
264,MILKYMIST CHEESE CUBE,Beverages,115,115,
26403,GILLETTER VECTOR+,Soaps & Liquids,80,80,
26407,TIDE JASMINE & ROSE DP 1KG,Soaps & Liquids,138,138,
2641,HORLICKS RS 5/-,Beverages,5,5,
2643,KISSAN FRESH TOMATO KETCHUP 200G,Vegetables,65,65,
2644,SPIN MOP,Bathroom,200,200,
26449,UDHAYA KRISHNA GHEE 500ML,Cooking Oil,475,475,
26451,GRB RASOGOLLA TIN 300G,General Groceries,80,80,
2646,CORN CHIPS 1KG,Snacks,150,150,
26462,GD BUTTER RS25/-,General Groceries,25,25,
26466,CHANDRIKA AYURVEDIC SOAP 75GM,Soaps & Liquids,32,32,
26467,BOOST RS5/-,Beverages,5,5,
26472,HORLICKS RS5,Beverages,5,5,
26474,DETTOL ANTISEPTIC LIQUID 125ML,Soaps & Liquids,83.03,83.03,
26477,HARPIC BLUE POWER PLUS 500ML,Bathroom,110,110,
2648,FANTA 600ML,Beverages,40,40,
2649,LIMCA 600ML,Beverages,40,40,
2650,SPECIAL THIRUKURAL BOOK,Stationery,110,110,
2651,KOC NORMAL THIRUKURAL BOOK,Stationery,80,80,
26516,DAIRY MILK FRUIT&NUT 75G,Chocolates,107,107,
2652,THIRUKURAL  BOOK 128 PAGES,Stationery,50,50,
26527,PAPER PLATE NO- 8,Household & Kitchen,60,60,
26528,PAPER PLATE NO-10,Household & Kitchen,70,70,
26529,PAPER PLATE NO-12,Household & Kitchen,100,100,
2654,NEW METHOD TABLE BOOK,Stationery,30,30,
26551,MILKY BAR MOOSHA44G,Beverages,20,20,
26560,DARK FANTASY VANILLA CREME 50+10G,Biscuits,10,10,
26561,SUNFEAST HI FI,Biscuits,5,5,
26588,DARK FANTASY CHOCO CREME 60G,Chocolates,10,10,
2659,KULAINTHAI TAMIL MALAR,General Groceries,60,60,
26594,RUBY BADAM MILK,Snacks,33,33,
26596,RUBY ROSE MILK,Beverages,33,33,
266,WHISPER ULTRA XL 6 PADS (GREEN),Napkin,65,65,
26617,TOILET BRUSH 7700,Bathroom,90,90,
2662,BIRTHDAY CAP,General Groceries,60,60,
2663,SMILEY BALL RS.20/-,General Groceries,20,20,
2664,ONION APPLAM 1KG,Vegetables,110,110,
2665,COLOUR APPLAM 1KG,General Groceries,100,100,
2668,PARK AVENUE VOYAGE BODY SPRAY,General Groceries,250,250,
267,KARUDA CASHEW DATES 200GM,Snacks,151,151,
2670,HIDE &SEEK ORANGE CREME 125 G,Biscuits,36,36,
26706,PREMIER PAPER HAND KERCHIEF,General Groceries,15,15,
2672,GANESH JAGGERY POWDER 500G,Powders,62,62,
2673,DABUR RED RS20,Soaps & Liquids,20,20,
2674,DABUR RED RS70,Soaps & Liquids,69,69,
2675,COLOR CHART,General Groceries,12,12,
2678,3 ROSES 25G,Beverages,25,25,
26791,CAMEL WATER COLOR BLUE,General Groceries,30,30,
268,KARUDA BLACK DATES 500G,Snacks,300,300,
2682,CARROT VEG 1KG,Vegetables,100,100,
2683,AVARAIKAI VEG 1KG,General Groceries,100,100,
2684,KATTHARIKKAI VEG 1KG,General Groceries,80,80,
2685,BEERKKANKAI VEG,General Groceries,70,70,
2686,VALAIKKAI VEG,General Groceries,15,15,
2687,PARLE HIDE &SEEK CHOCLATE,Biscuits,30,30,
2689,CABBAGE VEG 1KG,Vegetables,80,80,
2690,CAULIFLOWER VEG,Vegetables,90,90,
2692,VENDAIKKAI VEG 1KG,General Groceries,60,60,
2693,MALLICHEDI VEG 1KG,General Groceries,150,150,
26932,IDHAYAM GINGELLY OIL 100ml,Cooking Oil,44,44,
2694,KARUVEPPILAI VEG,General Groceries,100,100,
2695,PACHA PATTANI VEG,Dhall,10,10,
2696,MULLANGI VEG 1KG,General Groceries,80,80,
26964,TEA FILTER,Beverages,15,15,
2697,WHISPER MAXI FIT 8 PADS,Napkin,110,110,
2698,BEETROOT VEG 1KG,Vegetables,100,100,
2699,RAJA THUTHUVALAI POWDER 50G,Powders,47,47,
270,FROOTI 200ML,Beverages,15,15,
2700,RAJA KADUKKAI 50G,General Groceries,38,38,
2701,RAJA NELLIKKAI POWDER 50G,Powders,38,38,
2702,RAJA NEELI AVURI ILAI POWDER 50G,Powders,52,52,
27029,GRB GHEE 100ML,Cooking Oil,110,110,
2703,RAJA KANDANKATHIRI POWDER 50G,Pooja Items,50,50,
27034,AACHI CUMIN 15G,Powders,10,10,
27036,HIMALAYA AYUR CLEAR SKIN SOAP 75G,Soaps & Liquids,44,44,
27041,HIMALAYA GENTLE SOAP 75G,Soaps & Liquids,62,62,
2705,WATER,General Groceries,10,10,
2706,PANDIAN CITRON PICKLE RS10,Powders,10,10,
27062,LISTERINE CAVITY FIGHTER MOUTHWASH 80ML,Soaps & Liquids,70,70,
27070,BRIT TOASTEA MILK RUSK 200G,Biscuits,35,35,
27071,GOBBLES CAKE BUTTER BLAST,Snacks,15,15,
27073,GOBBLES CAKE ORANGE BITES,Biscuits,15,15,
2709,PANDIAN CITRON PICKLE 100G,Powders,30,30,
271,SAI PANAKARKANDU,General Groceries,75,75,
2710,PANDIAN MANGO PICKLE 100G,Powders,30,30,
2711,PANDIAN LEMON PICKLE 100G,Powders,30,30,
27114,SPOON SS BIG,Household & Kitchen,30,30,
2715,FRUIT DESSERT ORANGE,Vegetables,20,20,
27160,HIMALAYA ANTI-HAIRFALL SACHET,Soaps & Liquids,4,4,
2717,VVV GINGELLY OIL 100ML,Cooking Oil,48,48,
27173,KARTHIKA SHAMP00 BLACK SHIELD 175ML,Pooja Items,115,115,
2718,SEENI AVARAKKAI VEG,General Groceries,60,60,
2719,VVV GINGELLY OIL 200ML,Cooking Oil,90,90,
2721,VVV ANANDHA JYOTHI DEEPAM OIL 500ML,Pooja Items,128,128,
2722,VVD LITE COCONUT OIL 20ML,Cooking Oil,10,10,
27246,CADBURY 5 STAR 40GM,Chocolates,20,20,
2726,ANNACHI POO 100G,General Groceries,100,100,
27263,CAMLIN WHITE GLUE 22.5G,Stationery,10,10,
27264,RANGEELA 6 COLOURS 10/-,General Groceries,12,12,
27266,CATRIDGE 20 N PEN,Stationery,60,60,
2727,LIMOZ  DISH WASH BAR,General Groceries,5,5,
2728,MOPIT FLOOR CLEANER ROSE FRAGRANCE,Bathroom,123,123,
2729,HYGIX POWERFUL TOILET CLEANER 500ML,Bathroom,115,115,
27291,VATIKA HAIR OIL 150ML,Shampoo,100,100,
273,FANTA 1L,Beverages,50,50,
2730,MOPIT FLOOR CLEANER LEMON 500ML,Vegetables,123,123,
2731,WASO SCENTSATION LIQUID 10RS,General Groceries,10,10,
2732,SIRIMIRI BLACK SESAME 5RS,Cooking Oil,5,5,
2733,SIRIMIRI WHITE SESAME 5RS,Cooking Oil,5,5,
2734,SIRIMIRI KADALA MITTAI 5RS,General Groceries,5,5,
2736,CANDLE MRP 200,General Groceries,200,200,
2737,CANDLE MRP 70,General Groceries,70,70,
2738,CANDLE MRP12,General Groceries,12,12,
2739,BEANS 1KG,General Groceries,100,100,
274,COCA COLA 1L,Beverages,50,50,
2740,NYCIL GERM EXPERT CLASSIC,Beverages,149,149,
2741,SCISSORS BIG,Stationery,100,100,
27414,BISLERI SODA 750ML,Beverages,20,20,
27418,CLAY SM,General Groceries,30,30,
2742,SCISSORS MEDIUM,Stationery,60,60,
2743,POUCH RS15,General Groceries,20,20,
2744,SOAP BOX  (SUPER BOX),Soaps & Liquids,25,25,
2745,INSULIN TAP,General Groceries,15,15,
2746,PEN 3/-,Stationery,4,4,
2748,MILKY BAR CHOO PLAIN,Beverages,5,5,
27488,GEMS 5/-,Chocolates,5,5,
2749,GITHZEN NEW ELECTRIC CALCULATOR,Stationery,220,220,
27498,OREO ORIGINAL VANNILA 46.3G,Biscuits,10,10,
275,LEHAR SODA 750ML,Beverages,20,20,
2750,SAVLON MOISTURE PROMO BACK,General Groceries,99,99,
27500,5 STAR,Chocolates,5,5,
2751,GILLETTE SERIES SHAVE GEL,Soaps & Liquids,99,99,
27517,sambrani,Pooja Items,12,12,
2752,ORAL-B CRISSCROSS BUY 2 GET 2FREE,Soaps & Liquids,190,190,
2754,ORAL-B CRISSCROSS BUY 2GET 1 FREE,Soaps & Liquids,198,198,
2755,STAYFREE ADVANCED XL ALL NIGHT 7PADS,Napkin,110,110,
27555,LIPTON GREEN TEA HONEY LEMON (10),Snacks,75,75,
2756,STAYFREE DRY MAX XL ALL NIGHT 7PADS,Napkin,110,110,
27572,MANGALDEEP JASMINE CHANDAN.,Pooja Items,55,55,
2758,ORAL-B CRISSCROSS  BUY 2GET2 FREE,Soaps & Liquids,160,160,
2759,COLOUR APPALAM,Powders,10,10,
276,PARACHUTE 500ML,General Groceries,250,250,
2760,JATHIPATHIRI 50G,Pooja Items,150,150,
27601,HIMALAIYA AYURVEDA GUM CARE 150G,Stationery,135,135,
27602,HIMALAIYA AYURVEDA GUM CARE 80G,Stationery,70,70,
2761,ONION APPALAM 100G,Powders,15,15,
27613,MALKIST MRP50/-,General Groceries,50,50,
2762,RAGI 250G,General Groceries,12,12,
27636,DABUR GULABARI 59ML,General Groceries,30,30,
2764,GOOD KNIGHT GREEN SHAKTI COIL,Bathroom,45,45,
2765,SODA SALT 250G,Powders,30,30,
27650,HIMALAYA BABY HAIR OIL 100ML,Baby Items,151,151,
27653,HIMALAYA GENTLE BABY SHAMPOO 400ML,Baby Items,400,400,
2766,BAMBINO VERMICELLI .,Powders,10,10,
27662,VIBRO PANEER SODA 300ML,Beverages,20,20,
2767,DAILEE CLOUDY LEMON 200ML,Vegetables,12,12,
27679,SENSODYNE DAILY CARE BRUSH,Soaps & Liquids,31,31,
27680,SENSODYNE SENSITIVE TOOTH BRUSH,Soaps & Liquids,65,65,
27681,HIMALAYA ALOE VERA FACE GEL 100ML,Soaps & Liquids,90,90,
2769,MERIBA PANEER 200ML,General Groceries,12,12,
27690,TRESEMME KERATIN SMOOTH SHAMPOO 85ML,Shampoo,113,113,
27692,KALIMARK CHOCO DRINK,Chocolates,35,35,
277,TATA SAMPANN POHA,Rice,53,53,
2770,AACHI KASHMIRI CHILLI POWDER 20G,Powders,20,20,
27703,PRINCY FEED RS90,Soaps & Liquids,110,110,
27707,ZED BLACK LUXURY PINEAPPLE 100G,Soaps & Liquids,75,75,
2771,AACHI CHILLI POWDER 40G,Powders,20,20,
2772,AACHI TURMERIC POWDER 50G .,Powders,15,15,
2773,AACHI CHICKEN MASALA 35+15G,Powders,20,20,
27737,PONDS MAGIC  18G,Soaps & Liquids,10,10,
2774,AACHI SAMBAR POWDER 35+15G,Powders,20,20,
2777,CADBURY 5 STAR NEW SOFTER BAR,Chocolates,20,20,
2778,HALDIRAMS RASAGULLA 500 G,General Groceries,125,125,
2779,CADBURY GEMS SURPRISE MOTU PATLU,Chocolates,50,50,
2780,CADBURY CHOCO CREAME  OREO,Chocolates,20,20,
2781,PERK RS5,Chocolates,5,5,
2783,TANG LEMON 500G,Beverages,150,150,
27830,MAGGI CHILLI CHOW CUPPA NOODLES,Powders,50,50,
2784,IDHAYAM GINGELLY OIL 50ML,Cooking Oil,21,21,
2785,PERRYS CHOCO RICH 300G,Chocolates,100,100,
2786,PERRYS COOKY RICH 300G,General Groceries,100,100,
2787,PERRYS ZOOBI 200G,General Groceries,80,80,
2788,LILY SAFETY PINS,General Groceries,7,7,
2790,TANG MANGO 500G,Beverages,170,170,
2791,MILKYBAR CHOO STRAWBERRY,Chocolates,5,5,
2792,COCONUT BURFI RS.5/-,Vegetables,5,5,
2793,TANG ORANGE RS5,Beverages,5,5,
27934,GEMS 10/,Chocolates,10,10,
27938,HERSHEYS SPREADS COCOA 150G,Chocolates,185,185,
2794,DEONFRESH AIR FRESHNER,General Groceries,55,55,
2795,MILKY MIST ORANGE,Beverages,10,10,
27957,COLGATE KIDS 25/-,Soaps & Liquids,27,27,
2797,PUDINA,Vegetables,100,100,
2798,KARUNJEERAGAM 50G,Powders,50,50,
2799,KARUNJEERAGAM 100G,Powders,70,70,
2801,PRIL LIME GREASE FIGHTER 120ML,General Groceries,20,20,
28017,WHISPER BINDAZZZ NIGHT XXL+ 6 PADS,Napkin,110,110,
2803,MEERA NOTEBOOK UNIT 2 RULED,Stationery,30,30,
2804,MILKY MIST MALAI KULFI,Ice Cream,30,30,
28043,HEAD&SHOULDER SS 180ML,General Groceries,215,215,
2806,HIMALAYA NEEM AND TURMERIC SOAP 125GM,Powders,60,60,
2807,HIMALAYA NEEM AND TURMERIC SOAP 75G,Powders,36,36,
28078,LUX CREAMY PERFECTION PLUS 75G,Soaps & Liquids,40,40,
2808,HIMALAYA SOAP HONEY & CREAM 125GM,Snacks,64,64,
2809,HIMALAYA ALMOND ROSE SOAP 75GM,Snacks,36,36,
2810,MEERA 160 TURBO CHECKED -(L),General Groceries,70,70,
2811,LAYS HOT N SWEET CHILLI 78G,Snacks,30,30,
2812,MYSORE SANDAL GOLD SOAP 125G,Soaps & Liquids,90,90,
2813,MY CLEAR RS15,General Groceries,20,20,
2815,BROWN SHEET PAPER ROLL,Snacks,50,50,
2816,BROWN SHEET PAPER ROLL 54 CM,Snacks,60,60,
2818,NESCAFE ICED LATTE,Beverages,70,70,
2819,MAGGI 2 -MINUTE NOODLES MASALA,Powders,84,84,
28190,VIM RS 5/,General Groceries,5,5,
282,SAKLTHI MUTTON MASALA 20G,Powders,11.5,11.5,
2820,HIMALAYA BABY  REFRESHING  SOAP 75G,Baby Items,62,62,
28207,RIN POWDER ANTIBAC 500G,Powders,60,60,
2821,MUNCH MAX RS20,Chocolates,20,20,
2822,MAGGI CHICKEN NOODLES,Powders,20,20,
28221,LION AMLA IN HONEY 350G,Snacks,155,155,
28229,GILLETE MACH3,General Groceries,275,275,
2823,LAVIAN CHOKITO HAZELNUT,General Groceries,350,350,
2825,SAKTHI MUTTON MASALA 50G,Powders,35,35,
2827,LAVIAN CHOKITO MILK,Beverages,5,5,
2828,LAVIAN CHOKITO PEANUT BUTTER,Snacks,350,350,
2829,LAVIAN CHOKITO CARAMELL,General Groceries,5,5,
283,SAKTHI CHICKEN MASALA 20G,Powders,12,12,
2831,MURUNGAKAI,General Groceries,120,120,
2832,LAYS MAGIC MASALA 73G,Snacks,30,30,
2833,MEDIMIX SANDAL BUY 3GET1,Soaps & Liquids,102,102,
28359,LAYS M&MASALA RS20,Snacks,20,20,
2836,JAY EC DISH WASH,General Groceries,10,10,
2837,LAYS CREAM N ONION 72G,Snacks,30,30,
28385,CRAZY NOODLES 1KG,Powders,185,185,
284,SAKTHI SAMBAR POWDER 20G,Powders,12,12,
28433,LIFEBUOY 45G,Soaps & Liquids,10,10,
2844,LAYS TOMATO TANGO 72G,Snacks,30,30,
2845,KKK SILVER 26 KG,General Groceries,1850,1850,
28458,MALKIST CHOCOLATE,Chocolates,50,50,
2846,PARK AVENUE NEO PREMIUM BODY SPRAY,General Groceries,250,250,
2847,BELLA CLASSIC,Beverages,39,39,
2848,LAVIAN MEMORIES MILK ECLAIR,Beverages,100,100,
285,AIRLIA FABRIC CONDITIONER RS.3/-,Shampoo,3,3,
28501,KUR  KURE,General Groceries,5,5,
2851,LAVIAN FRUITY BLAST GRAPES,Vegetables,5,5,
28510,BRU SUPER STRONG 200G,Beverages,280,280,
2852,LAVIAN FRUITY BLAST LOLLI POP WATERMELON,General Groceries,5,5,
28520,ARUN RED VELVET,General Groceries,60,60,
2853,LAVIAN FRUITY BLAST RAW MANGO,Vegetables,5,5,
28567,CADBURY DAIRY SILK BUBBLY 50G,Chocolates,80,80,
2857,SSR KARA BOONDI 250G,Snacks,60,60,
2858,BRITANNIA BOURBON,Biscuits,5,5,
2859,AACHI CITRON PICKLE,Powders,47,47,
286,AIRLIA FABRIC CONDITIONER RS.3/- PINK,Shampoo,3,3,
2860,BRITANNIA GOOD DAY BUTTER COOKIES,Cookies,5,5,
28603,ODONIL AIR FRESHNER...,Bathroom,192,192,
28605,MANGALDEEP ROSE CHANDAN,Pooja Items,55,55,
28607,MANGADEEP LAVENDER,General Groceries,50,50,
28615,AACHI EGG CURRY MASALA 10RS,Powders,10,10,
2862,SAFFRON,General Groceries,310,310,
28620,MANGALDEEP CLASSIC CHANDAN,Pooja Items,55,55,
28628,HALDIRAMS MOONGDAL 18G,Dhall,5,5,
28629,SAKTHI RASAM POWDER 50G,Powders,42,42,
2863,AACHI LIME PICKLE 50GM,Powders,10,10,
28636,SAKTHI CORIANDER POWER 50G,Powders,16,16,
2864,KUTRALA THUNDU,General Groceries,10,10,
2866,AACHI CURRY MASALA 50G.,Powders,30,30,
2867,AACHI CUMIN POWDER 50G,Powders,37,37,
2868,SAMBAR KAI VEG,Powders,10,10,
28680,KITKAT DESSERT BROWNIE,Chocolates,65,65,
2869,DHATHRI ALOE VERA HAND WASH,Soaps & Liquids,99,99,
28703,BINGO ACHARRI MASTI,Snacks,5,5,
2871,YUMMY  YUMEO MILKY CREAM,Beverages,5,5,
2872,JAMBAVAN GHEE 200ML,Cooking Oil,180,180,
28721,MEDIMIX HANDMADE125G,Soaps & Liquids,47,47,
28722,MEDIMIX CLASSIC GREEN 75G,Beverages,32,32,
2873,KILI MAIDA 10KG,Powders,600,600,
2876,AACHI LEMON RICE POWDER 50G,Powders,18,18,
2877,VIJAY TOMATA SAUCE 1 KG,Powders,105,105,
2878,HARIMA BUTTERSCOTCH MIX,General Groceries,47,47,
2879,BLACK GRAPS,General Groceries,100,100,
28796,NEW ARIEL PERFECT WASH 500G,Soaps & Liquids,89,89,
2882,GILLETTE 7 O CLOCK,Soaps & Liquids,40,40,
28827,LOLLI POP LUVIT,General Groceries,5,5,
2883,KASA KASA 50G,General Groceries,85,85,
2884,PATTANI PARUPPU 100GM,Dhall,8,8,
2885,TIDE DOUBLE POWER RS10,Soaps & Liquids,10,10,
2886,FLAIR INK LINE BALL PEN,Stationery,20,20,
2889,FLAIR INK PANDA ROUND NIP,Stationery,60,60,
289,SAARAL MIXED VEGETABLE SOUP MIX,Vegetables,39,39,
2890,FLAIR INKY NEON FOUNTAIN PEN,Stationery,50,50,
2891,FLAIR GLASS GEL,General Groceries,10,10,
2892,PATTAI 100G,Powders,50,50,
2893,FLAIR INKY CLASSIC,Beverages,50,50,
28934,yardley saving cream elegance,Soaps & Liquids,40,40,
28943,KRACK JACK BUTTER MASALA,Powders,10,10,
2895,FLAIR EZEE -CLICK BALL PEN,Stationery,7,7,
2896,KIRAMBU 50G,General Groceries,75,75,
2897,MAAZA 200ML,Beverages,20,20,
2898,EVEREST SAFFRON 1GM,Powders,421,421,
28982,GRB RASAGOLLA 125G BOX,Household & Kitchen,40,40,
2899,BADAM 100G,Snacks,120,120,
2900,BADAM 50G,Snacks,60,60,
29003,AACHI FISH CURRY MAS 20G,Powders,10,10,
29007,AACHI GARAM MASAL,Powders,12,12,
2901,EVEREST SAFFRON 0.5GM,Powders,210,210,
2902,GOKULAM SEEDED DATES 500G,Snacks,119,119,
2903,GOKULAM SEEDLESS DATES 500G,Snacks,153,153,
2905,OMAM 50G,General Groceries,25,25,
29050,YIPPEE NOODLES 72/,Powders,82,82,
29054,AASHIRVAAD atta 5kg,Powders,358,358,
2906,ONION VEG 1KG,Vegetables,70,70,
2907,SUNPURE REFINED SUNFLOWER OIL 1 L,Cooking Oil,145,145,
2908,MANGALDEEP 3 IN 1 LONG LASTING FRAGRANCES,Pooja Items,55,55,
2909,BINGO TEDHE MEDHE COCKTAIL MIX,Snacks,10,10,
2912,SUNFEAST DARK FANTASY YUMFILLS PIE,Biscuits,160,160,
2913,SOMBU 50GMS,Powders,30,30,
2915,PASI PAYARU 1 KG,Dhall,150,150,
2916,SOMBU 250GMS,Powders,85,85,
2917,FORTUNE CHAKKI FRESH ATTA 500KG,Powders,52,52,
2918,DETTOL ORIGINAL GERM DEFENCE,Soaps & Liquids,182,182,
2919,DETTOL SKINCARE,Soaps & Liquids,132,132,
292,SIPPI 14G,General Groceries,10,10,
2920,MALLI 1KG,General Groceries,200,200,
2922,MALLI 250 GMS,General Groceries,60,60,
2923,PACHA PATTANI 1KG,Dhall,250,250,
2925,CHUPA CHUPS SOUR BELT  COLO FLAVOUR,Chocolates,5,5,
2926,AMLA,General Groceries,40,40,
2927,3 ROSES RS 2/-,Beverages,2,2,
2928,CLINIC PLUS STRONG &LONG,Shampoo,20,20,
2929,CLINIC PLUS WITH EGG PROTEIN,Shampoo,70,70,
293,SIPPI 202 PEN,Stationery,10,10,
2930,HORLICKS 500G PCI,Beverages,294,294,
29313,DAIRY MILK 5,Chocolates,5,5,
29328,TOP RAMEN MASALA RS10/-,Powders,10,10,
29338,GILLETTE 75/,Soaps & Liquids,75,75,
2935,MEAL MAKER SMALL 100G,Dhall,18,18,
29356,LIPTON GREEN TEA LEMON ZEST (25),Beverages,180,180,
29376,ORAL-B BACTERIA FIGHTER RS30,Soaps & Liquids,30,30,
2938,BRITANNIA WINKIN COW BOURBON SHAKE,Biscuits,40,40,
29381,LIPTON GREEN TEA TULASI NAUTRA (25),Beverages,190,190,
2939,KAYAL COCONUT OIL 500ML,Cooking Oil,214,214,
29396,HIMALAYA AYURVEDA CLEAR SKIN SOAP 125G,Soaps & Liquids,70,70,
294,AIRLIA DISWASH LIQUID 250ML,General Groceries,50,50,
2940,DEV BANANA PEPPER CHIPS,Snacks,180,180,
2942,EVEREST PANI POORI MASALA 50G,Powders,40,40,
2944,DHATHRI DHEEDHI HERBAL CONDITIONER 100 ML,Shampoo,110,110,
2945,JATHIPATHRI 10G,General Groceries,30,30,
2946,KKK SILVER 10 KG,General Groceries,850,850,
295,JAASLIN SEVU 500GM,Snacks,100,100,
29558,VIM BAR 10RS,General Groceries,10,10,
29571,BRU GREEN LABLE 200G,Beverages,180,180,
296,GODREJ SHAMPOO,Shampoo,15,15,
2963,DABUR RED 36G,Soaps & Liquids,20,20,
2964,SAPOTA,General Groceries,40,40,
29640,MAGGI RICH TOMATO KETCHUP 190G,Powders,75,75,
2965,KIDS ORAL -B,General Groceries,50,50,
29655,NESTLE CERELAC WHEAT APPLE 350 G,Baby Items,295,295,
2966,SUKKU 50G,General Groceries,35,35,
29683,MILKYMIST BUTTER 200GM,Beverages,150,150,
2969,KADUGU 250GM,Powders,30,30,
2970,KADUGU 1KG,Powders,120,120,
2971,MALLI 100 GMS,General Groceries,20,20,
2973,ONION SMALL 500G,Vegetables,10,10,
2974,ONION SMALL 1KG,Vegetables,120,120,
2975,PUNDU,General Groceries,500,500,
29755,TIDE NATURALS LEMON & CHANDAN 500G,Pooja Items,45,45,
2976,ULTRA WHISPER HYGIENE+COMFORT,Napkin,480,480,
29760,HAPIMA FRIED RICE MIX ORIGINAL,General Groceries,11,11,
29762,HAPIMA FRIED RICE MIX HOT & SPICY 20G,General Groceries,11,11,
29790,BB RED LABEL NATURAL CARE,Beverages,65,65,
29792,3 ROSES NATURAL CARE 100G,Beverages,100,100,
29794,KISSAN FRESH TOMATO KETCHUP 130G,Vegetables,15,15,
298,GRB GULABJAMUN 175GM BUY 1 GET 1 FREE,General Groceries,145,145,
2980,AMBI PUR CAR LAVENDER SPA,General Groceries,349,349,
2982,KASA KASA 100G,General Groceries,160,160,
29834,PERRYS TIFFIN 250G,General Groceries,80,80,
29853,PAPER PLATE NO-6,Household & Kitchen,30,30,
2987,ARIEL MATIC LIQUID TL,Soaps & Liquids,10,10,
299,MILK CHOCOLATE,Chocolates,20,20,
2990,DENVER GOAT BLACK CODE,General Groceries,230,230,
2991,VIRALI MANJAL 100G,General Groceries,38,38,
2992,DENVER PREMIUM BODY TALC,Soaps & Liquids,10,10,
29929,HIMALAYA DIAPER RASH CREAM 20G,Baby Items,85,85,
29938,PHILIPS GREEN 15W,General Groceries,20,20,
2994,VIRALI MANJAL 1KG,General Groceries,380,380,
29943,LION HONEY 250G BUY 1 GET 1,Snacks,160,160,
2996,POUR HOME ROOM FRESHENER LIME LIFE,General Groceries,169,169,
2998,KIRAMBU 10G,General Groceries,20,20,
3,SOAP BOX IMI,Soaps & Liquids,45,45,
300,MILKYMIST SWEETENED CONDENSED MILK 400G,Snacks,145,145,
30012,LAYS MAXX RS10,Snacks,10,10,
3003,GATSBY EXTREME HOLD HAIR SPRAY,General Groceries,115,115,
3004,KADUGU ULUNTHU 50G,Dhall,10,10,
3005,KADUGU ULUNTHAM 500G,Powders,20,20,
3006,KADUGU ULUNTHU 250G,Dhall,30,30,
30069,HIMALAYA TONER,Soaps & Liquids,110,110,
301,ODONIL ZIPPER FLORAL BLISS,Soaps & Liquids,65,65,
3010,HERSHEYS COCOA NATURAL UNSWEETENED,Chocolates,140,140,
3011,HERSHEYS SPREADS COCOA,Chocolates,320,320,
3012,MASTER DUST FREE BROOM,Bathroom,160,160,
3014,BORO PLUS ICE ICY COOL,General Groceries,125,125,
30149,KANGARO DP 480,General Groceries,120,120,
3016,PATTANI PARUPPU 500G,Dhall,45,45,
30169,PRINCY LEMON FEEDER,Vegetables,115,115,
3017,PATTANI PARUPPU 250G,Dhall,25,25,
3018,PATTANI PARUPPU 1KG,Dhall,95,95,
30187,RAT KILLER RS21,General Groceries,21,21,
3019,TATA CHAKRA GOLD RS2/-,General Groceries,2,2,
302,ODONIL ZIPPER JOYFUL LAVENDER,Bathroom,60,60,
3020,VELLA PATTANI 500G,Dhall,40,40,
30200,PRINCY HON SOOTHER,Soaps & Liquids,35,35,
30209,BOVONTO 1.5 LITRE,Beverages,90,90,
3021,VELLA PATTANI 250G,Dhall,20,20,
30210,BOVONTO 300ML,Beverages,20,20,
3022,VELLA PATTANI 1KG,Dhall,80,80,
3023,TATA TEA GOLD RICH TASTE,Beverages,140,140,
3025,TATA TEA GOLD 100G,Beverages,50,50,
30259,LEVISTA INSTANT COFFEE EXTRA STRONG 200G,Beverages,190,190,
30264,DENVER HAMILTON BODY SPRAY,General Groceries,230,230,
3029,PULI 500G,Powders,90,90,
303,GRB PINEAPPLE SOANPAPDI 100GM,General Groceries,40,40,
3030,PULI 250G,Powders,70,70,
30300,MAAZA 250ML,Beverages,19,19,
3031,PULI 1KG,Powders,150,150,
30315,CADBURY BOURNVILLE,Chocolates,100,100,
3032,TATA COFFEE GRAND CLASSIC,Beverages,150,150,
30325,MANGALDEEP CAMPHOR TULSI,Pooja Items,55,55,
3033,SAKTHI BRIYANI MASALA 20G,Powders,17,17,
3034,ELAKKAI 10G,Powders,40,40,
30347,PONDS POWDER 50G,Powders,70,70,
3035,GOOREJ CINTHOL SHAVING CREAME,Soaps & Liquids,25,25,
30351,ODONIL LAVENDER MEADOWS 50G,Bathroom,58,58,
3036,GOOREJ CINTHOL SHAVING CREAME LIME FRESH,Soaps & Liquids,80,80,
3037,GOOREJ CINTHOL SHAVING CREAM COOL MENTHOL,Soaps & Liquids,80,80,
3038,3 ROSES RS.10,Beverages,10,10,
3039,GOOREJ GENTEEL MATIC LIQUID 1 LTR,General Groceries,150,150,
304,GRB  BUTTERSCOTCH SOANPAPDI 100GM,General Groceries,35,35,
3040,UJALA MINI,General Groceries,10,10,
3041,KISMIS 100GM,Snacks,70,70,
3042,GOOREJ FAB LIQUID,General Groceries,10,10,
3043,GOOREJ FAB LIQUID 1 LTR,General Groceries,99,99,
30435,NESCAFE SUNRISE RS 2 /-,Beverages,2,2,
3044,HIT KILLS RAT,General Groceries,25,25,
3048,SUGAR 1KG,Powders,60,60,
30488,AVT GOLD CUP 2KG PACKET,General Groceries,1300,1300,
3049,PACHARISI 500G,General Groceries,10,10,
3050,SUGAR 250G,Powders,20,20,
3051,COMB FANCY,General Groceries,20,20,
30518,CYCLE 3 IN 1 10/-,Pooja Items,10,10,
3052,KAMBU 1KG,General Groceries,55,55,
3053,KAMBU 500G,General Groceries,30,30,
3055,EGG,General Groceries,450,450,
3056,SAREE PIN,Stationery,18,18,
306,DABUR CLOVE 45GM,Powders,20,20,
3063,UNIBIC FRUIT AND NUT COOKIES,Cookies,10,10,
30646,CLINIC PLUS 6.5 ML,Shampoo,1,1,
30660,ODONIL JASMINE MIST 50G,Bathroom,58,58,
30672,IDHAYAM GINGELLY OIL 1L,Cooking Oil,401,401,
30673,IDHAYAM GINGERLY OIL 500ML,Cooking Oil,180,180,
3068,DAZLLER MASCARA,General Groceries,60,60,
30689,yardley gold,General Groceries,149,149,
307,DABUR VATIKA COCONUT OIL 300ML..,Shampoo,207,207,
3071,EYETEX BLACK&BOLD KAJAL,General Groceries,10,10,
30712,ZED BLACK 3 IN 1 GRAND 100G,General Groceries,75,75,
3073,OTTER WAFER TOWN STRAWBERRY,General Groceries,10,10,
30733,good day butter cookies rs.5,Cookies,5,5,
3074,OTTER WAFER TOWN ORANGE,Vegetables,10,10,
30744,HIT ANTI  MOSQUITO RACQUET,Bathroom,565,565,
3075,OTTER WAFER TOWN CHOCOLATE,Chocolates,10,10,
30754,IDHAYAM GINGELLY OIL 1LTR JAR,Cooking Oil,408,408,
3077,VVD GOLD COCONUT OIL 20ML,Cooking Oil,10,10,
3078,ODONIL ZIPPER BLISSFUL CITRUS,Bathroom,60,60,
3079,HAMAM LEMON SOAP,Soaps & Liquids,40,40,
308,HAUSER CREATOR GLITTER PEN,Stationery,10,10,
3080,ODONIL ZIPPER SOULFUL JASMINE,Bathroom,60,60,
3081,NIVEA CREAME SOFT 75G,Soaps & Liquids,90,90,
3082,BANANA,Vegetables,50,50,
3084,RAJA HERBAL BHUMI AMLA 50G,General Groceries,45,45,
3085,RAJA HERBAL COUNTRY MELLOW 50G,General Groceries,45,45,
3086,RAJA HERBAL BERMUDA GRASS 50G,General Groceries,35,35,
3087,RAJA HERBAL ADAMANT CREEPER 50G,General Groceries,43,43,
30875,HIMALAYA PROTEIN HAIRCREAM 100ML,Soaps & Liquids,100,100,
309,HAUSER XO JUMBO GEL PEN,Stationery,20,20,
3090,RAJA HERBAL TIRIPALA 50G,General Groceries,38,38,
3091,RAJA HERBAL GYMNEMA SYLVESTRE 50G,General Groceries,43,43,
3092,RAJA HERBAL INDRAVALLI 50G,Powders,38,38,
3093,RAJA HERBAL FENUGREEK 50G,Powders,43,43,
3094,RAJA HERBAL DRY GINGER 50G,Vegetables,66,66,
3095,RAJA HERBAL DRUMSTICK LEAVES 50G,Vegetables,43,43,
30955,NIPPO LED9W,General Groceries,160,160,
3096,NAIL POLISH RS 10,General Groceries,20,20,
3097,KALPASI 10G,General Groceries,12,12,
3098,FLORAL CLUTCH,General Groceries,20,20,
31,AMUL PISTA MALAI KULFI 60ML,Ice Cream,201,201,
3100,PASS PASS,General Groceries,10,10,
31005,OLD SPICE MUSK 30G,General Groceries,35,35,
3101,SURAIKKAI VEG,General Groceries,40,40,
3102,KEERAI VEG,General Groceries,50,50,
3104,916 PURE COCONUT OIL 500ML,Cooking Oil,245,245,
3105,KAYAL KODA MILLET 500G,General Groceries,115,115,
3106,KUDAIMILAGAI VEG,General Groceries,120,120,
3109,KADALAI VEG,Dhall,10,10,
311,MOTHERS PLUS 200GM,General Groceries,295,295,
3112,KAVERI RICE ORANGE 5KG,Rice,400,400,
3113,HIMALAYA COMPLETE CARE TOOTH PASTE 150G,Soaps & Liquids,97,97,
31133,LOTTE GIFT BOX HONEY ECLAIRS,Chocolates,135,135,
3115,PAKARKKAI VEG,General Groceries,60,60,
3116,BINGO ALOO BHUJIA 10MRP,Snacks,10,10,
3118,3 ROSES TEA 6GM,Beverages,5,5,
31184,ALPENLIEBE LOLLIPP ORANGE,Chocolates,5,5,
3119,BINGO MOONG DAL 10MRP,Snacks,9.4,9.4,
3120,PAPAYA FRUIT,Vegetables,40,40,
3121,GILLETTE GUARD SHAVING CREAM 25MRP,Soaps & Liquids,25,25,
3122,GILLETTE GUARD SHAVING CREAM 60MRP,Soaps & Liquids,60,60,
3124,PARK AVENUE GOOD MORNING,General Groceries,225,225,
3125,ORAL-B CAVITY DEFENSE WITH CLOVE BUY 3,Powders,99,99,
3126,WHISPER CHOICE XL 42MRP,Napkin,42,42,
3127,SKC AGMARK  COW GHEE 200ML,Cooking Oil,195,195,
3128,EC WASH PLUS MAX POWER 250G,General Groceries,20,20,
3129,JAY EC WASH MATIC LIQUID 10MRP,General Groceries,10,10,
31291,THILLAIS GUNTUR CHILLI POWDER 50 G,Powders,30,30,
3130,PATTAI 50G,Powders,25,25,
3131,BADHAM PISIN 100G,Snacks,100,100,
3132,DIAMOND KARKANDU 100G,General Groceries,20,20,
3136,BRITANNIA TREAT DOUBLE CHOCO 10RS,Chocolates,10,10,
31365,A4 COLOR CHART,General Groceries,10,10,
31375,WHISPER CHOICE NIGHT XL+ 6 PADS,Napkin,45,45,
3138,MILKY MIST CASSATA SLICE,Ice Cream,75,75,
31380,MANTRA GROUNDNUT OIL 1 L,Cooking Oil,235,235,
31381,MANTRA GROUNDNUT OIL 500ML,Cooking Oil,113,113,
31391,AVT GOLD CUP 500G,General Groceries,310,310,
3140,MILKY MIST MANGO STICK,Beverages,10,10,
3141,PATTAI 250 GM,Powders,140,140,
3142,ANNACHI POO 10 G,General Groceries,12,12,
3143,MILKYMIST MAJESTIC ROASTED ALMOND,Snacks,50,50,
3144,MILKY MIST TENDER COCONUT,Beverages,55,55,
31443,SRS  SALT,Powders,10,10,
31445,SUDHA POWDER SALT,Powders,7,7,
3145,MILKY MIST FRENCH VANILLA BUY 1 GET 1,Beverages,260,260,
3146,KOLO CREAM ONION 10RS,Vegetables,10,10,
31463,DOMEX FRESH GUARD 500ML,Bathroom,102,102,
3149,SILVER POUCH 6*9,General Groceries,110,110,
315,MARIE LIGHT,Biscuits,4.5,4.5,
3152,PACHA NILAKADALAI 1 KG,Dhall,165,165,
3153,TAPE 1/2 CLEAR,Stationery,30,30,
3154,MAGIMAI PUSUMANCHAL  40 GM,General Groceries,40,40,
3156,BRIYANI LEAF,General Groceries,12,12,
3158,HIMALAYA NATURAL GLOW KESAR FACE WASH 100ML,Soaps & Liquids,189,189,
31589,WINNER BLADE BOX RS127,Soaps & Liquids,30,30,
3159,HIMALAYA NATURAL GLOW KESAR FACE WASH 50ML,Soaps & Liquids,90,90,
31591,7O CLOCK PERMASHARP STAINLESS,General Groceries,49,49,
316,RAJAM SUKKU KAAPI MIX,General Groceries,10,10,
3162,HIMALAYA KAJAL 1G,Soaps & Liquids,50,50,
3163,GARNIER BLACK NATURALS 20ML+20G,General Groceries,45,45,
3164,HIMALAYA CC BRIGHTENING FACE WASH 50ML,Soaps & Liquids,115,115,
3165,HIMALAYA GENTLE BABY WASH 100ML,Baby Items,125,125,
31656,DENVER IMPERIAL BODY SPRAY,General Groceries,230,230,
3169,HIMALAYA GLOW KESAR FACE CREAM 50G,Soaps & Liquids,100,100,
317,DHATHRI ALOE VERA CUCUMBER GEL,General Groceries,120,120,
3170,HIMALAYA COCOA BUTTER BODY LOTION 100ML,Soaps & Liquids,99,99,
31743,HIMALAYA NEEM WIPES 10,Soaps & Liquids,50,50,
3175,MIRROR HEMA 10*8,General Groceries,120,120,
3176,MIRROR HEMA WITH STAND,General Groceries,135,135,
3177,MIRROR HEMA 8*6,General Groceries,80,80,
3178,POWDER BOWL&PUFF,Powders,50,50,
318,BRU INSTANT RS.5/-,Beverages,5,5,
3180,POWDER BOX,Powders,20,20,
3183,DETTOL SKINCARE HANDWASH 200ML,Soaps & Liquids,99,99,
3186,MUG ZOOM 1LTR,General Groceries,40,40,
31863,LUX SOAP SET OF 3 MEGA PACK,Soaps & Liquids,105,105,
3190,DUSTPIN IMI PLAIN,General Groceries,95,95,
3191,DUSTPIN AXN,General Groceries,110,110,
31927,SUNFEAST MARIE LIGHT MRP10/-,Biscuits,10,10,
31929,GRB GULAB JAMUN TIN 300G,Snacks,80,80,
31931,GILLETE SHAVING GEL,Soaps & Liquids,49,49,
31932,MARIE LIGHT RS5/-,Biscuits,5,5,
31944,WHISPER CHOICE ULTRA XL 6PADS,Napkin,45,45,
31945,WHISPER CHOICE EXTRA LONG 6PADS XL,Napkin,36,36,
31949,ORAL B CLOVE BRUSH,Powders,25,25,
3195,FEEDING BOTTLE SS MEDIUM,Baby Items,350,350,
3196,HOOK POT,General Groceries,95,95,
3197,PEELER SS Y,General Groceries,124,124,
320,GOOREJ RS.19/-,General Groceries,19,19,
3201,NISHA HAIR COLOR WINE BURGUNDY,Shampoo,120,120,
3203,HIMALAYA LIP BALM 10G,Soaps & Liquids,40,40,
3204,HIMALAYA COMPLETE CARE TOOTHPASTE 300 GM,Soaps & Liquids,158,158,
3205,HIMALAYA COLD BALM 10G,Soaps & Liquids,50,50,
321,NATRAJ 15 CM SCALE,Stationery,5,5,
3211,NISHA NATUREMATE ORIGINAL BLACK,General Groceries,12,12,
3215,EVA LIP PALM LITCHI,General Groceries,65,65,
3216,EVA LIP PALM STRAWBERRY,General Groceries,65,65,
3217,LIFEBUOY LEMON FRESH,Vegetables,10,10,
3218,CADBURY LICKABLES WITH OREO CHUNKS,Chocolates,50,50,
3219,PONDS BRIGHT BEAUTY 23G,Soaps & Liquids,105,105,
322,DHATHRI DHEEDHI DAILY HERBAL SHAMPOO 250ML,Shampoo,215,215,
3221,BINGO CHEESE NACHOS RS50/-,Snacks,50,50,
3223,VCARE WINE SOAP,Soaps & Liquids,69,69,
3224,BAMBINO NUTRAAWELL VERMICELLI 1 KG,Powders,95,95,
3226,MEDIMIX CLASSIC BUY3 GET 1,Beverages,96,96,
3227,GOPURAM MANJAL 10MRP,General Groceries,10,10,
3228,CHANDRIKA AYURVEDIC SOAP 125G,Soaps & Liquids,49,49,
3229,AGARO NAIL CUTTER,General Groceries,49,49,
323,LAYERR WOTTAGIRL 135ML,General Groceries,275,275,
3230,DURACELL CR2032,General Groceries,10,10,
3232,PARLE POPPINS FRUIT FLAVOURED ROLLS RS5/-,Chocolates,5,5,
3233,IODEX 40G,Soaps & Liquids,170,170,
3234,IODEX BALM 16G,Soaps & Liquids,92,92,
3235,IODEX 8G,Soaps & Liquids,48,48,
3236,NARASUS MASTER EXTRA STRONG 200G,General Groceries,213,213,
3237,HIMALAYA BLUEBERRY FACE WASH VITAMIN C 50ML,Soaps & Liquids,115,115,
3239,SAKTHI KULAMBU CHILLI POWDER 50G,Powders,21,21,
324,LAYERR WOTTAGIRL FANTASY,Beverages,275,275,
3241,HIMALAYA ORANGE FACE WASH VITAMIN C 50ML,Vegetables,115,115,
3246,ACHU VELLAM 500G,Powders,40,40,
3247,PARKAVI DRY FRUITS,Snacks,50,50,
3248,ACHU VELLAM 250G,Powders,20,20,
3249,HIMALAYA PURE HANDS TULSI HAND WASH 750ML,Soaps & Liquids,115,115,
3251,KALIMARK ROSE MILK 200ML,Beverages,35,35,
3252,HIMALAYA HEAD TO TOE BABY WASH 400ML,Baby Items,500,500,
3256,JEETH ACTION ANT KILLER,General Groceries,18,18,
3257,MARATHI MOTTU 10GM,General Groceries,15,15,
3260,PENTEL Q-ERASE MECHANICAL PENCIL,Stationery,50,50,
3261,MITHUKKU VATHAL 50GM,Powders,25,25,
3263,PENTEL Q-ERASE MECHANICAL PENCIL .,Stationery,50,50,
3264,PENTEL ENERGEL ROLLER PEN,Stationery,45,45,
3266,APSARA ABSOLUTE PENCIL,Stationery,7,7,
3267,PENTEL ENERGEL ROLLER PEN 0.7MM,Stationery,45,45,
3271,APSARA PLATINUM  PENCILS,Stationery,6,6,
3272,APSARA SHARPENER,Stationery,5,5,
3275,APSARA ERASER,Stationery,3,3,
3276,KAMA SUTRA LONGLAST EXTEND PLEASURE,General Groceries,50,50,
3278,NATARAJ 30CM SCALE,Stationery,12,12,
3279,AACHI TOMATO PICKLE 200G,Powders,89,89,
328,AASHIRVAAD MP ATTA 5KG,Powders,355,355,
3280,NATARAJ SHARPENER,Stationery,3,3,
3281,LOTUS SANDAL DHOOP,Pooja Items,42,42,
3283,KARUDA CASHEW DATES 300G .,Snacks,236,236,
3284,ANTI-BACTERIAL EXO,General Groceries,10,10,
3286,HENKO MATIC LIQUID FRONT LOAD 1LTR,Soaps & Liquids,175,175,
3288,MARGO NEEM NATURALS ALOEVERA &JASMINE,General Groceries,180,180,
3289,MARGO NEEM NATURALS HONEY&LEMON,Snacks,180,180,
3294,MAXO A-GRADE,General Groceries,37,37,
3295,CHARADHAM MAYA AGARBATHI,Pooja Items,50,50,
3296,MAYA AGARBATHI,Pooja Items,50,50,
3297,MAYA ROSE AGARBATHI,Pooja Items,55,55,
3298,MAYA DURGA SHAKTHI AGARBATHI,Pooja Items,50,50,
3299,NESCAFE SUNRISE 200G,Beverages,570,570,
3300,FORTUNE SUNFLOWER OIL 5 LTR,Cooking Oil,895,895,
3301,SUDHARANI ACHUU MURUKKU,Snacks,50,50,
3302,SEA RICH PREMIUM SALT,Powders,20,20,
3303,COROS COCONUT OIL 250 ML,Cooking Oil,157,157,
3304,TRANSPARENT BRUSH,General Groceries,65,65,
3306,KALPASI 20G,General Groceries,20,20,
3307,LEADER -DX MINI HAIR GRIP,General Groceries,15,15,
3309,LEADER -DX JUMPO HAIR GRIP,General Groceries,20,20,
331,CADBURY BOURNVILLE 31GM,Chocolates,50,50,
3311,ESWA SUPER POPULAR HAIR CLIP,General Groceries,30,30,
3313,KOLO MILK RUSK 150 G,Biscuits,30,30,
3315,NEW PACK PREMIUM EAU DE COLOGNE 100ML,General Groceries,150,150,
3318,PANAKARKANDU 100G,General Groceries,55,55,
332,JUNIOR HORLICKS VANILLA 500GM,Beverages,330,330,
3324,KARKANDU 1 KG,General Groceries,10,10,
3325,VICCO TURMERIC WSO SKIN CREAM,Powders,65,65,
3326,BIOTIQUE WALNUT  VOLUME &BOUNCE,Biscuits,130,130,
3329,DIAMOND KARKANDU 250G,General Groceries,20,20,
333,SAKTHI APPALAM 100GM,Powders,38,38,
3330,GARNIER SKIN NATURALS VITAMIN C FACE WASH,Soaps & Liquids,115,115,
3331,BANJARAS ROSE WATER,General Groceries,16,16,
3334,YUMMY FEASTY VANILLA CREAMY WAFERS,Soaps & Liquids,50,50,
3337,DOGGY TOY,General Groceries,25,25,
3338,KOYAS EVA WHITE AROMA INCENSE STICKS,Pooja Items,60,60,
3339,KOYAS NEXA  PREMIUM INCENSE,Pooja Items,60,60,
334,SUNFEAST YIPPEE NOODLES 70GM,Biscuits,15,15,
3340,GOPURAM POOSU MANJAL 20G,General Groceries,25,25,
3342,GOPURAM 50G,General Groceries,45,45,
3343,HIMALAYA FRESHSTART BLURBARY FACEWASH 50ML,Soaps & Liquids,85,85,
3344,HIMALAYA ANTI DANDREFF HAIR CREAM 100ML,Soaps & Liquids,100,100,
3346,CADBURY CHOC FILLED CHOCOBAKES COOKIES 75G,Chocolates,35,35,
3349,NOTEBOOK RULED C/S 144 PG,Stationery,45,45,
335,SUNFEAST YIPPEE NOODLES 70GM.,Biscuits,15,15,
3356,LOREAL HYALURON MOISTURE,General Groceries,119,119,
3357,LOREAL PARIS COLOR PERFECT,General Groceries,109,109,
3359,SURUL PATTAI 10G,Powders,35,35,
336,TAJ MAHAL RS.10/-,Beverages,10,10,
3360,CAMLIN SCHOLAR BASIS GEOMETRY,Stationery,100,100,
3361,CAMLIN PERMANENT INK GREEN,Stationery,25,25,
3363,OLIVIA SKIN SOOTHING HAIR REMOVAL CREAM,Soaps & Liquids,70,70,
3364,KOLO PREMIUM RUSK,Biscuits,40,40,
3365,CADBURY BOURNVILLE FRUIT&NUT 55MRP,Chocolates,55,55,
3366,CADBURY GEMS,Chocolates,5,5,
3367,SENSODYNE COMPLETE PROTECTION 70G,Soaps & Liquids,205,205,
3368,MAGGI CHOTU 32 G,Powders,7,7,
3370,SENSODYNE WHITENING 70G,Soaps & Liquids,142,142,
3372,DETTOL ORIGINAL 75G,Soaps & Liquids,40,40,
3374,DETTOL SKINCARE 75G,Soaps & Liquids,44,44,
3375,COLGATE POWDER 100G,Powders,65,65,
3377,VKA GHEE 500ML,Cooking Oil,430,430,
3379,MAGGI RICH TOMATO SAUCE 190G,Powders,77,77,
338,LION MUESLI DATES & DRY FRUITS,Snacks,124,124,
3380,NESTLE MILKYBAR DISCOVER,Chocolates,20,20,
3382,MALLUTHUNI,General Groceries,80,80,
3383,KADATHUNI,General Groceries,100,100,
3384,LAYERR  WOTTAGIRL 135ML,General Groceries,239,239,
3385,LAYERR WOTTAGIRL,General Groceries,239,239,
3386,LAYERR WOTTAGIRL MANDARIN TWIST 135ML,Soaps & Liquids,221,221,
3387,LAYERR WOTTAGIRL FRENCH PEONY 135ML,General Groceries,239,239,
3388,NATARAJ SMALL SCALE 15CM,Stationery,5,5,
3389,WOTTAGIRL CUPID HEART 100ML,General Groceries,189,189,
339,GODREJ AER BERRY RUSH,Bathroom,65,65,
3390,555 PLAYING CARDS,General Groceries,100,100,
3391,WOTTAGIRL CURRANT CRUCH 100ML,General Groceries,189,189,
3392,FEMI 9 5PADS XXL,General Groceries,249,249,
3394,KISMIS 250G,Snacks,150,150,
3396,VICKS LONG LASTING THROAT 25LOZENGES,Beverages,50,50,
3397,VICKS ROLL-ON FOR HEADACHES 65MRP,Snacks,65,65,
3398,SELVAM LEMON PICKLE 200G .,Powders,82,82,
3399,SOODAM 10 RS,General Groceries,12,12,
340,GODREJ AER JASMINE FLORAL DELIGHT,Bathroom,65,65,
3400,PARTY POPPER 30RS,General Groceries,40,40,
3401,SNOW SPRAY NET,General Groceries,50,50,
3403,PAVAKKAI VEG,General Groceries,80,80,
3404,BLEACHING POWDER 100G,Powders,15,15,
3405,SUNFEAST DARK FANTASY VANILLA FILLS,Biscuits,40,40,
3408,RAMCARE PASIPAYARU MAVU,Dhall,40,40,
3409,MAHIL NALANGU POWDER 100G,Powders,55,55,
3411,MAHIL KASTHURI MANJAL,General Groceries,35,35,
3412,JOHNSONS BABY HAIR OIL 60ML,Baby Items,95,95,
3414,MAHIL MULTANI MITTI 100G,General Groceries,30,30,
3415,HUNDIYAL SMALL PLASTIC,Pooja Items,20,20,
3420,RAMCARE VETTIVER SHAMPOO,Shampoo,70,70,
3422,HUNDIYAL MEDIUM PLASTIC,Pooja Items,25,25,
3425,GLOW AND LOVELY BB CREAM 9G,Soaps & Liquids,59,59,
3426,PONDS BRIGHT BEAUTY SERUM CREAM,Soaps & Liquids,129,129,
3427,SOODAM 50G,General Groceries,90,90,
3428,VASELINE DEEP MOISTURE SERUM IN LOTION,Soaps & Liquids,90,90,
3429,VASELINE COCOA GLOW 90ML,Soaps & Liquids,105,105,
343,PARACHUTE JASMINE HAIR OIL 90ML,Shampoo,45,45,
3430,BINGO MAD ANGLES MASALA  FLAVOUR,Snacks,20,20,
3431,BINGO CREAM ONION RS20/-,Snacks,20,20,
3432,HIMALAYA DIAPER SMALL(9),Baby Items,125,125,
3433,NIPPO SWOOPER,General Groceries,80,80,
3434,NIPPO SWOOPER REFILL+ MACHINE,General Groceries,100,100,
3435,AACHI HOTEL SAMBER POWDER 35+15G,Powders,20,20,
3436,HIMALAYA ANTI HAIR FALL CREAM 100ML,Soaps & Liquids,100,100,
3437,KALPASI 100G,General Groceries,120,120,
3438,CASTIC SODA 1 KG,Beverages,200,200,
3440,SOODAM 20G,General Groceries,40,40,
3441,AACHI GARLIC 100G PICKLE 1+1,Powders,52,52,
3443,HIMALAYA GLOW KESAR FACE CREAM 25G,Soaps & Liquids,55,55,
3444,MAGIC KING TOMATO KETCHUP,Vegetables,100,100,
3445,HIMALAYA OIL CLEAR LEMON FACE WASH 100ML,Cooking Oil,189,189,
3446,PISTA 1 KG,Snacks,2000,2000,
3447,HIMALAYA BABY MASSAGE OIL 50ML,Baby Items,65,65,
3449,JATHIKAI 1 KG,General Groceries,1020,1020,
345,ANNAPOORNA MUTTON CHUKKA MASALA 50G,Powders,38,38,
3453,MAAVU JAVVARASI 1 KG,General Groceries,100,100,
3454,HIMALAYA SPARKLING WHITE 150G PASTE,Soaps & Liquids,120,120,
3455,HIMALAYA CC BRIGHTENING FACE WASH 100ML,Soaps & Liquids,220,220,
3456,MAAVU JAVVARASI 500KG,General Groceries,50,50,
3459,MILAGU 25G(WHITE),Powders,50,50,
346,ANNAPOORNA NATTU KOZHI MASALA 50G,Powders,40,40,
3460,NATRAJ WRITING PENCIL RS5/-,Stationery,5,5,
3466,DURACELL LED TORCH,Household & Kitchen,195,195,
3467,ALL OUT ULTRA 2 REFILLS,Bathroom,165,165,
3468,SENSODYNE BUY 2GET 1 FREE,Soaps & Liquids,160,160,
3470,CHERRY FRUITS,General Groceries,370,370,
3472,KILANGUMAVU,General Groceries,10,10,
3474,MILK KOVA 1 KG SUGAR NO,Powders,500,500,
3475,LIZOL SANDAL 500ML,Bathroom,116,116,
3476,PULI KOODAI,Powders,80,80,
3478,KITCHEN CAP,General Groceries,80,80,
348,ANNAPOORNA FISH FRY MASALA 50G,Powders,35,35,
3491,JIL BIG BOSS,General Groceries,15,15,
3492,RUSK,Biscuits,10,10,
3495,COLGATE MAX FRESH BLUE 81G,Soaps & Liquids,88,88,
3496,CAMLIN CD MARKER RED,Stationery,10,10,
3497,CAMLIN CD MARKER GREEN,Stationery,10,10,
3499,GRAM FLOUR 1 KG,Dhall,150,150,
35,ECLAIRS COCONUT 100 PCS,Chocolates,100,100,
3500,GRAM FLOUR SILVER 1 KG,Dhall,120,120,
3501,GRAM FLOUR 500 G,Dhall,50,50,
3503,GRAM FLOUR SILVER 500KG,Dhall,60,60,
3504,GRAM FLOUR SILVER 250KG,Dhall,30,30,
3505,JELIMALS JELLIES,General Groceries,10,10,
3510,SOW SOW VEG 1 KG,General Groceries,70,70,
3511,PANDIAN MANGO PICKLE 200GM,Powders,85,85,
3512,THICK WHISPER BINDAZZZ NIGHT,Napkin,140,140,
3513,ULTRA WHISPER BINDAZZ NIGHT XXL,Napkin,330,330,
3515,TEA CUP 110 ML,Beverages,90,90,
3516,MASTER CHILLI CHICKEN 65 MASALA,Powders,35,35,
3517,MAAMIS CUMIN POWDER 50G,Powders,39,39,
3518,AACHI BRIYANI MASALA 35+15G,Powders,20,20,
3519,WATER CUP PLASTIC ABV 100,Household & Kitchen,95,95,
3520,AACHI MUTTON MASALA 40G,Powders,20,20,
3521,PRAN PINEAPPLE FRUIT DRINK,Vegetables,10,10,
3524,PANDIAN CITRON PICKLE 200G,Powders,85,85,
3525,FLOWERZ GOLDEN BLOOM,General Groceries,3,3,
3526,FLOWERZ FLORAL MEDLEY,General Groceries,3,3,
3527,FLOWERZ LILY BLOOM,General Groceries,3,3,
3530,HARIMA GREEN CHILLI SAUCE 90ML,Powders,25,25,
3531,KIRAMBU 15G,General Groceries,25,25,
3532,COLGATE MAX FRESH RED,Soaps & Liquids,20,20,
3533,MARGO NEEM NATURALS HONEY & LEMON BUY 5,Snacks,45,45,
3534,MARGO NEEM NATURALS ROSE BUY 5,General Groceries,45,45,
3535,PARACHUTE COCONUT OIL 500ML,Cooking Oil,290,290,
3537,MUTTON,General Groceries,10,10,
3538,BOVONTO 500ML,Beverages,40,40,
3539,CHICKEN,General Groceries,10,10,
354,ANNAPOORNA GARLIC POWDER 50G,Powders,150,150,
3540,FISH,General Groceries,10,10,
3541,DETTOL ICY COOL 125G,Soaps & Liquids,67,67,
3542,DETTOL ORIGINAL 125G,Soaps & Liquids,70,70,
3543,FEVI GUM LIME 50ML,Stationery,10,10,
3544,FEVI STIK 8G,General Groceries,25,25,
355,COLGATE MAX FRESH 150G,Soaps & Liquids,136,136,
3554,SATHUKUDI,General Groceries,10,10,
3557,ICE BAR,General Groceries,200,200,
3558,APPLE,Vegetables,10,10,
3559,PINEAPPLE FRUIT,Vegetables,10,10,
3561,VETRILLAI,General Groceries,10,10,
3562,MANGALDEEP 3 IN 1 .,Pooja Items,10,10,
3564,MILKY MIST SUNDAE BLACK CURRANT 45MRP,Beverages,45,45,
3565,LAVIAN MILK ECLAIR,Beverages,50,50,
3567,CAMPCO MILKY ECLAIRS .,Chocolates,100,100,
357,WOODWARDS GRIPE WATER 200ML,Baby Items,95,95,
3570,MAGIC KING GREEN CHILLI SAUCE,Powders,100,100,
3571,PAPER BOWL ROLL,Snacks,150,150,
3572,PLASTIC SPOON PINK,Household & Kitchen,40,40,
3573,PAAKKUMATTA PLATE BIG 12,Powders,10,10,
3574,PAAKKUMATTA PLATE MEDIUM 10,Powders,12,12,
3576,STANES RED BLISS HIBISCUS TEA,Beverages,200,200,
3577,STANES DIALYFE  HERBAL TEA,Beverages,115,115,
3578,STANES PALM  N GINGER,Vegetables,130,130,
3579,STANES GINGER TEA,Beverages,140,140,
3580,MILKY MIST GRAPE SORBET,Beverages,15,15,
3583,SENSODYNE DEEP CLEAN 40G,Soaps & Liquids,89,89,
3585,WHITE SHEET,General Groceries,50,50,
3586,KAYAL URID DHALL 1KG,Dhall,165,165,
3587,PENCIL POUCH,Stationery,20,20,
3588,PAPER STRAW,General Groceries,50,50,
359,EVA FRESH TALC 100G BLUE,Soaps & Liquids,95,95,
3591,MUNTHIRI (MULLU) 50G,Pooja Items,60,60,
3593,GOOD KNIGHT ADVANCE LOW SMOKE COIL,Bathroom,45,45,
3595,BRITANNIA PURE MAGIC CHOCO STARS,Chocolates,25,25,
3596,COPY COLOURING HOLIDAYS,Soaps & Liquids,60,60,
3598,NAPTHALENE BALLS 1KG,General Groceries,220,220,
36,KAYAL RICE FLOUR 500G,Powders,48,48,
360,EVA SWEET 100G,Snacks,95,95,
3600,POLY BAGS 75M,General Groceries,30,30,
3601,MY TINY COLOURING BOOK 1,Soaps & Liquids,30,30,
3602,MY TINY COLOURING BOOK 2,Soaps & Liquids,30,30,
3604,UNIBIC CHOCO CHIP COOKIES  50G,Chocolates,10,10,
3605,MY TINY COLOURING BOOK 4,Soaps & Liquids,30,30,
3606,MY BIG COLOURING 1 ANIMALS,Soaps & Liquids,80,80,
3607,MY BIG COLOURING   3,Soaps & Liquids,80,80,
3609,POLY BAGS 13X16 75M,General Groceries,45,45,
361,EVA FANTASY 100G,Beverages,95,95,
3616,COPY COLOURING PET ANIMALS,Soaps & Liquids,60,60,
3618,LION MIXED FRUIT JAM 100G,Snacks,23,23,
3620,COPY COLOURING FRUITS,Soaps & Liquids,60,60,
3621,COPY COLOURING BIRDS,Soaps & Liquids,60,60,
3622,COPY COLOURING FLOWERS,Soaps & Liquids,60,60,
3623,GRB GHEE 100ML PACK,Cooking Oil,110,110,
3624,KELLOGGS CHOCOS 10RS,Chocolates,10,10,
3625,COPY COLOURING VEHICLES,Soaps & Liquids,60,60,
3628,SUPERCARS,General Groceries,50,50,
363,EVA MYSTIQUE 100G,General Groceries,95,95,
3630,SUPERHEROES,General Groceries,50,50,
3632,STAYFREE EXTRA LARGE 7 PADS MRP 42,Napkin,42,42,
3637,VIKAS STORIES FOR CHILDREN BROWN BOOK,Stationery,70,70,
3639,SUPER MAX BLADE,Soaps & Liquids,2,2,
364,MUGI FRESH FRENCH BLOSSOM 18ML,General Groceries,3,3,
3641,YARDLEY ROSE 100G,General Groceries,145,145,
3643,AACHI ASAFOETIDA POWDER,Powders,2,2,
3644,YARDLEY LONDON SANDALWOOD DEO,General Groceries,225,225,
3645,OGGY COCKROACHES BOOK 1,Bathroom,65,65,
3646,VANISH  LIQUID,General Groceries,78,78,
3648,HIDE & SEEK CHOCO ROLLS,Chocolates,40,40,
365,SELVAM CUT MANGO 5KG,Vegetables,540,540,
3654,VIKAS TAMIL STORIES BOOK,Stationery,70,70,
3655,FUN WORD SEARCH PUZZLE 1,General Groceries,75,75,
3656,LEARNING NUMBERS 1 TO 50,General Groceries,85,85,
3658,LEARING ALPHABET SMALL LETTERS,Soaps & Liquids,85,85,
3659,LEARNING ALPHABET CAPITAL LETTERS,General Groceries,85,85,
366,EXAM PAD,General Groceries,85,85,
3660,RAMAYAN KIDS COLOURING BOOK,Soaps & Liquids,50,50,
3661,BOOMER BLUEBERRY FLOVOR 1RS,Chocolates,1,1,
3662,TPRG POOJA POWDER CHANDAN TIKA 250G,Pooja Items,65,65,
3664,MADURAI MEENAKSHI LEMON PICKLE 5KG,Powders,350,350,
3665,RAJA VELVET BEANS 50G,General Groceries,70,70,
3666,RAJA JAMUN SEEDS 50G,General Groceries,45,45,
3667,RAJA SENNA FLOWER 50G,General Groceries,38,38,
3668,RAJA ROSE POWDER 50G,Powders,50,50,
3669,RAJA HIBISCUS POWDER 25G,Powders,47,47,
3670,RAJA HERBAL BRINGARAJA POWDER 50G,Powders,55,55,
3671,RAJA HERBAL ALOE VERA POWDER 50G,Powders,45,45,
3672,RAJA HERBAL HENNA LEAVES POWDER 50G,Pooja Items,45,45,
3673,RAJA HERBAL SWEET FLAG POWDER 50G,Snacks,50,50,
3674,RAJA HERBAL TIRIKADUGAM POWDER 25G,Powders,66,66,
3676,KIT KAT 10RS,Chocolates,10,10,
3677,NESCAFE SUNRISE 10MRP,Beverages,10,10,
3678,VVV ANANDHA JYOTHI DEEPAM OIL 1LTR,Pooja Items,245,245,
368,PARACHUTE ADVANCED ONION HAIR OIL 90 ML,Shampoo,99,99,
3681,COLGATE SLIMSOFT,Soaps & Liquids,80,80,
3682,CHOCO STICK GONE MAD,Chocolates,30,30,
3683,GONE MAD GANG OF5 COFFEE STICKS,Beverages,50,50,
3684,GONE MAD BADAM STICKS,Snacks,50,50,
3685,GONE MAD GANG OF5 DARK CHOCO STICKS,Chocolates,50,50,
3687,DENVER SAXE BLACK CODE,General Groceries,230,230,
3688,ENVY PERFUME WOMEN DEODORANT SPRAY,General Groceries,220,220,
3689,WOTTAGIRL SERENE TANGERINE,Beverages,189,189,
369,PARACHUTE ADVANCED MEN HAIR CREAM 100G,Soaps & Liquids,99,99,
3690,CORN FLOUR 1 KG,Powders,70,70,
3691,WOTTAGIRL PEAR PASSION,General Groceries,189,189,
3692,WOTTAGIRL MARINE BAY,Soaps & Liquids,189,189,
3694,FORTUNE EVERYDAY BASMATI RICE 1KG,Rice,220,220,
3695,CADBURY FUSE 43G 40MRP,Chocolates,45,45,
3697,CADBURY GEMS 10MRP,Chocolates,10,10,
3698,ACT II CHILLI SUPRISE 35G,Powders,10,10,
3699,CADBURY GEMS MORE CHOCOLATY,Chocolates,20,20,
37,KAYAL RAGI FLOUR 500G,Powders,55,55,
370,PARACHUTE ADVANCED ALOEVERA 75ML,General Groceries,44,44,
3701,HALLS MAX POUCH,General Groceries,115,115,
3704,MAAMIS BLACK PEPPER POWDER 50G,Powders,87,87,
3706,SUNFEAST MOMS MAGIC CASHEW&ALMOND,Biscuits,10,10,
3707,AASHIRVAAD SUPERIOR MP ATTA 500KG,Powders,38.5,38.5,
3708,SAVLON HERBAL SENSITIVE 200ML,General Groceries,79,79,
3709,FIAMA GEL BAR BLACK CURRENT &BEARBERRY,General Groceries,40,40,
3710,NEW PONVANDU ACCEL OFFER SOAP,Soaps & Liquids,125,125,
3711,LAVIAN ECLAIRS,Chocolates,100,100,
3712,LAVIAN JELLYTOS YUMMY BEARS,General Groceries,10,10,
3715,CLOSEUP 90G,General Groceries,72,72,
3718,PEARS SOFT AND FRESH 125G,Soaps & Liquids,95,95,
3719,YOU ESS MOISTURIZING ALOE VERA GEL NEEM,General Groceries,159,159,
372,DARK FANTASY CHOCO FILLS .,Chocolates,35,35,
3720,YOU ESS ALOE VERA GEL 100GMS,General Groceries,159,159,
3721,GREENS TRADITIONAL FACE WASH 60ML,Soaps & Liquids,89,89,
3723,FORTUNE CHAKKI FRESH ATTA 1KG,Powders,107,107,
3724,IODEX RAPID ACTION SPRAY,Soaps & Liquids,175,175,
3726,MEERA RHINO ACCOUNTS BINDING 160PAGES,General Groceries,110,110,
3727,MEERA GRAND GRIPPO RULED 64PAGES L/S,General Groceries,48,48,
3728,POHIEER MALAI KULFI,Ice Cream,30,30,
3729,MEERA WRITTO UNRULED 24SHEETS 72MRP,General Groceries,72,72,
373,BRIT TREAT WAFER CHEESE 39G,Biscuits,10,10,
3731,MEERA GRAND JUMBO TWO LINE BINDING 160PAGES,General Groceries,100,100,
3733,ULUNTHU 100G,Dhall,20,20,
3734,VALAI LEAF,General Groceries,10,10,
3735,LIZOL LAVENDER 500ML,Bathroom,123,123,
3736,MODERN 59*80 GARBAGE,General Groceries,90,90,
3738,MEERA  GRAND JUMBO 4 LINE NOTE  160PAGE,General Groceries,100,100,
3739,MEERA GRAND JUMBO 4LINE KINGSIZE,General Groceries,100,100,
3740,PRINCY FEEDING BOTTLE,Baby Items,20,20,
3741,PARLE HIDE SEEK BISCUITS,Biscuits,9,9,
3742,MEERA GRAND JUMBO CHECKED 160PAGES FLEXI,General Groceries,100,100,
3743,MEERA GRAND JUMBO 2LINE 160PAGES KING SIZE,General Groceries,100,100,
3744,MEERA GRAND JUMBO 160RULED  BINDING,General Groceries,99,99,
3746,MEERA GRAND TURBO CHECKED 80PAGES,General Groceries,32,32,
3747,MEERA TURBO 80PAGES MATHS RULED,General Groceries,34,34,
3748,CADBURY DAIRY MILK 11G,Chocolates,10,10,
3749,MEERA TURBO MATHS 80PAGES UNRULED,General Groceries,32,32,
375,COLGATE SENSITIVE PLUS 70G,Soaps & Liquids,162,162,
3750,LOTTE SEASONS GREETINGS 300G,General Groceries,100,100,
3751,POHIEER BADAM & PISTA KULFI,Ice Cream,40,40,
3752,POHIEER BUTTERSCOTCH KULFI,Ice Cream,40,40,
3753,MEERA GRAND TURBO 80PAGES UNRULED,General Groceries,32,32,
3754,MEERA GRAND TURBO 80PAGES 4LINE,General Groceries,32,32,
3755,NATURE POWER LAVENDER 125G,General Groceries,40,40,
3756,ALL OUT ULTRA 45ML,Bathroom,85,85,
3757,MEERA GRAND  TURBO 80PAGES RULED,General Groceries,32,32,
3758,MEERA GRAND TURBO FOUR LINE 80PAGES,General Groceries,28,28,
3759,MEERA GRAND TURBO 4LINE BINDING 160PAGES,General Groceries,70,70,
3761,POHIEER KESAR KULFI,Ice Cream,45,45,
3762,GILLETTE 7 O CLOCK GREEN,Soaps & Liquids,30,30,
3763,MEERA GRAND TURBO 4LINE FLEXI 160PAGES,General Groceries,70,70,
3766,MEERA GRAND TURBO 160PAGES RULED FLEXI,General Groceries,60,60,
3768,MEERA GRAND TURBO 160PG MATHS BINDING,General Groceries,70,70,
3769,MEERA GRAND TURBO 160PG RULED BINDING,General Groceries,70,70,
377,BANJARAS BLACK HENNA 15ML,Pooja Items,20,20,
3770,HATSUN RICH CURD 100G,Beverages,12,12,
3771,MEERA INDIGO A4 SHEET DOUBLE BORDER,General Groceries,40,40,
3772,SNICKERS 12 G,Chocolates,10,10,
3773,MEERA INDIGO A4SHEET UNRULED,General Groceries,30,30,
3774,HATSUN PANNER 200G,General Groceries,130,130,
3776,COLOUR APPALAM 100G,Powders,15,15,
3777,SEENI AVARAKKA VATHAL 250KG,Powders,50,50,
3779,SEENI AVARAKKA VATHAL 1KG,Powders,170,170,
378,SIGNATIVE PK9004 BIRTHDAY PARTY KIT,General Groceries,250,250,
3780,ENCHANTEUR CHARMING TALC POWDER 75G,Powders,125,125,
3782,SEENI AVARAKKA VATHAL 500KG,Powders,10,10,
3784,CHENNAI BROOM,Pooja Items,150,150,
3787,HATSUN CURD 500G,Beverages,42,42,
3788,AUTO FLOW CIRCUS FEEDING BOTTLE,Baby Items,145,145,
3790,AUTO FLOW CIRCUS FEEDING BOTTLE 3 NIPPLES,Baby Items,135,135,
3792,AUTO FLOW TOY TEETHER,General Groceries,60,60,
3796,AUTO FLOW ROYAL FEEDING CUP,General Groceries,110,110,
3797,SLICE 600ML,Beverages,42,42,
3798,POWER DETERGENT CAKE 250G,Snacks,25,25,
3799,AUTO FLOW ECONOMY PLUS FEEDING CUP,General Groceries,50,50,
38,MAMMIS KULAMBU CHILLI MASALA 50G,Powders,22,22,
3801,AUTO FLOW BABY COMB,Baby Items,15,15,
3802,AUTO FLOW HAIR DYE BRUSH,Shampoo,15,15,
3803,LUVLAP MOISTURISING WIPES WITH ALOE VERA,General Groceries,230,230,
3804,EYETEX KAJAL,General Groceries,15,15,
3805,LUVLAP BUBBLE KIDS TOOTHBRUSH,Soaps & Liquids,59,59,
3807,LUVLAP DIAPER PANTS M,Baby Items,24,24,
3810,STANES TURMERIC MILK,Powders,140,140,
3811,CADBURY DAIRY MILK 6.6G,Chocolates,5,5,
3812,BRIL GEOKIT MATHS INSTRUMENT,General Groceries,30,30,
3817,TOP RAMEN MASALA NOODLES 140G,Powders,28,28,
3820,AACHI GOBI FRY/65 POWDER 50G,Powders,20,20,
3821,DEVDARSHAN ZOHRI GOLD 3 IN 1,General Groceries,65,65,
3822,MANGALDEEP PUJA AGARBATTI TEMPLE,Pooja Items,55,55,
3823,DEVDARSHAN AKSHARA 3IN 1 AGARAPATTI,General Groceries,65,65,
3824,DEVDARSHAN GLORY INDIA AGARBATTI,Pooja Items,100,100,
3827,GOOD HOME JASMINE AIR FRESHENER,Bathroom,60,60,
3828,FROOTI MANGO DRINK 300ML,Beverages,20,20,
3829,GOOD  HOME LAVENDER AIR FRESHENER,Bathroom,60,60,
383,YIPPEE NOODLES 280G,Powders,60,60,
3831,GOOD HOME AROMA ORANGE AIR FRESHENER,Vegetables,60,60,
3832,GOOD HOME AROMA STRAWBERRY,General Groceries,60,60,
3833,EVA DIVINE SANDAL 100G,General Groceries,95,95,
3834,DOVE DAILY SHINE 80ML,General Groceries,104,104,
3835,PEPSODENT 16G,Soaps & Liquids,10,10,
3836,PONDS BRIGHT BEAUTY FACEWASH,Soaps & Liquids,98,98,
3837,PONDS BRIGHT BEAUTY FACE WASH 100G,Soaps & Liquids,209,209,
3839,BOOST RS3/-,Beverages,3,3,
384,LEMON VEG 1KG,Vegetables,170,170,
3840,DOVE DAILY SHINE SHAMPOO 6ML,Shampoo,2,2,
3842,KIRAMBU 1 KG,General Groceries,1500,1500,
3843,DOVE HAIRFALL RESCUE SHAMPOO 6 ML,Shampoo,2,2,
3844,PONDS BRIGHT BEAUTY SERUM CREAM 15G,Soaps & Liquids,59,59,
3845,GUAVA,General Groceries,40,40,
3846,NAPTHALENE BALLS 500KG,General Groceries,120,120,
3847,HARPIC RED BATHROOM CLEANER 200ML,Bathroom,46,46,
3848,KNIFE RS10/-,Household & Kitchen,20,20,
3849,KITCHEN TOWL,General Groceries,30,30,
385,BUTTER PAPER,General Groceries,90,90,
3850,COMB  ROUND,General Groceries,15,15,
3851,NYLON ROPE 5 MTRS,Powders,35,35,
3854,NYLON ROPE 10MTRS,Powders,45,45,
3856,KAMBU URUNDAI,General Groceries,5,5,
3858,ODONIL ROOM GELZ FLIRTY STRAWBERRY,Bathroom,80,80,
386,HIT COCKROACHES,Bathroom,75,75,
3860,ODONIL ROOM GELZ JASMINE FANTASY,Beverages,80,80,
3864,3 ROSES NATURAL CARE100G,Beverages,100,100,
3865,3 ROSES 110G,Beverages,90,90,
3869,KISSAN MIXED FRUIT.,Vegetables,20,20,
3872,COCONUT BURFI,Vegetables,32,32,
3874,STAYFREE SECURE XL ULTRA 6PADS,Napkin,45,45,
3877,OMA WATER RS.10,General Groceries,15,15,
3878,COMFORT FABRIC CONDITIONER ROYLE,Shampoo,65,65,
3879,DOVE CREAM BAR 50G,Soaps & Liquids,35,35,
3880,LUX BRIGHTER GLOW 39 G,Soaps & Liquids,10,10,
3882,PEANUT CHIKKI BALLS GV,Shampoo,35,35,
3883,SMOODH CHOCOLATE 80ML 10MRP,Chocolates,10,10,
3886,COLGATE ZIG ZAG CHARCOAL DEEP CLEAN,Soaps & Liquids,124,124,
3887,HATSUN CURD 160G,Beverages,10,10,
389,HIMALAYA NEEM & TURMERIC SOAP BUY4 GET1,Powders,145,145,
3890,HARIMA RED CHILLI SAUCE 90ML,Powders,25,25,
3893,LUVLT SMACKERS STRAWBERRY,General Groceries,5,5,
3894,LUVLT SMACKERS BUTTERSCOTCH,General Groceries,5,5,
39,MAMMIS TURMERIC POWDER 50G,Powders,22,22,
390,HIMALAYA NOURISHING BODY LOTION 100ML,Soaps & Liquids,99,99,
3900,PUDALANGAI 1 KG,General Groceries,60,60,
3901,KALPASI 50GM,General Groceries,45,45,
3902,PONVANDU  MATIC,General Groceries,10,10,
3904,NECK CHAIN,Beverages,50,50,
3905,HAIR BAND SPRING,Soaps & Liquids,20,20,
3908,HAIR BAND PLAIN,General Groceries,15,15,
3909,HAIR BAND WAVE,General Groceries,15,15,
391,FROOTI 65ML RS.5/-,Beverages,76,76,
3911,SUNFEAST DARK FANTASY CHOCO FILLS,Chocolates,10,10,
3912,HAIR BAND TWIST METAL,General Groceries,20,20,
3913,LISTERINE COOL MINT MOUTHWASH 80ML,Vegetables,60,60,
3914,KEMI KLEEN POWER FLUSH 200ML,General Groceries,46,46,
3916,BVT KARUVEPPILAI IDLY POWDER 100G,Powders,55,55,
3917,FEVICOL 8G,Stationery,5,5,
3918,BVT PUNDU IDLY POWDER 100G,Powders,55,55,
3920,BRITANNIA DAIRY WHITENER,Biscuits,10,10,
3922,K.P. NAMBOOTHIRI TOOTHPASTE 150G,Pooja Items,90,90,
3923,BUTTERFLY CLUTCH SMALL,General Groceries,80,80,
3927,KUMKUM 11 COLORS,Pooja Items,30,30,
3929,CENTER CLUTCH PLAIN,General Groceries,15,15,
393,NAGA WHEAT FLOUR 1KG,Powders,92,92,
3930,YARDLEY GENDLE MAN TALC 100G,Soaps & Liquids,145,145,
3932,LIMOZ DISH WASH GEL 500ML BUY1GET1,General Groceries,139,139,
3933,WASO SUPER WASH,General Groceries,21,21,
3936,VATHTHAL (SPL)1KG,General Groceries,250,250,
3937,VATTHAL (SPL)500KG,General Groceries,150,150,
3938,VATHTHAL (SPL) 250G,General Groceries,80,80,
3939,VATHTHAL  (SPL) 100G,General Groceries,30,30,
394,SAKTHI CORINDER POWDER 200G,Powders,63,63,
3941,SSR PEANUT CANDY BALLS,Chocolates,35,35,
3943,HIMALAYA NATURAL SOFT VANILLA LIP CARE,Soaps & Liquids,210,210,
3944,HIMALAYA NEEM &TURMERIC SOAP,Powders,114,114,
3945,HIMALAYA SOOTHING BABY RUB,Baby Items,56,56,
3947,RANGO BADAM MILK,Snacks,35,35,
395,REVIVE LIQUID STIFFENER 200G,General Groceries,81,81,
3950,KELLOGGS CHOCOS CRUNCHY BITES 10RS,Chocolates,10,10,
3951,SSR BLACK SESAME BALLS,Cooking Oil,35,35,
3952,SPRITE 2.25L BOTTLE,Beverages,100,100,
3953,VEGA HAIR BRUSH (R1-RB),General Groceries,199,199,
3954,VEGA HAIR BRUSH (R1-RBB),General Groceries,199,199,
3955,VEGA HAIR BRUSH (R2-RB),General Groceries,199,199,
3956,UG PERUNGAYAM 20G,Powders,41,41,
3958,PARLE KRACK JACK ORIGINAL,Biscuits,10,10,
3959,YARDLEY B TALC 100G,Soaps & Liquids,145,145,
396,NABATI COCOLAVA RS 10/-,General Groceries,10,10,
3960,SUNFEAST ALL ROUNDER SPICY MASALA,Biscuits,9,9,
3961,PERRYS A-Z 200G,General Groceries,80,80,
3962,SUNFEST SUPER EGG&MILK,Beverages,5,5,
3963,SUNFEAST SUPER EGG&MILK,Biscuits,10,10,
3964,YARDLEY LACE TALC 100G,Soaps & Liquids,150,150,
3965,SUNFEAST SUPER EGG &MILK,Biscuits,30,30,
3967,UG PERUNGAYAM 15G,Powders,38,38,
3968,ENCHANTEUR CHARMING TALC,Soaps & Liquids,195,195,
3969,CANDYMAN TADKA MANGO,Chocolates,5,5,
397,MILKYBAR CREATE 42G,Chocolates,40,40,
3970,CANDYMAN TADKA IMLI MASALA,Chocolates,5,5,
3971,REXONA SOAP 100G,Soaps & Liquids,42,42,
3972,RIN MATIC TOP LOAD 850ML,Soaps & Liquids,99,99,
3973,ORANGE 1 KG,Vegetables,200,200,
3974,JOHNSONS BABY SHAMPOO 100ML,Baby Items,115,115,
3975,NARASUS UDHAYAM FILTER COFFEE 100G,Beverages,95,95,
3976,CLEAN &CLEAR FOAMING FACE WASH 100ML,Soaps & Liquids,195,195,
3978,K.P.NAMBOOTHIRI TOOTH PASTE 100G,Pooja Items,60,60,
398,LUX BOAY WASH 245ML,Soaps & Liquids,99,99,
3987,MEERA GRAND RHINO RULED 160PG BINDING,General Groceries,140,140,
3988,MEERA GRAND  JUMBO 160PG FLEXI,General Groceries,99,99,
3989,MEERA GRAND JUMBO UNRULED 160PG FLEXI,General Groceries,99,99,
399,APSARA LONG ERASER 5N,Stationery,10,10,
3991,MEERA WRITTO RULED MARGIN 24 SHEETS,General Groceries,75,75,
3992,MEERA NOTEBOOK UNIT 2 UNRULED,Stationery,30,30,
3994,KIT KAT 5RS,Chocolates,5,5,
3995,MEERA NOTEBOOK TRIO 28PG,Stationery,10,10,
3996,MEERA NOTEBOOK TRIO 150PG BINDING,Stationery,25,25,
3997,KOVAKKAI 1KG,General Groceries,60,60,
3998,MUNTHIRI(MULLU) 250KG,Pooja Items,280,280,
3999,COLGATE BARBIE STRAWBERRY 80G,Soaps & Liquids,180,180,
40,LION DATES HALWA 200G,Snacks,170,170,
4001,LOTTE COFFY BITE CLASSIC,Biscuits,100,100,
4002,COLGATE SUPER FLEXI CHARCOAL,Soaps & Liquids,25,25,
4003,COLGATE EXTRA CLEAN MEDIUM,Soaps & Liquids,18,18,
4005,PARLE FAB JAM IN,Biscuits,10,10,
4006,SOFY BODYFIT XL 60MM ..,Napkin,120,120,
4008,OTTER WONDERZ COCONUT TRUFFLES,Chocolates,200,200,
4009,LOTTE CHEWITS MANGO,Vegetables,5,5,
4010,PACHA MILAGAI (SMALL) 1KG,General Groceries,100,100,
4011,NAVAPPALAM 1 KG,Powders,200,200,
4013,SAPPHIRE TRUFFLE ORANGE,Chocolates,350,350,
4014,YARDLEY LAVENDER 100G,General Groceries,145,145,
4015,YARDLEY TALC GOLD 100G,Soaps & Liquids,145,145,
4018,YARDLEY GORGEOUS GIRL 135ML,General Groceries,249,249,
402,SMK KUNGUMAM 20RS,Pooja Items,20,20,
4020,FLORALIS LONDON LOVE HOME FRAGRANCE,General Groceries,169,169,
4023,LIMOZ DISH WASH BAR,General Groceries,10,10,
4026,3 ROSES 500G .,Beverages,360,360,
4027,BRU INSTANT  RS5/-,Beverages,5,5,
4028,KISSSAN PEANUT BUTTER CREAMY,Snacks,50,50,
4029,PULSE CANDY,Chocolates,1,1,
403,CHUPP CHUPS SOUR BELT,General Groceries,5,5,
4030,LOTTE CARAMILK ECLAIRS,Chocolates,100,100,
4031,CADBURY CHOCOBAKES COOKIES .,Chocolates,10,10,
4033,PHENYL 1L,Bathroom,35,35,
4034,NESCAFE CLASSIC 90G 375MRP,Beverages,375,375,
4035,NESTLE KIT KAT SALTED CARAMEL 30MRP,Chocolates,30,30,
4037,YARDLEY TALC JASMINE,Soaps & Liquids,145,145,
4038,YARDLEY TALC MORNING DEW,Soaps & Liquids,145,145,
4039,YARDLEY TALC ELEGANCE 100G,Soaps & Liquids,135,135,
404,PEPSODENT 100G.,Soaps & Liquids,68,68,
4041,NATIVE DIET ABC NUTS MALT,General Groceries,275,275,
4042,NATIVE DIET BEETROOT NUTS MALT,Vegetables,250,250,
4043,YARDLEY SOAP LAVENDAR 100G,Soaps & Liquids,80,80,
4044,YARDLEY SOAP ROSE 100G,Soaps & Liquids,70,70,
4045,NATIVE DIET CARROT NUTS MALT,Vegetables,220,220,
4046,NATIVE DIET RED BANANA NUTS MALT,Vegetables,275,275,
4048,PERRYS BUTTER COOKIES 300G,Cookies,100,100,
4050,NATIVE DIET BLACK RICE,Rice,200,200,
4052,MC BLEACHING POWDER 100G,Powders,15,15,
4053,NATIVE DIET DRY NUTS MILLETS 250GM,General Groceries,180,180,
4056,GOOD KNIGHT MAHA JUMBO MOSQUITO COIL,Bathroom,45,45,
4057,GOOD KNIGHT POWER ACTIV,Bathroom,165,165,
406,KURKURE RS.10/-,Snacks,10,10,
4061,ROBIN FABRIC WHITENER 500ML 79MRP,General Groceries,79,79,
4062,SAKTHI MUTTON MASALA 200G,Powders,126,126,
4063,MAHIL NEEM SOAP 75G,Soaps & Liquids,50,50,
4064,KAYAL GROUNDNUT OIL 2LTR,Cooking Oil,514,514,
4065,INDULEKHA BRINGHA  SHAMPOO 200ML,Shampoo,261,261,
4066,SAVORIT SHELL PASTA .,Powders,30,30,
4067,INDICA EASY  MEN SHAMPOO,Shampoo,15,15,
4068,KARTHIKA HERBAL POWDER,Pooja Items,10,10,
4069,CHIK JASMINE SHAMPOO 80ML,Shampoo,62,62,
407,PARACHUTE AYURVEDIC HAIR OIL,Shampoo,84,84,
4070,CHIK STRONG &BLACK,Shampoo,64,64,
4073,AASHIRVAAD ROASTED SHORT VERMICELLI 180G,Powders,23,23,
4074,SUNFEAST DARK FANTASY CHOCOLATE CREME,Chocolates,9,9,
4075,OTTO AURA PERFUMED BODY SPRAY,General Groceries,249,249,
4076,OTTO AQUA DI NOIR BODY SPRAY,General Groceries,249,249,
4077,OTTO URGE BODY SPRAY,General Groceries,249,249,
4078,OTTO MAN BODY SPRAY,General Groceries,249,249,
4079,OTTO EAU DE LUXE  BODY SPRAY,Soaps & Liquids,249,249,
408,HM BAGS 5*7,General Groceries,125,125,
4080,NIPPO HYPER HI-POWER AA,General Groceries,14,14,
4081,NIPPO NEW GUARD MOSQUITO SWATTER,Bathroom,599,599,
4082,OTTO ETERNAL,General Groceries,30,30,
4083,SODA SALT 100G,Powders,15,15,
4084,YIPPEE NOODLES WOW MASALA 10MRP,Powders,10,10,
4086,OTTO AFFLUENT,General Groceries,30,30,
4087,OTTO FICTION,General Groceries,30,30,
4088,OTTO CALYPSO,General Groceries,30,30,
4089,OTTO BRAVO,General Groceries,30,30,
4091,MUGI ACTIVE WASH 460ML,General Groceries,49,49,
4092,VIM 110G,General Groceries,10,10,
4093,FIAMA BLACKCURRANT&BEARBERRY GEL,General Groceries,149,149,
4094,FIAMA PEACH&AVOCADO GEL,General Groceries,149,149,
4095,FIAMA REFRESHING PULSE SHOWER GEL,Soaps & Liquids,149,149,
4097,NATURE GOLD STRONG TEA 100G,Beverages,53,53,
4099,OM SHANTHI PURE POOJA OIL 200ML.,Pooja Items,55,55,
4100,AACHI BLACK PEPPER POWDER 100G,Powders,130,130,
4101,GLOW&LOVELY FACE SERUM,General Groceries,79,79,
4103,777 MIXED PICKLE,Powders,10,10,
4104,SRI GANESHRAM 777 CITRON PICKLE 1 KG,Powders,140,140,
4105,SRI GANESHRAMS  777 CUT MANGO PICKLE 1KG,Powders,140,140,
4106,KELLOGGS CHOCOS MOONS AND STARS 10RS,Chocolates,10,10,
4107,SRI GANESHRAMS LIME PICKLE 1KG,Powders,140,140,
4108,CLOSEUP RS 10/-,General Groceries,10,10,
4110,CLOSEUP 40 G,General Groceries,20,20,
4111,DOVE INTENSIVE REPAIR RS2/-,General Groceries,2,2,
4112,PONDS SANDAL 18G,Soaps & Liquids,10,10,
4114,KAVERI RICE ORANGE 10KG,Rice,900,900,
4115,KAVERI RED SONA 10KG,General Groceries,900,900,
4117,KAVERI COPPER RICE 26KG,Rice,2000,2000,
4118,KAVERI RED SONA RICE 5KG,Rice,680,680,
4119,KASA KASA 10G,General Groceries,40,40,
412,KNIFE RS.18,Household & Kitchen,10,10,
4120,PACHA KARPOORAM 50G,Pooja Items,200,200,
4123,WATER FILTER,General Groceries,20,20,
4124,GLOZY GLASS +MULTI SURFACE CLEANER 250ML,General Groceries,60,60,
4127,AACHI GINGER GARLIC PASTE 50G,Powders,10,10,
4129,VELLA POOSANIKKA 1KG,General Groceries,60,60,
4137,PILLSBURY CHAKKI FRESH ATTA 2KG,Powders,110,110,
4138,DABUR RED POWDER,Powders,35,35,
4139,ODONIL ROOM SPRAY CITRUS FRESH,Bathroom,169,169,
414,RAJAM SUKKU MALLI COFFEE POWDER 100G,Powders,53,53,
4140,NIVEA MEN FRESH ACTIVE INFINI FRESH,Soaps & Liquids,125,125,
4141,NIVEA NATURAL GLOW SMOOTH SKIN,Soaps & Liquids,125,125,
4144,TASTY TASTY ASAFOETIDA 100G,Powders,182,182,
4145,MAMYPOKO PANTS EXTRA ABSORB S,Baby Items,25,25,
4146,MAMYPOKO PANTS EXTRA ABSORB  S,Baby Items,99,99,
4147,MAMYPOKO PANTS EXTRA ABSORB M .,Baby Items,99,99,
4148,GARNIER MEN OIL CLEAR FACEWASH 50G,Cooking Oil,119,119,
4149,MAMYPOKO PANTS M 12P,Baby Items,187,187,
415,EYETEX KAJAL RS.5/-,General Groceries,5,5,
4151,MAMYPOKO PANTS EXTRA ABSORB M 2P,Baby Items,30,30,
4152,MAMYPOKO PANTS L 2P,Baby Items,35,35,
4153,MAMYPOKO PANTS EXTRA ABSORB XL 2P,Baby Items,40,40,
4154,MAMYPOKO PANTS M 30P,Baby Items,399,399,
4155,MAMYPOKO WIPES EXTRA CLEAN,Baby Items,199,199,
4159,ORAL-B SENSITIVE &GUMS EXTRA SOFT,Soaps & Liquids,35,35,
416,NATARAJ CLASSIC BALL PEN,Beverages,4,4,
4160,ORAL-B SENSITIVE &GUMS  DEC,Soaps & Liquids,135,135,
4161,WHISPER CHOICE XL.,Napkin,235,235,
4162,WHISPER CHOICE ULTRA HEAVY FLOW  XL 40 PADS,Napkin,320,320,
4163,AQUAFINA WATER 1L,Beverages,20,20,
4164,HATSUN COOKING BUTTER 200G,General Groceries,145,145,
4165,ARIEL MATIC LIQUID,Soaps & Liquids,148,148,
4169,PAPER 1 QUIRE,General Groceries,25,25,
417,MAMMIS TOMATO RICE POWDER,Powders,10,10,
4172,MOCHAIKKAI 1 KG,Dhall,60,60,
4173,HARPIC BATHROOM CLEANER 250ML,Bathroom,61,61,
4174,DETTOL ICY COOL 100G,Soaps & Liquids,46,46,
4176,SOFTOUCH FC OCEAN BREEZE 18ML,General Groceries,4,4,
4177,SOFTOUCH FC GARDEN BOUQUET 18ML,General Groceries,3,3,
4185,NOOKAL VEG 1KG,General Groceries,160,160,
4186,TURNIP VEG 1KG,General Groceries,150,150,
4187,NABATI WAFER RICHEESE 5MRP,General Groceries,5,5,
4188,CAMLIN PERMANENT MARKER,Stationery,20,20,
419,RKG RASOGOLLA 500G,General Groceries,115,115,
4190,NABATI NEXTAR BROWNIES 10MRP,General Groceries,10,10,
4191,NATARAJ ERASER,Stationery,20,20,
4192,ORBIT SPEARMINT,General Groceries,5,5,
4193,ANNAI PEPPER MUNTHIRI,Pooja Items,25,25,
42,NIMBUS LEMON JUICE 250ML,Beverages,25,25,
4200,BRIYANI LEAF 50GM,General Groceries,50,50,
4202,BLUE HEAVEN DEEP BLACK KAJAL 65MRP,General Groceries,65,65,
4203,BLUE HEAVEN FRUIT BALM 30MRP,Vegetables,30,30,
4205,BLUE HEAVEN 10*VOLUMISING MASCARA 80MRP,General Groceries,80,80,
4206,BLUE HEAVEN GET BOLD ROLL ON KAJAL 65MRP,Snacks,65,65,
4207,BLUE HEAVEN INSTANT GLOW COMPACT POWDER,Powders,65,65,
4211,COLGATE BARBIE EXTRA SOFT 85MRP,Soaps & Liquids,79,79,
4212,SUDHARANI PORI URUNDAI,General Groceries,40,40,
4213,DOVE ANTIDANDRUFF SOLUTIONS 80ML,General Groceries,93,93,
4214,DOVE INTENSE REPAIR 80ML,General Groceries,104,104,
4215,KARUDA BLACK BADHAM DATES 200G,Snacks,174,174,
4217,KISSSAN SWEET &SPICY SAUCE,Snacks,75,75,
4218,KNORR CREAM BROCCOLI SOUP,Soaps & Liquids,15,15,
422,MARIE LIGHT VALUE PACK RS.20/-,Biscuits,18,18,
4220,MANGALDEEP SCENT 3 IN  1,Pooja Items,100,100,
4221,SOFTOUCH FC FRENCH PERFUME 200ML,General Groceries,99,99,
4223,KATTHARI VATHAL 250GM,Powders,10,10,
4225,DHATHRI TURMERIC HAND WASH BUY1GETFREE,Powders,99,99,
4226,ENGAGE BLUSH DEO SPRAY,General Groceries,210,210,
4227,VIVEL LOTUS OIL+ALOE VERA,Cooking Oil,110,110,
4228,SOFTOUCH FC GARDEN BOUQUET 220ML,General Groceries,99,99,
4229,VIVEL ALOE VERA SATIN SOFT SKIN,General Groceries,110,110,
423,LUVLAP MOISTURING WIPES 72N,Soaps & Liquids,99,99,
4230,CAMEL OIL PASTELS,Cooking Oil,15,15,
4232,CAMEL ART KIT,General Groceries,99,99,
4235,CAMEL CREATIVE KIT,General Groceries,49,49,
4236,DHATHRI DAHASAMANI 50G,General Groceries,38,38,
4238,CUP NOODLES ITALIANO,Powders,50,50,
424,LUVLAP MOISTURISING WIPES JOJOBA OIL 72N,Cooking Oil,99,99,
4242,MEERA SHAMPOO SHIKAKAI &BADHAM,Shampoo,60,60,
4246,GILLETTE GUARD 6 BLADES,Soaps & Liquids,50,50,
4247,NARASUS COFFEE 100G,Beverages,118,118,
4248,SURF EXCEL MATIC TOP LOAD 10MRP,Soaps & Liquids,10,10,
4249,SURF EXCEL MATIC TOP LOAD NEW FORMULA 1L,Soaps & Liquids,225,225,
425,REVIVE LIQUID STIFFENER 95G,General Groceries,38,38,
4250,VIM LEMON 60G,Vegetables,5,5,
4253,NARASUS COFFEE 50G,Beverages,40,40,
4254,OLIVIA HAIR SERUM 100ML,General Groceries,250,250,
4255,OLIVIA DE-TAN FACE WASH 50GM,Soaps & Liquids,150,150,
4256,OLIVIA 01POWDER COMPACT 140MRP,Powders,140,140,
4260,OLIVIA 1LIQUID FOUNDATION 60MRP,General Groceries,60,60,
4262,KINLEY 2L WATER BOTTLE,Household & Kitchen,35,35,
4264,OLIVIA LIQUID FOUNDATION 60MRP,General Groceries,60,60,
4265,OLIVIA 3POWDER COMPACT 140MRP,Powders,140,140,
4267,MILAGU 1KG,Powders,900,900,
4268,DARK FANTASY CHOCO FILLS...,Chocolates,40,40,
427,MOP HEAD,Bathroom,85,85,
4271,MEAL MAKER SMALL 250G,Dhall,46,46,
4273,KARUPPATTI 250G,General Groceries,115,115,
4274,KARUPPATTI 500G,General Groceries,250,250,
4275,KATTI PERUNGAYAM 50 G,Powders,25,25,
4277,NELLIKKAI VEG 1KG,General Groceries,80,80,
4278,HENKO OXYGEN POWDER 500G,Powders,84,84,
4279,MILKY MIST SANDWICH,Beverages,35,35,
428,SENSODYNE FRESH GEL,Soaps & Liquids,252,252,
4280,MILKY MIST 2 IN 1 VANILLA N STRAWBERRY,Beverages,260,260,
4281,MILKY MIST VANILLA MN CHOCOLATE DUET,Chocolates,295,295,
4282,DEV KADALAMAVU MIXTURE,Snacks,120,120,
4283,MIRINDA 750ML 40MRP,Beverages,40,40,
4289,LOTTE CHOCO PIE,Chocolates,10,10,
429,WIPER,Bathroom,145,145,
4290,CADBURY 5 STAR,Chocolates,5,5,
4292,MADURA AURA BRA,General Groceries,10,10,
4298,MAYORA BENG-BENG,General Groceries,5,5,
4299,FORTUNE GROUNDNUT OIL 1 LTR,Cooking Oil,240,240,
43,HIMALAYA ANTI DANDRUFF COOLING MINT 340ML,Vegetables,320,320,
4300,YARDLEY SHAVING CREAM 39G,Soaps & Liquids,40,40,
4301,RIN MATIC TOP LOAD 850ML.,Soaps & Liquids,150,150,
4302,MUNTHIRI (MULLU) 1KG,Pooja Items,1200,1200,
431,LUVLAP BUBBLES KIDS TOOTH BRUSH,Soaps & Liquids,40,40,
4312,RAAJALI ALOO BHUJIA 30G,Snacks,10,10,
4313,NYLON ROPE 7MTRS,Powders,30,30,
4314,GOOD MORNING FOUNTAIN PEN ERASER,Stationery,25,25,
4316,KITCHEN KNIFE,Household & Kitchen,40,40,
4317,APSARA WHITE PENCIL,Stationery,7,7,
4320,KUNDAN SHAKTHI 50MM,General Groceries,120,120,
4322,KUNDAN SHAKTHI 50MM LONG SHACKLE,General Groceries,100,100,
4323,WHITE COVER,General Groceries,3,3,
4325,FLAG BADGE,General Groceries,8,8,
4329,BELLA CLASSIC DRAI,Beverages,55,55,
433,CALPAL 500,General Groceries,10,10,
4330,SOYA BEANS 1KG,General Groceries,150,150,
4331,NIVARAN 90 HERBAL COUGH REMEDY,General Groceries,10,10,
4332,KARUDA SEEDLESS DATES 500G,Snacks,192,192,
4333,MANGALDEEP FUSION,Pooja Items,60,60,
4336,BINGO HIMALAYAN PINK SALT,Snacks,10,10,
4337,HERSHEYS SYRUP CHOCOLATE 200G,Chocolates,110,110,
4338,BELLA CLASSIC SOFT,Beverages,55,55,
434,SARIDON,General Groceries,5,5,
4341,SOFTOUCH FC OCEAN BREEZE 220ML,General Groceries,99,99,
4342,WINKIES RED VELVET MARBLE SLICED CAKE,Snacks,30,30,
4343,DOMEX OCEAN FRESH 44MRP,Bathroom,44,44,
4345,LIFEBUOY GERM GUARD 10MRP,Soaps & Liquids,10,10,
4346,RIN MATIC FRONT LOAD 800ML,Soaps & Liquids,115,115,
4347,RIN MATIC FRONT LOAD 850ML,Soaps & Liquids,165,165,
4348,SURF EXCEL MATIC FRONT LOAD 50ML,Soaps & Liquids,10,10,
4349,SPOON ..,Household & Kitchen,40,40,
435,PONDS BEAUTY CREAM 50G,Soaps & Liquids,98,98,
4350,BUTTER BEANS 1 KG,General Groceries,150,150,
4351,NIPPO EMERGENCY LED BULB,Household & Kitchen,160,160,
4352,TEA CUP 100ML,Beverages,45,45,
4353,MILKY MIST COFFEE MILK SHAKE 220ML,Beverages,40,40,
4354,MILKYMIST BUTTERSCOTCH MILK SHAKE,Beverages,40,40,
4355,DARSHAN LIFE SAMBRANI FRAGRANCE,Pooja Items,55,55,
4357,DOVE INTENSE REPAIR,General Groceries,195,195,
4358,DOVE DAILY SHINE BIO -PROTEIN,General Groceries,85,85,
4359,INDULEKHA BRINGHA SHAMPOO 100ML,Shampoo,144,144,
4361,SUNSILK BLACK SHAMPOO,Shampoo,20,20,
4363,ENVY FIERY,General Groceries,220,220,
4364,ENVY DARK,General Groceries,220,220,
4366,ENVY SPEED,General Groceries,220,220,
4367,LONDON GLOW FACE POWDER 30G,Powders,65,65,
4368,TAJ MAHAL 275G,Beverages,235,235,
4369,MAYA ANJALI AGARBATHI 50MRP,Pooja Items,50,50,
437,CADBURY 5 STAR OREO 42G,Chocolates,40,40,
4370,UJALA SUPREME 250ML 80MRP,General Groceries,80,80,
4372,KARUDA BLACK CASHEW DATES,Snacks,280,280,
4374,FEMI TRIAL PACK 3N,General Groceries,75,75,
4375,FEMI COMBO BACK,General Groceries,99,99,
4376,BINGO OS HIMALAYAN PINK SALT,Snacks,20,20,
4379,CADBURY 22G,Chocolates,20,20,
438,SAKTHI TURMERIC POWDER 500G,Powders,210,210,
4380,CADBURY DAIRY MILK 6.3G,Chocolates,5,5,
4381,CADBURY DAIRY MILK,Chocolates,10,10,
4383,WHITE HORSE CASTOR OIL 100ML,Cooking Oil,30,30,
4384,CADBURY CHOCOBAKES CAKES,Chocolates,10,10,
4385,CADBURY SHOTS 14.4 G,Chocolates,10,10,
4386,BALAJI CRAYONS,Stationery,15,15,
439,GOOD NIGHT GOLD FLASH LAVENDER,General Groceries,80,80,
4390,RAJA HERBAL MOOLIGAI TOOTH POWDER,Powders,40,40,
4391,MADHURAM CHEKKU GINGELLY OIL 500ML,Cooking Oil,219,219,
4392,MADHURAM CHEKKU GINGELLY OIL 1LTR,Cooking Oil,415,415,
4394,BOOST 200G JAR,Beverages,105,105,
4395,LUX EVEN-TONED GLOW ROSE 100G,Soaps & Liquids,39,39,
4396,HORLICKS 500G POUCH,Beverages,235,235,
4397,MANGALDEEP TEMPLE DIVINITY 100MRP,Pooja Items,100,100,
4398,HEAD & SHOULDERS BASIC SMOOTH RS2,Shampoo,2,2,
4399,MANGALDEEP TEMPLE SANCTUM 100MRP,Pooja Items,100,100,
4400,AASHIRVAAD ATTA 2KG,Powders,116,116,
4401,SUNFEAST NICE 64G 10MRP,Biscuits,10,10,
4402,PARLE HIDE &SEEK MILANO,Biscuits,40,40,
4403,7UP 600ML,Beverages,40,40,
4404,MEERA ANTI DANDRUFF 180ML,General Groceries,215,215,
4405,MR.GOLD SUNFLOWER OIL 1L,Cooking Oil,180,180,
4407,FEVI KWIK,General Groceries,5,5,
4411,RATHNAS DRINKING JELLY,Soaps & Liquids,10,10,
4412,FAIR AND HANDSOME NATURE F1RST 30G,General Groceries,95,95,
4416,NIVEA MEN PURE IMPACT 250ML,Soaps & Liquids,275,275,
4417,NIVEA MEN COOLKICK 250ML,Soaps & Liquids,250,250,
4418,NIVEA MEN SHOWER GEL FRANGIPANI&OIL,Cooking Oil,135,135,
4419,NIVEA MEN SHOWER GEL WATERLILY&OIL,Cooking Oil,135,135,
4420,NIVEA MEN SHOWER GEL LEMON&OIL,Cooking Oil,135,135,
4421,NIVEA NOURISHING LOTION MILK 75ML,Beverages,85,85,
4422,NIVEA OIL IN LOTION COCO NOURISH 75ML,Cooking Oil,110,110,
4423,NIVEA SHEA SMOOTH BODY MILK 75ML,Beverages,130,130,
4425,AVL GREZGON LEMON 250ML,Vegetables,50,50,
4426,PONDS ACTIVATED CHARCOAL FACE WASH,Soaps & Liquids,35,35,
4428,PEPSODENT 6 IN 1 PROTECTION,Soaps & Liquids,20,20,
443,PONDS BB,Soaps & Liquids,108,108,
4430,GLUCORADE GUAVA,General Groceries,10,10,
4431,GLUCORADE STRAWBERRY,General Groceries,10,10,
4434,MILKYMIST GUAVA CHILLI,Powders,15,15,
4436,SSR WHITE SESAME CANDY 100 G,Chocolates,35,35,
4438,SSR FRIED GRAM CANDY BALLS,Chocolates,35,35,
4439,AGAPPAI,General Groceries,60,60,
444,ANNAPOORNA  PEPPER POWDER 50G,Powders,64,64,
4441,HEART BEAT,General Groceries,100,100,
4442,TPRG MAJUMA ATTAR 6ML,Powders,77,77,
4443,TPRG VIBUTHI ATTAR 3ML,Powders,40,40,
4445,TPRG CHOCOLATE ATTAR 3ML,Chocolates,40,40,
4446,TPRG JASMINE ATTAR 6ML,Powders,77,77,
4447,TPRG BISCUIT ATTAR 6ML,Biscuits,77,77,
4448,TPRG CHAARLEE ATTAR 6ML,Powders,77,77,
4450,3 ROSES TOP STAR 100G,Beverages,90,90,
4451,AROKYA CURD 200G 15MRP,Beverages,15,15,
4452,DHATHRI NEEM &TULSI SOAP,Soaps & Liquids,38,38,
4453,SUDHARANI ATHIRASAM,Powders,60,60,
4455,CYCLE SUGANDHA MALLIKA,Pooja Items,10,10,
4456,SUDHARANI KARASEEDAI,General Groceries,40,40,
4460,HEAD &SHOULDERS 2 IN 1 COOL MENTHOL,General Groceries,265,265,
4462,RICE FLOUR 1KG,Powders,80,80,
4463,HEAD&SHOULDERS 2 IN 1 SMOOTH&SILKY,Shampoo,265,265,
4464,WHISPER CHOICE REGULAR ALOE,Napkin,40,40,
4465,CHINO 2020 DF BALL PEN,Stationery,4,4,
4466,KELLOGGS CHOCOS DUET RS.10,Chocolates,10,10,
4468,CHINO DF BALL PEN,Stationery,4,4,
4470,SENSODYNE GENTLE CARE,Soaps & Liquids,140,140,
4471,SENSODYNE DAILY PROTECTION,Soaps & Liquids,20,20,
4472,HARPIC BATHROOM CLEANER LEMON,Vegetables,61,61,
4474,GRB GHEE 200ML JAR,Cooking Oil,202,202,
4477,COMFORT DESIRE,Soaps & Liquids,65,65,
4480,TATA COFFEE GRAND CLASSIC 65G,Beverages,125,125,
4481,TATA COFFEE GRAND SPECIAL HOTEL BLEND 200G,Beverages,240,240,
4482,BAT APPALAM 1 KG,Powders,120,120,
4483,OTTER 7BITES,General Groceries,5,5,
4485,KISSAN FRESH TOMATO KETCHUP,Vegetables,2,2,
4486,MAAMIS KULAMBU CHILLI MASALA 500G,Powders,195,195,
4487,LIVON ANTI FRIZZ SERUM 20ML,General Groceries,70,70,
4488,PARACHUTE MEN ANTI HAIRFALL ALMOND,Snacks,99,99,
4489,PARACHUTE ADVANCED MEN CLASSIC 100G,Beverages,99,99,
449,LAXMAN REKHAA 125ML,General Groceries,75,75,
4491,DILO WASH,General Groceries,10,10,
4492,MR.GOLD GROUNDNUT OIL 1 LTR,Cooking Oil,205,205,
4493,AMRUTANJAN ROLL-ON,Snacks,40,40,
4494,BOUNCE ORANGE CREAME,Biscuits,4.5,4.5,
4496,BOUNCE PINEAPPLE,Biscuits,4.5,4.5,
4497,SUNFEAST FANTASTIK 4D,Biscuits,10,10,
4498,MAAMIS CURRY POWDER 50G,Powders,32,32,
45,HIMALAYA NATURAL GLOW FACE CREAM 50G,Soaps & Liquids,100,100,
4500,GONE MAD CHOCO STICKS,Chocolates,20,20,
4501,GONE MAD CHOCO STICK,Chocolates,30,30,
4502,HAMAM PURE LEMON,Vegetables,10,10,
4503,LIZOL FLORAL 200ML,Bathroom,48,48,
4504,MANGALDEEP JATHIMALIGAI,Pooja Items,55,55,
4505,SAANI POWDER 50G,Powders,50,50,
4509,EXO STEEL SPONGE,Household & Kitchen,20,20,
4511,TIDE NATURALS LEMON&CHANDAN,Pooja Items,85,85,
4512,PONDS DREAM FLOWER 50G,Soaps & Liquids,43,43,
4513,ARIEL FRONT LOAD 3LTR,Soaps & Liquids,523,523,
4515,ARIEL TOP LOAD 3LTR,Soaps & Liquids,459,459,
4516,CADBURY DAIRYMILK CHOCOLATE,Chocolates,45,45,
4517,CADBURY OREO CHOCO,Chocolates,20,20,
4518,GILLETTE PRESTO BUY 3 GET 1,Soaps & Liquids,60,60,
4520,CADBURY OREO VANILLA,Chocolates,20,20,
4521,YARDLEY JASMINE,General Groceries,225,225,
4526,CLEANSO SALT STAIN REMOVER 500ML,Powders,70,70,
4527,SARAPARUPPU 1KG,Dhall,10,10,
4528,MUNTHIRI KURUNAI 100G,Pooja Items,20,20,
4529,KARUDA DATES 500G,Snacks,151,151,
4531,BOOMER MINT,Chocolates,10,10,
4532,TATA CHAKRA GOLD ELAICHI 250G,General Groceries,245,245,
4533,SNICKERS BUTTERSCOTCH 22G,Chocolates,30,30,
4534,NOTEBOOK RULED F/S 68PG,Stationery,35,35,
4535,SNICKERS BS,Chocolates,10,10,
4536,WILD BERRY SKITTLES,General Groceries,50,50,
4537,ORIGINAL SKITTLES,General Groceries,50,50,
454,NAGA MAIDA 1 KG,Powders,92,92,
4540,ORBIT MIXED FRUIT.,Vegetables,5,5,
4541,MILKY BAR CHOCO MIX FRUIT RS.5,Chocolates,5,5,
4542,ORBIT SWEETMINT .,Snacks,5,5,
4543,ORBIT MINT,Vegetables,5,5,
4544,SSR COCO MITTAI,General Groceries,35,35,
4545,SSR PEANUT CANDY,Chocolates,35,35,
4546,CAMLIN CD-DVD BLACK MAREKER PEN,Stationery,10,10,
4547,BRU INSTANT.,Beverages,10,10,
455,FIAMA MEN FRESH BAR,General Groceries,61,61,
4551,ORA -B KIDS MICKEYS,General Groceries,120,120,
4552,PANTENE 2 IN 1 SILKY SMOOTH,Shampoo,229,229,
4553,GILLLETTE GUARD,General Groceries,84,84,
4555,WHISPER PERIOD PANTY M - L 6 PANTS,Napkin,399,399,
4556,PARLE MELODY CHOCOLATY 195.5G,Chocolates,50,50,
4557,SIRIMIRI COCONUT LADDU,Snacks,5,5,
4558,HORLICKS 200GM,Beverages,99,99,
4559,SUNFEAST FANTASTIK,Biscuits,5,5,
4560,BOUNCE DAY NIGHT,Biscuits,5,5,
4561,BROOKE BOND 3 ROSES 500G,Beverages,360,360,
4562,BOUNCE ELAICHI,Biscuits,4.5,4.5,
4564,SUNFEAST  SUPERMILK,Biscuits,5,5,
4565,SUNFEAST DREAM CREME,Biscuits,10,10,
4566,NATURE POWER NEEM&OLIVE OIL,Cooking Oil,45,45,
4567,MAYBELLINE NEW YORK KAJAL,General Groceries,199,199,
457,SEERAGA SAMBA 26KG AARYA,Rice,3800,3800,
4570,IVN COCONUT OIL 500ML,Cooking Oil,210,210,
4571,IVN COCONUT OIL 100ML,Cooking Oil,54,54,
4572,IVN COCONUT OIL 200ML,Cooking Oil,106,106,
4573,IVN COCONUT OIL 50ML,Cooking Oil,18,18,
4575,IVN COCONUT OIL 500ML B,Cooking Oil,250,250,
4576,NESTLE MILKYBAR .,Chocolates,20,20,
4577,NOTEBOOK GRAPH F/S 68PG,Stationery,35,35,
4578,CADBURY BOURNVILLE 70%DARK,Chocolates,130,130,
4579,CADBURY BOURNVILLE CRANBERRY 110MRP,Chocolates,110,110,
458,LAYS INDIAN MAGIC RS.50,Snacks,50,50,
4580,CADBURY BOURNVILLE 50%DARK 75 G,Chocolates,130,130,
4582,HIMALAYA ALMOND&ROSE BUY3GET1 FREE,Snacks,123,123,
4583,HIMALAYA ORANGE FACE SERUM 249MRP,Vegetables,299,299,
4584,NOTEBOOK 2 LINE C/S 144PG,Stationery,45,45,
4586,ACCOUNT NOTE 1QR,General Groceries,100,100,
4587,FILTER SMALL,General Groceries,15,15,
4588,HEMA MIRROR 909,General Groceries,60,60,
4589,EGG BOX,Household & Kitchen,110,110,
459,VESTA BLACKCURRENT 120ML,General Groceries,55,55,
4591,PLASTIC COLOUR CUP,Household & Kitchen,15,15,
4592,SMILEY GLASS,General Groceries,30,30,
4597,BOTTLE BRUSH,Household & Kitchen,95,95,
4598,YARDLEY SANDAL WOOD 100G,General Groceries,70,70,
4599,HEMA MIRROR 7X5,General Groceries,55,55,
46,HIMALAYA NATURAL GLOW 25 G,Soaps & Liquids,55,55,
460,SET WET STYLING GELL 50ML,General Groceries,50,50,
4601,HEMA AIRFORCE MINI MIRROR,General Groceries,100,100,
4605,BATHING BUCKET COLOUR,Bathroom,250,250,
4610,GLOZY GLASS CLEANER,Bathroom,109,109,
4611,TAJ MAHAL,Beverages,95,95,
4612,PYOREA TOOTH POWDER,Powders,8,8,
4613,REYNOLDS CORRECTION PEN .,Stationery,30,30,
4614,SIVASAKTHI VILAS VIBOOTHI,Powders,5,5,
4615,KADALAI 1KG,Dhall,70,70,
4616,MARAVALLI KILANGU 1KG,Powders,50,50,
4617,ATHALAKKAI 1KG,General Groceries,150,150,
4619,UNO CARDS,General Groceries,100,100,
4620,COURIER COVER A4,General Groceries,10,10,
4622,SWEET BEANS1KG,Snacks,100,100,
4623,SURUL PATTAI 100G,Powders,400,400,
4624,ANNACHI POO 250G,General Groceries,300,300,
4626,INIYA SEKKU GROUNDNUT OIL 500ML,Cooking Oil,160,160,
4627,CAMLIN PASTE 50ML,General Groceries,20,20,
4628,CAMLIN MARKER INK RED,Stationery,25,25,
4629,SAKKARAI POOSANIKAI VEG,Powders,50,50,
4630,SURF EXCEL EASY WASH LIQUID 1L,Soaps & Liquids,205,205,
4633,GOPURAM KASTHURI TURMERIC 40G,Powders,35,35,
4634,BINGO MAD ANGLES ACHAARI MASALA,Snacks,20,20,
4635,BINGO MAD ANGLES TOMATO,Snacks,20,20,
4638,MANGALDEEP SCENT,Pooja Items,12,12,
4641,MANGALDEEP FUSION .,Pooja Items,12,12,
4645,TIDE DOUBLE POWER 500G J&ROSE,Soaps & Liquids,84,84,
4648,LAYS HOT SWEET 30G,Snacks,10,10,
465,MILKYMIST PASTEURISED TABLE BUTTER 100G,Beverages,75,75,
4650,AGAR AGAR,General Groceries,40,40,
4651,ELKOS U-FEY GEL,General Groceries,10,10,
4654,ELKOS CUTY PEN,Stationery,7,7,
4655,ELKOS RIO GEL,General Groceries,7,7,
4656,VIP HAIR COLOUR SHAMPOO,Shampoo,51,51,
4658,EVA FRESH 40ML,General Groceries,70,70,
4660,EVA SHINE ROLL ON,Snacks,95,95,
4661,EVAV SPLASH,General Groceries,95,95,
4662,EVA SOFT,General Groceries,95,95,
4664,EVA COOL SPLASH,General Groceries,95,95,
4665,SUNFEAST MARIE LIGHT 186G,Biscuits,26,26,
4667,SLATE SMALL,Stationery,55,55,
4671,BISLERI WATER 1L,Beverages,20,20,
4672,VEET PURE DRY TO NORMAL SKIN,General Groceries,109,109,
4673,VEET PURE NORMAL SKIN,General Groceries,109,109,
4674,VEET PURE SENSITIVE SKIN,General Groceries,109,109,
4676,MOOV COOL,Soaps & Liquids,60,60,
4677,MOOV PAIN RELIEF 30G,Soaps & Liquids,175,175,
4679,ITCH GUARD 20G,General Groceries,117.6,117.6,
468,GILLETTE 7 O CLOCK P11,Soaps & Liquids,125,125,
4680,GRB SOAN PAPDI CHOCOLATE,Chocolates,35,35,
4681,ELKOS KELLER PEN,Stationery,10,10,
4682,AACHI BADAM DRINK,Snacks,10,10,
4683,yardley red rose 100g,General Groceries,70,70,
4684,GOOREJ JERSEY KESAR MILK,Beverages,30,30,
4685,CLINIC PLUS,Shampoo,1,1,
4686,DOVE HAIR FALL RESCUE 75 ML,General Groceries,60,60,
4687,LAYS AMERICAN STYLE C&O 24G,Snacks,10,10,
4688,MASS SALT,Powders,10,10,
4689,ORAL-B SENSITIVE GUMS,Soaps & Liquids,160,160,
469,GILLETTE 7 O CLOCK P11 5N,Soaps & Liquids,240,240,
4690,PONVANDU SOAP,Soaps & Liquids,10,10,
4691,DABUR MESWAK 100G 70MRP,Soaps & Liquids,70,70,
4694,DABUR HONEY 500G+225G,Snacks,240,240,
4695,SLATE BIG,Stationery,75,75,
4696,MILKY MIST MAGIC BAR,Beverages,25,25,
4698,MILKY MIST STRAWBERRY,Beverages,280,280,
4699,MILKY MIST BUTTERSCOTCH 700ML,Beverages,300,300,
47,PEPSODENT 200G,Soaps & Liquids,143,143,
470,WHISPER ALOE XL PADS,Napkin,36,36,
4700,MONKEY 555 INTERNATIONAL,General Groceries,150,150,
4702,LUVLT CHOCOWICH WHITE,Chocolates,5,5,
4704,RAJA HERBAL ADATHODA 50G,General Groceries,38,38,
4705,RAJA HERBAL ASHWAGANDHA 50G,General Groceries,80,80,
4706,RAJA HERBAL SPADE FLOWER 50G,General Groceries,70,70,
4707,RAJA HERBAL LICORISE 50G,General Groceries,66,66,
4708,RAJA HERBAL CURRY LEAVES 50G,Powders,38,38,
4709,RAJA HERBAL INDIAN COPPER LEAF 50G,General Groceries,45,45,
471,MILKYMIST CONDENSED MILK 200G,Beverages,75,75,
4710,RAJA HERBAL NUTMEG 25G,General Groceries,75,75,
4711,LAVIAN CHOKITO  SOOO,General Groceries,10,10,
4712,NATIVE DIET PIRANDAI THOKKU,General Groceries,200,200,
4715,JAINEX 0.7 YOUTH PENCIL,Stationery,17,17,
4718,VIM 300G,General Groceries,20,20,
4720,SPINZ  ENCHANTE POWDER 100G,Powders,102,102,
4721,SUNFEAST SUPERMILK.,Biscuits,10,10,
4723,WATER BOTTLE STYLO,Household & Kitchen,50,50,
4724,MANGALDEEP FLORA MARIGOLD,Pooja Items,55,55,
4727,SAKTHI KASHMIRI CHILLI POWDER 50G,Powders,60,60,
4729,MONKEY 555 DECK MOP,Bathroom,290,290,
4730,WATER BOTTLE MELON,Household & Kitchen,70,70,
4732,HERSHEYS SP COCOA ALMOND 150G,Chocolates,185,185,
4736,SAARU PEPPERRY SOUP,Powders,50,50,
4737,RAJAM SUKKU COFFEE 10G,Beverages,10,10,
4738,YARDLEY GENTLEMAN URBAN,General Groceries,249,249,
4739,HERSHEYS CHOCO DELIGHTS 10MRP,Chocolates,10,10,
4740,LAVIAN ECLAIR,General Groceries,100,100,
4742,LION APPLE SQUASH,Beverages,172,172,
4744,OM SHANTHI PURE POOJA OIL 1LTR.,Pooja Items,220,220,
4745,CYCLE THREE IN ONE,Pooja Items,110,110,
4746,FALLIN ADMIRE,General Groceries,249,249,
4747,ACT II BUTTER PEPPER FLAVOUR,Powders,35,35,
4748,FALLIN CHARMING BODY SPRAY,General Groceries,249,249,
4749,FALLIN SWEETHEART,Snacks,249,249,
4751,FALLIN BELOVED,General Groceries,699,699,
4752,FALLIN BEETROOT FACE WASH,Vegetables,55,55,
4753,FALLIN REDWINE FACE WASH,Soaps & Liquids,299,299,
4755,COOL DRINKS 10/-,Soaps & Liquids,10,10,
4756,CAMPA ENERGY DRINK,Beverages,10,10,
4759,HORLICKS 3/-,Beverages,3,3,
476,MILKYMIST CHOCOLATE SANDWICH 100ML,Chocolates,30,30,
4761,ARUN CHOCO BAR,Chocolates,30,30,
4762,PRIL TAMARIND SHINE SPECIALIST,Powders,20,20,
4768,NATARAJ PEN RS 4/-,Stationery,4,4,
4769,THENNA MARAGUDI ENNAI 50ML,Pooja Items,70,70,
477,MILKYMIST MANGO SORBET 73ML,Beverages,25,25,
4770,ARUN CHOCOLATE ICONE,Chocolates,40,40,
4771,PROMISE CELLO TAPE 20 YARD,Stationery,10,10,
4772,KADUGU ULUNTHU 1KG,Dhall,200,200,
4774,TRPICANA SLICE 1.2L,Beverages,75,75,
4775,BRU INSTANT RS3/-,Beverages,3,3,
4777,HIMALAYA SUPERSAVER PACK,Soaps & Liquids,350,350,
4778,REAL STAWBERRY COOKIES,Cookies,40,40,
4779,REAL PUFFED RICE BALLS,Rice,40,40,
4780,KIRUBAI GHEE MURUKKU,Snacks,75,75,
4781,REAL OOTY VARKEY,General Groceries,60,60,
4782,CRUNNCHY BUTTER MUFFINS,Snacks,50,50,
4783,DOHNA SLICED CAKE VANILA,Snacks,55,55,
4784,REAL TUTHUKUDI MACROONS,General Groceries,60,60,
4785,ARASAN ACHU MURRUKU,General Groceries,45,45,
4786,JVS CHITHI MURRUKU 200G,General Groceries,65,65,
4788,BANNARI CRYSTAL SUGAR 1KG,Powders,60,60,
4789,MAGIC POP RS 2/-,General Groceries,2,2,
479,FIGO A9 HITECH PEN 0.6MM,Stationery,30,30,
4791,DABUR RED PASTE 100G,Soaps & Liquids,69,69,
4792,MAMIYAR VEETU MURUKKU,Snacks,65,65,
4795,SAVORIT VERMICELLI 1KG,Powders,99,99,
4796,SAVORIT VERMICELLI 500G,Powders,53,53,
4797,THENKAPAL  ALWA,General Groceries,10,10,
4798,REAL HONEY BALLS,Snacks,37,37,
4799,REAL GINGER CANDY,Chocolates,25,25,
4800,REAL BER FRUIT JAM,Snacks,25,25,
4803,THENKA POO MUNTHIRI CAKE 12 PCS,Pooja Items,72,72,
4804,DOVE DAILY SHINE 180ML,General Groceries,246,246,
4805,DOVE ANTI DANDRUFF SOLUTION 180ML,General Groceries,185,185,
4806,DOVE HAIRFALL RESCUE SHAMPOO 180ML.,Shampoo,246,246,
4807,GLOW&LOVELY MULTIVITAMINS,General Groceries,85,85,
4808,PONDS MAGIC 19G,Soaps & Liquids,10,10,
4809,PONDS SANDAL 19G,Soaps & Liquids,10,10,
4810,LUX CLEAR GLOW SANDALWOOD,Soaps & Liquids,10,10,
4811,LUX CLEAR GLOW,Soaps & Liquids,10,10,
4813,NESTLE CERALAC WHEAT RICE MIXED VEG,General Groceries,325,325,
4815,NESTLE LACTOGEN PRO 4,Baby Items,490,490,
4816,NESCAFE SUNRISE 90G,Beverages,315,315,
4818,NESTLE KITKAT DARK CHOCOLATE,Chocolates,85,85,
4819,LAYS SPANISH TOAMTO TANGO 30G,Snacks,10,10,
482,HEAD & SHOULDERS ANTI DANDRUFF SHAMPOO..,Shampoo,4,4,
4820,NESTLE CLASSIC,Beverages,10,10,
4821,NESCAFE VANILLA  180ML,Beverages,45,45,
4822,JUICE CUP PAPER 250 ml,Beverages,95,95,
4824,SRI GANAPATHY SANDAL PASTE,General Groceries,50,50,
4825,PEPSODENT EX,Soaps & Liquids,55,55,
4826,PANTENE HAIRFALL CONTROL 200ML,Shampoo,229,229,
4827,GILLETTE VECTOR +,Soaps & Liquids,99,99,
4828,GILLETTE 7 O CLOCK .,Soaps & Liquids,20,20,
4829,GILLETTE VENUS SIMPLY WITH VITAMIN E,Soaps & Liquids,99,99,
4831,ULTRA WHISPER SKIN LOVE SOFT,Napkin,90,90,
4832,WHISPER SKIN LOVE SOFT,Napkin,70,70,
4833,WHISPER XL,Napkin,520,520,
4834,IODEX RAPID SPRAY 60G,Soaps & Liquids,205,205,
4836,WHISPER LEAKAGE PROTECTION,Napkin,149,149,
4839,TIDE DOUBLE POWER L&M,Soaps & Liquids,84,84,
484,MOUNTAIN DEW 250ML+150ML RS.20/-,General Groceries,20,20,
4840,NATARAJ POKIT GEOMENTRY BOX,Household & Kitchen,100,100,
4845,APSARA WAX CRAYONS,Stationery,10,10,
4846,SENSODYNE SENSITIVE BRUSH BUY2GET1,Soaps & Liquids,140,140,
4847,ELKOS GRICS PEN,Stationery,10,10,
4851,WINKIES LOVE BITE,Biscuits,20,20,
4852,TIDE DOUBLE POWER L&M 1KG,Soaps & Liquids,168,168,
4854,TIDE DOBLE POWER J&R,Soaps & Liquids,168,168,
4855,ARIEL TOP LOAD 500KG,Soaps & Liquids,160,160,
4856,ARIEL FRONT LOAD 500KG,Soaps & Liquids,170,170,
4857,HORLICKS 10G 5MRP,Beverages,5,5,
4858,THERMAL PAPER ROLL,Snacks,60,60,
486,LA---                      LASER READY RAZOR RS.10/-,Soaps & Liquids,10,10,
4860,HORLICKS 200GM JAR,Beverages,105,105,
4863,DEV THENKUZHAL MURUKKU,Snacks,105,105,
4864,ELKOS RAFFA BALL PEN,Stationery,10,10,
4866,ALL OUT ULTRA FLORAL 45ML,Bathroom,70,70,
4867,NESTLE KITKAT SHARE&SNAP,Chocolates,55,55,
487,CADBURY CHOCOLAIRS 120 UNITS,Chocolates,120,120,
4871,ARCOT MANI MARK COCONUT LADDU,Snacks,50,50,
4872,ARCOT MANI MARK PUFFED BAJRA BALLS,General Groceries,40,40,
4873,ARCOT MANI MARK PUFFED BARLEY BALLS,General Groceries,40,40,
4874,ARCOT MANI MARK ENERGY LADDU,Snacks,60,60,
4876,MILKY MIST CURD 200G,Beverages,30,30,
4877,PANDIAN GARLIC PICKLE,Powders,5,5,
4878,AACHI CHICKEN KABAB / 65 20G,Powders,10,10,
4879,PANDIAN CITRON PICKLE,Powders,5,5,
4880,PANDIAN LIME PICKLE 17G,Powders,5,5,
4882,ARCOT MANI MARK COCO MITTAI,General Groceries,65,65,
4883,SUKKU 1KG,General Groceries,600,600,
4884,UDAICHA ULUNTHA PARUPPU 1KG,Dhall,170,170,
4885,APSARA AVENGERS ERASER,Stationery,5,5,
4887,ARUN CHOCO BITES,Chocolates,5,5,
4889,ARUN VANILLA I CONE 100ML,General Groceries,60,60,
4890,ARUN BUTTERSCOTCH CONE 100ML,General Groceries,60,60,
4891,ARUN DOUBLE CHOCO CONE,Chocolates,60,60,
4893,ARUN MILK FANTASY,Beverages,10,10,
4897,ARUN VANILLA 60ML,General Groceries,20,20,
490,BLUE HEAVEN EYELINER,General Groceries,65,65,
4900,JIVE DASHING DEO BODY SPRAY 150ML,General Groceries,99,99,
4902,APSARA ABSOLUTE SHARPENER,Stationery,7,7,
4903,APSARA PLATINUM KIT,General Groceries,25,25,
4905,ARUN KESAR PISTA I CONE,Snacks,40,40,
4906,ARUN VANILLA ICONE 50ML,General Groceries,40,40,
4907,APSARA ABSOLUTE MECHANICAL PENCIL 2.0MM,Stationery,30,30,
4908,APSARA TIDY TOP SHARPENER,Stationery,5,5,
4910,NATARAJ FUNDAMENTAL GEOMETRY SET,Stationery,40,40,
4912,BINACA,General Groceries,25,25,
4913,ONION VEG 1 KG 60,Vegetables,100,100,
4914,SUNFEAST MARIE LIGHT 71G,Biscuits,9,9,
4917,7UP 250ML  LEMON,Beverages,15,15,
4918,MIRINDA 330ML TIN,Beverages,40,40,
4919,MOUNTAIN DEW 330ML TIN,General Groceries,40,40,
492,CHUPA CHUPS SOUR BELT STRAWBERRY,Chocolates,5,5,
4920,PEPSI 330ML TIN,Beverages,40,40,
4922,PAAL PERUNKAYAM 100G,General Groceries,120,120,
4923,SNACTAC MOONG DAL,Dhall,5,5,
4924,NIPPO STAR LED TORCH,Household & Kitchen,159,159,
4925,NIPPO NOVA LED TORCH,Household & Kitchen,199,199,
4926,NIPPO SPARK LED TORCH,Household & Kitchen,220,220,
4930,GILLETTE GUARD 4S,Soaps & Liquids,52,52,
4932,TIDE WHITE BAR,Soaps & Liquids,10,10,
4934,ENGAGE W2,General Groceries,110,110,
4937,SNICKERS,Chocolates,10,10,
4938,BRU TRIPTI BLEND,Beverages,225,225,
4939,MAGGI 2MINUTE NOODLES 25G,Powders,14,14,
4940,POLO,General Groceries,5,5,
4943,PARLE CHATKEENS MOONG DAL,Biscuits,10,10,
4947,ANIL RAGI VERMICELLI,Powders,28,28,
4949,PASS PASS MINT,Vegetables,10,10,
4950,NYLON ROPE 6MTRS,Powders,20,20,
4951,NYLON ROPE 8MTRS,Powders,30,30,
4952,COCA COLA TIN 300 ML,Beverages,40,40,
4953,FANTA TIN 300ML,Beverages,40,40,
4954,SPRITE TIN 300ML,Beverages,40,40,
4955,FANTA 750ML BOTTLE,Beverages,40,40,
4956,SPRITE 750ML BOTTLE,Beverages,40,40,
4957,KINLEY SODA 750ML,Beverages,18,18,
4961,ENGAGE SPIRIT SMOKEY,General Groceries,130,130,
4962,ENGAGE SPIRIT FRESH WOODS,General Groceries,130,130,
4963,AJJ MUSCOTH HALWA,Snacks,78,78,
4964,CRUNCHY FOODS CHOCOLATE,Chocolates,50,50,
4965,DEV PUFFED RICE BALLS,Rice,75,75,
4966,LAKSHMI MURUKKU,Snacks,40,40,
4967,ZED BLACK 3 IN 1 100G,General Groceries,60,60,
4968,ZED BLACK FRESH PINEAPPLE,General Groceries,60,60,
497,KAYAL RAW SUGARCANE POWDER 500G,Powders,70,70,
4971,HIMALAYA BABY POWDER 400G,Baby Items,340,340,
4972,CADBURY DAIRY MILK CRACKLE 75 G,Chocolates,107,107,
4973,PONDS MAGIC TALC 400G,Soaps & Liquids,459,459,
4974,ONYX SCISSORS,Stationery,30,30,
4975,ALPENLIEBE LOLLIPOP CARAMEL,Chocolates,5,5,
4976,TAMIL GHEE 50ML,Cooking Oil,52,52,
4978,KINDER SCHOKO BONS CRISPY,General Groceries,45,45,
4979,LIMOZ STEEL SCRUB,Bathroom,15,15,
4981,PANTENE DEEP REPAIR 75ML,Shampoo,79,79,
4984,DABUR MESWAK 200G,Soaps & Liquids,136,136,
4985,CAMLIN CD MARKER BLACK,Stationery,10,10,
4986,BAJAJ COCONUT OIL 175ML,Cooking Oil,72,72,
4988,AMLA HAIR OIL,Shampoo,20,20,
4989,NIVEA NATURAL GLOW SENSITIVE,Soaps & Liquids,125,125,
4990,BRU INSTANT RS.5,Beverages,5,5,
4991,NIVEA FRESH PURE SHOWER GEL,Soaps & Liquids,135,135,
4992,NIVEA NATURAL GLOW CELL REPAIR,Soaps & Liquids,125,125,
4993,NIVEA EXPRESS HYDRATION,Soaps & Liquids,120,120,
4994,BAJAJ GULAB JAL,General Groceries,10,10,
4995,KAYAL URAD APPLAM,Dhall,20,20,
50,GLOW AND LOVELY 15G,General Groceries,25,25,
500,YARDLEY LONDON SHAVING + SHAVING BRUSH,Soaps & Liquids,99,99,
5001,MORROMA 4 IN 1CATAR,General Groceries,65,65,
5003,MAGGI 2MINUTE NOODLES 280G,Powders,60,60,
5004,EXO ANTI BACTERIAL GINGER TWIST,Vegetables,20,20,
5006,HIMALAYA ANTI - DANDRUFF SHAMPOO 80ML,Shampoo,65,65,
5011,LAYER WOTTAGIRL TUSCAN GREEN,General Groceries,239,239,
5013,LAYER WOTTAGIRL SANDAL BLISS,General Groceries,225,225,
5014,LAYER WOTTAGIRL AMBER KISS,General Groceries,111,111,
5015,LAYER WOTTAGIRL SECRET CRUSH,General Groceries,111,111,
5016,YARDLEY SANDALWOOD,General Groceries,60,60,
5017,YARDLEY ENGLISH ROSE 50G,General Groceries,60,60,
5018,SUNFEAST BOUNCE CHOCOLATE,Chocolates,5,5,
5020,SUNFEAST ALL ROUNDER SWEET&SALTY,Biscuits,10,10,
5021,CANDYMAN FRUITEE FILLS,Chocolates,100,100,
5023,LOTUS XL CUP SAMBRANI,Pooja Items,150,150,
5024,GARNIER PURE ACTIVE,General Groceries,85,85,
5027,THENKA PAL ALWA 80G,General Groceries,20,20,
5028,SRI MAHA CORN PUFFS,General Groceries,20,20,
5029,REAL DROPS,General Groceries,30,30,
503,YARDLEY LONDON GENTLEMAN URBAN 100G,General Groceries,70,70,
5031,CAMLIN WHITEBOARD MARKER,Stationery,28,28,
5032,HIMALAYA ALMOND &ROSE,Snacks,192,192,
5033,DOUBLEMINT 10/-,General Groceries,10,10,
5034,HIMALAYA NEEM &TURMERIC,Powders,204,204,
5037,JC SCISSORS,Stationery,40,40,
5038,HIMALAYA SHISHU ANAND BABY PANTS S,Baby Items,28,28,
5039,HIMALAYA WINTER DEFENSE CREAM,Soaps & Liquids,99,99,
5041,MUNTHIRI KURUNAI 1KG  (G),Pooja Items,400,400,
5042,MUNTHIRI KURUNAI(G) 250GM,Pooja Items,100,100,
5043,PONDS 19G,Soaps & Liquids,10,10,
5044,MEERA GRAND JUMBO MATHS FLEXI,General Groceries,80,80,
5046,MEERA GRAND RHINO 80PAGES FLEXI RULED,General Groceries,56,56,
5048,MEERA GRAND TURBO MATHS 80PG RULED,General Groceries,32,32,
5050,BRI 5050 JEERA,Powders,10,10,
5054,GEMS GOLD AGMARK GROUNDNUT OIL 1LTR,Chocolates,241,241,
5055,AVT NATURE CUP 100G,General Groceries,100,100,
5056,AVT NATURES CUP 250G,General Groceries,240,240,
5057,INDIAN MOB,General Groceries,185,185,
506,JIMJAM,General Groceries,10,10,
5060,ROLLED PANDAGE 7.5X10CM,General Groceries,25,25,
5061,AASHIRVAAD ROASTED SV 450GM,General Groceries,53,53,
5063,NALAAS MURUKKU MIX 500G,Snacks,105,105,
5064,PORIKADALAI NICE SPLIT 1KG,Biscuits,110,110,
5065,OLD SPICE NOMAD,General Groceries,299,299,
5069,LUXOR SUPER CHISEL MARKER,Soaps & Liquids,10,10,
507,B FIZZ 250ML..,General Groceries,20,20,
5071,GILLETTE MACH 3 BRIGHT GLOW,Soaps & Liquids,649,649,
5072,GILLETTE FUSION 5 POWER,Soaps & Liquids,649,649,
5073,DABUR RED PASTE 200G,Soaps & Liquids,140,140,
5076,LION CORN FLAKES 400G,Powders,92,92,
5077,LION AUSTRLIAN OATS 1.5KG,Powders,292,292,
5078,LION QUNO DATES,Snacks,286,286,
5079,BRITANNIA TIGER COCONUT,Biscuits,10,10,
5080,LOTTE LACTO KING 440G,General Groceries,100,100,
5081,INDICA NATURAL&NOURISH,General Groceries,15,15,
5082,OM SHANTHI PURE TURMERIC 50G,Powders,15,15,
5083,DABUR ALMOND HAIR OIL 100ML FREE 50ML,Shampoo,75,75,
5084,YARDLEY GENTELMAN CLASSIC 25ML,Beverages,115,115,
5085,YARDLEY ORIGINAL 25ML,General Groceries,115,115,
5086,DOVE ANTI DANDRUFF 180ML,General Groceries,195,195,
5087,GENZ BALL PEN,Stationery,10,10,
5089,NESTLE CERALAC 5GRAINS &VEGETABLES,Vegetables,339,339,
509,KWALITY WALLS BUTTERSCOTCH KONE,Ice Cream,25,25,
5091,PLASTIC PENCIL BOX,Household & Kitchen,45,45,
5092,NESTLE NAN PRO 2,General Groceries,825,825,
5094,KIT KAT DOUBLE CHOCOLATE,Chocolates,110,110,
5095,GRB GHEE,Cooking Oil,10,10,
5096,NESCAFE SUNRISE .,Beverages,5,5,
5098,NESTLE MUNCH MAX BUTTERSCOTCH,Chocolates,30,30,
51,GLOW AND LOVELY MV SERUM IN CREME 50G,General Groceries,135,135,
5103,CADBURY DAIRY MILK KESAR NUTS 45MRP,Chocolates,45,45,
5105,RUBY PISTA,Snacks,35,35,
5106,BOURN VITA 500G POUCH,General Groceries,249,249,
5107,ACTIVE POWER DETERGENT CAKE,Snacks,20,20,
5108,AGMARK MC ASAFOETIDA 50GM,Powders,92,92,
5110,SSR PEANUT CANDY CUBE,Chocolates,65,65,
5111,HEAD & SHOULDERS ANTI DANDRUFF SHAMPOO,Shampoo,2,2,
5112,COMFORT FABRIC MORNING FRESH 120MRP,Soaps & Liquids,120,120,
5113,PEPSI 600ML,Beverages,40,40,
5114,REAL HEART BISCUIT,Biscuits,40,40,
5115,REAL CASHEW BISCUIT,Biscuits,40,40,
5116,DOHNA PLUM CAKE,Snacks,60,60,
5119,EARTH MUSK,General Groceries,150,150,
5122,PACHA KARPOORAM 100G,Pooja Items,200,200,
5123,LOTTE ECLAIRS CHOCO,Chocolates,100,100,
5126,KIMIA  GOLD 500GM,General Groceries,250,250,
5127,ORIGINAL KIMIA DATES 500GM,Snacks,300,300,
5132,MEERA GRAND TURBO 160 PG MATHS,General Groceries,10,10,
5135,JUZT JELLY RS 1/-,General Groceries,10,10,
5136,ANIL ADAI DOSA MIX,General Groceries,90,90,
5138,TIDE MATIC TP,Soaps & Liquids,10,10,
5139,TIDE MATIC FRONT LOAD 2L,Soaps & Liquids,490,490,
5140,TIDE MATIC TOP LOAD 2L,Soaps & Liquids,300,300,
5141,RAJA HERBAL VALLARAI,General Groceries,50,50,
5142,RAJA HERBAL NEEM LEAF 50GM,General Groceries,40,40,
5143,RAJA HERBAL ORANGE PEEL 50GM,Vegetables,40,40,
5144,RAJA HERBAL POOLAKILANGU 50GM,General Groceries,90,90,
5145,RAJA HERBAL KASTHURI MANJAL POWDER,Powders,50,50,
5146,RAJA HERBAL ALUPPU MARUNTHU,General Groceries,15,15,
5147,RAJA HERBAL NEERAVI CHOORANAM 50GM,General Groceries,10,10,
5148,RAJA HERBAL IRUMAL CHOORANAM,General Groceries,15,15,
5149,RAJA HERBAL EELAIKKU CHOORANAM,General Groceries,15,15,
5150,PANDIAN MANGO PICKLE RS 5/-,Powders,5,5,
5151,Z CLASSIC,Beverages,275,275,
5152,Z CLASSIC 45ML,Beverages,80,80,
5153,Z CLASSIC 75ML,Beverages,135,135,
5154,CADBURY DAIRY MILK 40G,Chocolates,45,45,
5155,CADBURY DAIRY MILK DESSERTS PLUM CAKE 140G,Chocolates,280,280,
5156,CADBURY DAIRY MILK DESSERTS BROWNIE 140G,Chocolates,280,280,
5157,CADBURY DAIRY MILK DESSERTS PLUM CAKE 70G,Chocolates,140,140,
5158,NATURE POWER MINT,Vegetables,30,30,
5159,NATURE POWER TULSI&ALOE VERA,General Groceries,30,30,
5160,NATURE POWER HONEY,Snacks,30,30,
5162,MAAMIS SAMBAR POWDER 500GM,Powders,275,275,
5163,CLOTH CLIP PLASTIC,Household & Kitchen,40,40,
5164,PARACATOMAL TABLET,General Groceries,5,5,
5165,FOUNTAIN PEN,Stationery,40,40,
5166,CATRIDGES PEN,Stationery,40,40,
5168,SULPHAAN POWDER,Powders,25,25,
5169,DETTOL ORIGINAL 100GM,Soaps & Liquids,46,46,
5170,ORAL-B CRISSCROSS EXTRA SOFT 65MRP,Soaps & Liquids,60,60,
5171,ORAL-B KIDS EXTRA SOFT 20MRP,Soaps & Liquids,20,20,
5172,ORAL-B PRO CLEAN EXTRA SOFT 55MRP,Soaps & Liquids,60,60,
5173,WHISPER MAXI FIT 8PADS L,Napkin,100,100,
5176,WHISPER CHOICE XL 45MRP,Napkin,45,45,
5178,WHISPER MAXI NIGHTS 7PADS 110MRP,Napkin,110,110,
5179,SUNPURE HEART SUNFLOWER OIL 100ML,Cooking Oil,25,25,
518,KWALITY WALLS CHOCO BAR MINI,Chocolates,10,10,
5181,ARCOT MANI MARK PEANUT BALLS,General Groceries,50,50,
5182,ARCOT MANI MARL FRIED GRAM BALLS,Dhall,50,50,
5183,AVAL NICE 250G,Biscuits,10,10,
5184,ARCOT MANI MARK SESEAME BALLS,General Groceries,50,50,
5185,ARCOT MANI MARK BLACK SESAME BALLS,Cooking Oil,50,50,
5186,COCO CASHEW CANDY,Chocolates,65,65,
5187,ARCOT MANI MARK COCONUT MITTAI,Vegetables,70,70,
5188,ARCOT MANI MARK PUFFED RICE BALLS,Rice,35,35,
519,KWALITY WALLS OREO AND CREAM,Biscuits,60,60,
5190,CHUPA CHUPS CRAWLERS,Chocolates,10,10,
5195,1 TO 3 PASTA MASALA,Powders,10,10,
5197,DORCO CHAMP,General Groceries,20,20,
5198,DORCO CHAMP BLADE,Soaps & Liquids,10,10,
5199,BRITANNIA 50 50 GOL MAAL BUTTER,Biscuits,10,10,
520,KWALITY WALLS CHOCOLATE FEAST,Chocolates,35,35,
5200,BRITANNIA GOL MAAL BUTTER GARLIC,Biscuits,10,10,
5205,DUKES WAFFY CHOCO ROLLS,Chocolates,300,300,
5207,LIA CHANDANAM,Pooja Items,55,55,
5208,MAIDA 1 KG,Powders,70,70,
5209,MANDAI VELLAM 500G,Powders,40,40,
521,MAGNUM ALMOND,Snacks,99,99,
5210,LIA PRIME ROSE,General Groceries,55,55,
5211,LIA JAS,General Groceries,55,55,
5212,LIA SAMTRUPTI,Powders,55,55,
5213,LIA PINEAPPLE,General Groceries,55,55,
5214,LIA RAINBOW,General Groceries,55,55,
5215,LIA LAVENDERZ,General Groceries,55,55,
5216,LIA FLORESS,General Groceries,55,55,
5217,NESCAFE SUNRISE 190G,Beverages,560,560,
5223,MAGGI SUPER MASALA,Powders,10,10,
5224,KIT KAT,Chocolates,20,20,
5226,MAGGI 2MINUTE NOODLES 420G,Powders,84,84,
5229,LAVIAN ECLAIRS 160G,Chocolates,50,50,
523,KWALITY WALLS TWISTER PINEAPPLE 65ML,Ice Cream,20,20,
5230,PONVANDU DETERGENT LIQUID 1LTR,Soaps & Liquids,110,110,
5231,PONVANDU DETERGENT LIQUID 500ML,Soaps & Liquids,65,65,
5232,NAPTHLINE BALLS(COLOUR) 1KG,General Groceries,200,200,
5233,MILKY MIST SUNDAE STRAWBERRY,Beverages,45,45,
5234,MILKYMIST SUNDAE MANGO,Beverages,45,45,
5235,MILKYMIST SANDWICH,Beverages,35,35,
5236,HARIMA BASIL SEEDS 100G,General Groceries,100,100,
5238,HARIMA GULAB ROSE WATER 100ML,General Groceries,45,45,
5239,HARIMA GULABS ROSE WATER 100ML,General Groceries,35,35,
524,BUBBLES 10/-,General Groceries,10,10,
5240,VI-JOHN WOMEN SAFFRON&GOLD,General Groceries,80,80,
5241,VI-JOHN BB+SAFFRON FOUNDATION CREAM,Soaps & Liquids,75,75,
5242,VI-JOHN SAFFRON FAIRNESS CREAM,Soaps & Liquids,80,80,
5243,ST.JOHN COBRA,General Groceries,65,65,
5244,ST.JOHN COBRA 15ML,General Groceries,120,120,
5245,VI-JOHN MAKEUP FOUNDATION,General Groceries,99,99,
5246,ST.JOHN COBRA 150ML,General Groceries,275,275,
5247,BOYAS-27 ANT POWDER 40G,Powders,12,12,
5248,BOYAS-27 GOOD SLEEP INCENSE STICK,Pooja Items,15,15,
5249,MAGIC SPICY MASALA INSTANT NOODLES,Powders,56,56,
5250,Z PLUS PINEAPPLE INCENSE STICK,Pooja Items,20,20,
5252,GILLETTE FUSION 5 POWER 4S,Soaps & Liquids,1199,1199,
5253,GILLETTE FUSION 2S,Soaps & Liquids,625,625,
5255,OLD BALANCE,General Groceries,10,10,
5257,DHATHRI KASTHURIMANJAL POWDER 150GM,Powders,85,85,
5258,DHATHRI AYURVEDIC TOOTHPASTE 150G,Soaps & Liquids,85,85,
5259,NISO MUSHROOM,General Groceries,75,75,
526,PRINCY FEEDING BOTTLE 250 ML,Baby Items,100,100,
5260,ANCHOR JUNGLE KIDS JUNIOR,General Groceries,25,25,
5261,ANCHOR BI LEVEL,General Groceries,25,25,
5262,ANCHOR SENSITIVE CARE,General Groceries,30,30,
5266,COMFORT MORNING FRESH,Soaps & Liquids,58,58,
5267,COMFORT LILY FRESH 210ML,Soaps & Liquids,58,58,
5268,CLINIC PLUS 175ML,Shampoo,149,149,
5269,DOVE HAIRFALL RESCUE 80ML,General Groceries,104,104,
5270,GLOW&LOVELY BRIGHT GLOW,General Groceries,30,30,
5271,PEPSODENT FIGHTER BRUSH,Soaps & Liquids,20,20,
5272,ZED BLACK KESAR,General Groceries,60,60,
5273,ZED BLACK HOLY FLORA,General Groceries,60,60,
5274,ZED BLACK SANDALWOOD,General Groceries,60,60,
5275,ZED BLACK KESAR SANDAL,General Groceries,12,12,
5276,KAVIS AMLA 250G,General Groceries,100,100,
5277,TOMATO 250G,Vegetables,10,10,
5278,3 ROSES NATURE CARE,Beverages,5,5,
5279,TPRG JK SAMBIRANI POWDER,Powders,38,38,
528,KWALITY WALLS CHOCO CONE,Chocolates,9,9,
5280,K.P.NAMBOODIRIS TOOTH POWDER,Powders,35,35,
5281,ARUN SEER MURUKKU,Snacks,75,75,
5282,JJ THATTAI,Powders,50,50,
5283,ALL ROUNDER CREAM&ONION,Vegetables,10,10,
5284,FIGO PANDA ROLLER PEN,Stationery,10,10,
5285,FIGO LIQUID FOUNTAIN PEN,Stationery,50,50,
5286,COLGATE MAX FRESH FRESH TEA,Beverages,88,88,
5287,COLGATE MAX FRESH PEPPERMINT,Powders,88,88,
5288,RICE(GOHAN),Rice,80,80,
5289,ODO FRESH SANICUBES 90G,General Groceries,50,50,
529,KWALITY WALLS BOOST SANDWICH 80 ML,Ice Cream,35,35,
5290,ODO FRESH ROSE AIRFRESHENER,General Groceries,80,80,
5291,ODO FRESH SANICUBES 180G,General Groceries,80,80,
5292,DEV DARSHAN SARAS,General Groceries,75,75,
5293,EPIC TOTAL ALL PURPOSE CLEANER,General Groceries,149,149,
5294,DOBY FAMILY TOUCH,General Groceries,99,99,
5295,MAGGI 2MINUTE NOODLES 560G,Powders,120,120,
5297,RAGI 1KG,General Groceries,70,70,
5298,NESTLE MUNCH KING SIZE,Chocolates,10,10,
5299,7UP 1LTR,Beverages,50,50,
53,AMUL ALMOND FUDGE 125 ML,Snacks,25,25,
530,MAGIMAI PUSUMANCHAL 100GM,General Groceries,62,62,
5300,ELKOS FIRST GEL BLACK,General Groceries,10,10,
5301,MEERA NOTEBOOK NO 3 UNRULED,Stationery,45,45,
5302,AMBAAL MURUKKU,Snacks,90,90,
5304,DARK FANTASY,Biscuits,170,170,
5305,DARK FANTASY FILLED COOKIES,Cookies,350,350,
5306,SUNFEAST WOWZERS CHEESE,Biscuits,5,5,
5307,SUNFEAST WOWZERS CHEESE 128G,Biscuits,44,44,
5309,ARCOT MANI MARK ANDRA MURUKKU,Snacks,60,60,
531,KALIMARK PRIESTLEY CLUB SODA 300ML,Beverages,10,10,
5314,MC ASAFOETIDA 50GM,Powders,40,40,
5316,ORAL-B CRISSCROSS,Soaps & Liquids,120,120,
5317,GILLETTE GUARD SBD,Soaps & Liquids,14,14,
5319,ARIEL MATIC TOP LOAD 1L,Soaps & Liquids,173,173,
5320,ARIEL PERFECT WASH,Soaps & Liquids,10,10,
5321,MILKY MIST CAPELLA HAZELNUT,Beverages,110,110,
5322,MILKY MIST FRUIT&NUT,Snacks,180,180,
5323,LAVIAN CUPPIES CHOCO LAVA,Chocolates,10,10,
5324,MILKY MIST CAPELLA DARK CHOCOLATE F&N,Chocolates,55,55,
5325,MILKY MIST CAPELLA CLASSIC,Beverages,50,50,
5326,MILKY MIST MILK CHOCOLATE HAZELNUT,Chocolates,55,55,
5327,MILKY MIST MILK CHOCOLATE CLASSIC,Chocolates,45,45,
533,CHUPA CHUPS,Chocolates,10,10,
5330,COLGATE VISIBLE WHITE PURPLE,Soaps & Liquids,198,198,
5331,HIMALAYA DEEP CLEANSING APRICOT 100ML,Soaps & Liquids,149,149,
5332,HIMALAYA APRICOT FACE WASH 50ML,Soaps & Liquids,115,115,
5333,HIMALAYA LITCHI LIP CARE,Soaps & Liquids,210,210,
5334,HIMALAYA PURE HANDS LEMON,Vegetables,50,50,
5335,TATA TEA CHAKRA GOLD 100G,Beverages,95,95,
5337,SUGAR 500G,Powders,30,30,
5338,TATA TEA CHAKRA GOLD,Beverages,225,225,
5339,TATA TEA CHAKRA GOLD RS 1/-,Beverages,1,1,
534,DIPS CHOCO CREAM,Chocolates,15,15,
5340,KALKANDU DIAMOND 100G,General Groceries,18,18,
5341,RORITO FIRSTRITE INK PEN,Stationery,40,40,
5342,SMITH &JON ES GINGER GARLIC PASTE,General Groceries,5,5,
5344,MILK BIKIS,Biscuits,5,5,
5345,AACHI CHICKEN MASALA,Powders,10,10,
5347,RAJA HERBAL TULSI,General Groceries,38,38,
5348,SOFTOUCH FC FRENCH PERFUME 18ML,General Groceries,4,4,
5349,RAJA HERBAL CHITHRATHAI,General Groceries,70,70,
5350,RAJA HERBAL THIPPILI,General Groceries,60,60,
5352,GOOD KNIGHT FLASH COMBI PACK,Bathroom,105,105,
5354,PULI(NAYAM) 1KG,Powders,200,200,
5355,PULI (NAYAM) 500KG,Powders,100,100,
5356,PULI(NAYAM) 250KG,Powders,70,70,
5357,NESCAFE SUNRISE 2G,Beverages,2,2,
536,TPRG CHOCOLATE ATTAR 6ML,Chocolates,77,77,
5361,SVS KAMBU MAAVU 500G,General Groceries,48,48,
5362,SENSODYNE COMPLETE PRO,Soaps & Liquids,230,230,
5363,DETTOL ORIGINAL HANDWASH,Soaps & Liquids,99,99,
5365,SURYA T8 SLIM LITE 36W,General Groceries,50,50,
5366,DALDA 100ML,Cooking Oil,24,24,
5367,DALDA 50ml,Cooking Oil,13,13,
5368,AAC GHEE 200ML,Cooking Oil,205,205,
5369,BUTTER COOKIES,Cookies,40,40,
537,VETRI SAMBIRANI 50GM,General Groceries,42,42,
5370,THIRUPATHI SOAN PAPDI,Snacks,35,35,
5371,RED LABEL 100GM,Beverages,50,50,
5373,KITKAT DESSERT,Chocolates,90,90,
5376,LIMOZ SCRUB PAD,Bathroom,10,10,
5377,SPINZ EXOTIC,General Groceries,115,115,
5378,AVT GOLD CUP 10RS,General Groceries,10,10,
5379,GOKUL BEAUTY TALC,Soaps & Liquids,10,10,
538,AACHI CHICKEN KABAB /65 MASALA 100G,Powders,66,66,
5380,SPINZ BB PRO,General Groceries,79,79,
5381,COCA COLA 750ML BOTTLE,Beverages,40,40,
5382,MONKEY 555 STEEL,Household & Kitchen,175,175,
5383,MONKEY 3T BROOM,Bathroom,160,160,
5384,TWIST MOP,Bathroom,360,360,
5385,V CARE GOAT MILK SHAMPOO,Shampoo,294,294,
5387,AGNI PREMIUM STICK,General Groceries,100,100,
5388,PANJAKAVYA PANNER,General Groceries,55,55,
5389,NABATI CHEESE WAFER 10 RS,General Groceries,10,10,
5390,AACHI FISH FRY MASALA 10RS,Powders,10,10,
5391,NARASUS INSTA STRONG COFFEE,Beverages,2,2,
5392,DARK FANTASY VANILLA,Biscuits,9,9,
5396,SUNFEAST CAKER SWISS ROLL,Biscuits,10,10,
5397,MOMS MAGIC BUTTER CASHEW,Snacks,50,50,
5398,MARIE LIGHT VITA ORANGE,Biscuits,9,9,
5400,SSR BLACK SESAME CANDY BAR,Chocolates,32,32,
5401,SSR PEANUT CANDY BAR,Chocolates,32,32,
5402,BRITANNIA 50 50 CLASSIC SWEET & SALTY,Biscuits,10,10,
5403,BRITANNIA MILK BIKIS,Biscuits,10,10,
5404,MONTEX HYBRID BALLPOINT PEN,Stationery,10,10,
5408,NALLAS COCONUT OIL 500ML,Cooking Oil,390,390,
541,AASHIRVAAD DOUBLE ROASTED SUJI RAVA ..,Powders,21,21,
5410,NALLAS GROUNDNUT OIL 500ML,Cooking Oil,180,180,
5412,BRITANNIA 50 50 S&S,Biscuits,5,5,
5413,BRITANNIA 50-50 CLASSIC,Biscuits,10,10,
5415,LUX,Soaps & Liquids,38,38,
5416,AACHI IDLI PODI RS 10,Powders,10,10,
5417,SURF EXCEL QUICK WASH,Soaps & Liquids,10,10,
5419,SURF EXCEL QUICK WASH 500 G,Soaps & Liquids,115,115,
5420,VIM MAHA BAR,General Groceries,10,10,
5421,VIM RS 5/-,General Groceries,5,5,
5422,VIM 500ML,General Groceries,135,135,
5424,SUNDROP PEANUT BUTTER 100GM,Snacks,40,40,
5425,3 ROSES TEA SACHET RS 2,Beverages,2,2,
5427,VVS GINGELLY OIL 200ML TT,Cooking Oil,85,85,
5429,BIRTHDAY KNIFE,Household & Kitchen,10,10,
543,MILKYBAR MOOSHA,Chocolates,20,20,
5431,BRU INSTANT RS 10,Beverages,10,10,
5433,LICO 25MM,General Groceries,30,30,
5434,GOLU CUTTER,General Groceries,85,85,
5435,YASHU TAPE DISPENSER,Stationery,180,180,
5436,PEPSODENT 100GM,Soaps & Liquids,69,69,
5437,PONDS SUPER LIGHT GEL 12ML,Soaps & Liquids,20,20,
5438,VASELINE DAILY BRIGHTENING 45ML,Soaps & Liquids,55,55,
5439,KWALITYWALLS AMERICAN NUTS CUP,General Groceries,40,40,
544,MAAMIS RASAM POWDER,Powders,3,3,
5440,KWALITY WALLS BUTTERSCOTCH 90ML,Ice Cream,30,30,
5443,KWALITYWALLS CHOCO BROWNIE FUDGE,Chocolates,50,50,
5444,KWALITY WALLS CHOCOLATE 90ML,Chocolates,25,25,
5445,KWALITY WALLS BUTTERSCOTCH 105ML,Ice Cream,45,45,
5446,KWALITY WALLS CORENETTO CHOCO VANILLA 105ML,Chocolates,30,30,
5447,KWALITY WALLS CORNETTO DISC OREO 110ML,Biscuits,60,60,
5449,KWALITY WALLS DISC CHOCO BROWNIE 110ML,Chocolates,60,60,
5450,KWLITY WALLS STRAWBEERY 90ML,General Groceries,18,18,
5451,KWALITY WALLS CP VANILLA SUPRM 90ML,Ice Cream,20,20,
5452,JAY EC WASH MATIC LIQUID,General Groceries,99,99,
5456,HAREENA BASMATHI RICE 1KG,Rice,120,120,
5457,GOOD KNIGHT FLASH 4HRS,Bathroom,85,85,
5458,SUNFEAST FARMLITE DIGESTIVE,Biscuits,20,20,
5459,MOMS MAGIC,General Groceries,35,35,
546,FARMLITE,General Groceries,22,22,
5460,SUNFEAST GLUCOSE BISCUITS 24.5G,Biscuits,2.7,2.7,
5461,SUPERMILK 70.4G,Beverages,9,9,
5462,BLUUM BATHROOM CLEANER,General Groceries,44,44,
5463,BLUUM TOILET CLEANNER 200ML,General Groceries,44,44,
5464,BLUUM LEMON FLOOR CLEANER 200ML,Vegetables,45,45,
5465,BLUUM LEAMON FLOOR CLEANER 500ML,Bathroom,105,105,
5466,BLUUM NEEM FLOOR CLEANER 200ML,Bathroom,45,45,
5467,BLUUM NEEM FLOOR CLEANER 500ML,Bathroom,105,105,
5468,BLUUM ROSE FLOOR CLEANER 200ML,Bathroom,45,45,
5469,BLUUM ROSE FLOOR CLEANER 500ML,Bathroom,105,105,
5470,COLOUR APPALAM 250KG,Powders,25,25,
5471,BLUUM SANDAL FLOOR CLEANER 200ML,Bathroom,45,45,
5472,BLUUM SANDAL FLOOR CLEANER 500ML,Bathroom,105,105,
5473,AACHI SAMBAR POWDER 500G,Powders,230,230,
5474,NATIVE DIET CHETTINADU VATHAKOZHAMBU,General Groceries,175,175,
5475,NATIVE DIET PIRANDAI HERBAL THOKKU,General Groceries,200,200,
5476,NATIVE DIET BLACK URAD DAL MILLETS,Dhall,180,180,
5477,WHEAT 1KG,General Groceries,80,80,
5478,UPPU KADALAI 500GRAM,Dhall,80,80,
5479,KAYAL GRAM FLOUR 1KG,Dhall,150,150,
548,BINGO TEDHE MEDHE,Snacks,10,10,
5480,LION CHOCO DATE RS 10/-,Chocolates,10,10,
5482,TPRG HAMSA GOLD ATTAR 3ML,Powders,40,40,
5483,CYCLE AGARBATHI SUGANDHA MALLIKA,Pooja Items,110,110,
5486,DM BLACK PEPPER 500KG,Powders,180,180,
5488,50 50 CLASSIC SWEET AND SALTY RS 5/-,Snacks,5,5,
5489,BRITANNIA BOURBON FAMILY PACK,Biscuits,140,140,
549,MAXO GENIUS CALMING AROMA,General Groceries,75,75,
5490,OREO STRAWBERRY CREME,Biscuits,10,10,
5491,OREO CHOCO CREME 46.3G,Chocolates,10,10,
5492,MUNCH MAHA CRUNCH 10/-,Chocolates,10,10,
5493,Tata chakra gold tea  500g,Beverages,336,336,
5494,NESTLE EVERYDAY  MILK POWDER,Powders,248,248,
5495,BRITANNIA GOOD DAY BUTTER JEERA COOKIES,Cookies,20,20,
5496,BRITANNIA GOOD DAY CHOCOCHIP COOKIES RS 10/-,Chocolates,10,10,
5499,BRITANNIA NUTRI CHOICE SEEDS,Biscuits,25,25,
55,LUX BRIGHTER GLOW 100G,Soaps & Liquids,38,38,
550,LION CHOCO DATE 260GM,Chocolates,10,10,
5500,BRITANNIA JIMJAM POPS,Biscuits,10,10,
5501,MAGGI MAGIC MASALA,Powders,5,5,
5503,THIRUNELVELLI IRUTTUKADAI ALVA,Household & Kitchen,60,60,
5504,COMFORT,Soaps & Liquids,4,4,
5505,YUMMY YUMEEZ VANILLA WAFER,General Groceries,60,60,
5508,YUMMY KULFI BREAK BADAM MILK WAFER,Ice Cream,5,5,
5509,FORTUNE SUNFLOWER OIL 2L,Cooking Oil,450,450,
5510,BANJARAS ROSE GEL,General Groceries,120,120,
5511,BANJARAS HIBISCUS GEL,General Groceries,120,120,
5512,BANJARAS SAFFRON GEL,General Groceries,120,120,
5513,HIGARD MATIC LIQUID 1L,General Groceries,300,300,
5514,HIGARD FABIN CONDITIONER 100ML,Shampoo,60,60,
5515,HIGARD MATIC LIQUID FRONT LOAD 1L,General Groceries,330,330,
5516,BLUEBELL VINEGAR 500ML,Powders,50,50,
5517,BLUEBELL VINEGAR 1L,Powders,70,70,
5518,MILKYMIST PLAIN SPREAD CHEESE,Beverages,120,120,
5519,MILKYMIST PEPPER SPREAD CHEESE,Powders,115,115,
552,MARGO 100GM,General Groceries,40,40,
5520,SURGICOM ABSORBENT COTTON 25G,General Groceries,29,29,
5521,SENAKKILANGU,General Groceries,90,90,
5522,KAMBU 250G,General Groceries,20,20,
5526,BELLA  BUDS BOX,Household & Kitchen,89,89,
5528,LABEL  STICKERS,General Groceries,5,5,
5529,KAYAL MIXED VEG PICKLE 200G,Powders,90,90,
5530,KAYAL MANGO PICKLE 200G,Powders,90,90,
5531,THREAD RS.10,Household & Kitchen,10,10,
5532,KAYAL LEMON PICKLE,Powders,90,90,
5533,MONTEX MEGA TOP PEN,Stationery,10,10,
5534,MONTEX SILKY BALL POINT PEN,Stationery,10,10,
5535,MONTEX DRIVE PEN,Stationery,10,10,
5537,MONTEX SMOOTH FLOW GLIDER INK PEN,Stationery,10,10,
5538,MONTEX SMOOTH FLOW SOFT BALL POINT PEN,Stationery,10,10,
5539,MONTEX TEXTA GEL INK PEN,Stationery,10,10,
554,NEETA MEHENDI CONE,General Groceries,10,10,
5540,MONTEX MEGA TOP,General Groceries,10,10,
5541,KARUPPATTI PUFFED RICE LADDU,Snacks,65,65,
5546,MEERA  WRITTO 48 SHEETS RULED MARGIN,General Groceries,75,75,
5547,MEERA WRITTO 48 SHEETS RULED MARGIN,General Groceries,75,75,
5549,MEERA WRITTO 48 SHEETS UNRULED,General Groceries,72,72,
555,3 ROSES,Beverages,10,10,
120,PAGES,General Groceries,150,150,
5551,EEKO 120PAGES CHEMISTRY PRACTICAL NOTE,General Groceries,150,150,
5552,MEERA STUDENT NOTES,General Groceries,15,15,
5555,MEERA GRAND RHINO UNRULED BINDING 288PAGES,General Groceries,200,200,
5556,HORLICKS 500G CLASSIC MALT,Beverages,294,294,
5557,MEERA GRAND RHINO RULED BINDING 288PAGES,General Groceries,200,200,
5559,GOOD KNIGHT GOLD FLASH 2REFILL PACK,Bathroom,165,165,
556,PRAN LITCHI RS.10/-,General Groceries,10,10,
5560,HIT FRESH FRAGNANCE 625ML,General Groceries,269,269,
5561,JOHNSONS BABY SOAP 150G,Baby Items,130,130,
5562,JOHNSONS BABY SOAP 100G,Baby Items,86,86,
5563,JOHNSON BABY POWDER 100G,Baby Items,125,125,
5564,SULTHAN DATES POUCH 250G,Snacks,112,112,
5565,SULTHAN DATES POUCH 500G,Snacks,215,215,
5566,DATES SYRUP 1L,Snacks,384,384,
5567,LION DATES HEALTH MIX 250G,Snacks,160,160,
5568,LION  HEALTH MIX 500G,General Groceries,169,169,
5570,GOOD KNIGHT AGARBATTI,Pooja Items,12,12,
5571,MAYA JASMINE AGARBATHI RS 10/-,Pooja Items,10,10,
5572,MAYA ROSE AGARBATHI RS 10/-,Pooja Items,10,10,
5574,SAI SUPREME INCENSE STICKS,Pooja Items,60,60,
5578,SNICKERS 22G,Chocolates,20,20,
5579,SNICKERS ALMOND 22G,Chocolates,30,30,
5580,VIVEL COOL MINT SOAP 100G,Soaps & Liquids,30,30,
5581,BRITANNIA 50 50 GOL MAAL,Biscuits,10,10,
5582,LOREAL 6 NUTRITIVE OILS CONDITIONER,Shampoo,119,119,
5584,AROKYA CURD 85G BOX,Beverages,10,10,
5585,FOREST KASTHURI AGARBATHI,Pooja Items,65,65,
5588,PONNANGANI KEERAI,General Groceries,24,24,
5589,KAPPAKILANGU,General Groceries,60,60,
559,ODOMOS MOSQUITO CREAM 50GM,Soaps & Liquids,60,60,
5590,V.P.R KADALAI MITTAI,Dhall,100,100,
5591,THIRUPATHI GULAB JAMUN,Snacks,40,40,
5592,MAAMIS CORIANDER POWDER 100GM,Powders,29,29,
5593,MANGALDEEP FLORA,Pooja Items,10,10,
5594,BINGO TOMATO & CHILLI CHIPS 10.5 G,Snacks,5,5,
5595,BINGO MASALA POTATO CHIPS 10.5 G,Snacks,5,5,
5596,BINGO KOREAN NACHOS,Snacks,10,10,
5597,BOUNCE DAY NIGHT CHOCO,Chocolates,5,5,
5598,JELIMALS SPACE RUNNERS,General Groceries,10,10,
5599,KAYAL COW GHEE 200ML,Cooking Oil,200,200,
56,JASLIN SEEVAL 500GM,General Groceries,100,100,
560,TIDE LEMON & MINT,Vegetables,82,82,
5600,LIFEBUOY TURMERIC 100G,Powders,40,40,
5601,SURF EXCEL,Soaps & Liquids,10,10,
5602,VIM 750ML,General Groceries,205,205,
5603,DABUR RED,Soaps & Liquids,70,70,
5604,ODOMOS UNIVERSAL,General Groceries,65,65,
5607,TPRG HAMSA GOLD ATTAR 6ML,Powders,77,77,
5608,TPRG VIBUTHI ATTAR 6ML,Powders,77,77,
5609,TPRG CAMPHOR,Pooja Items,10,10,
561,ZANDU FAST RELIEF,Soaps & Liquids,65,65,
5610,RELIANCE HOMEGUARD 500ML,General Groceries,60,60,
5611,WIN CHALLENGE MATIC DETERGENT CAKE,Snacks,33,33,
5612,SINGH MEHANDI CONE,Pooja Items,15,15,
5613,CYCLE NAIVEDYA CUP SAMBRANI,Pooja Items,72,72,
5614,CYCLE RHYTHM AMBER CONES,Pooja Items,10,10,
5615,CYCLE RHYTHM ORIENTS CONES,Pooja Items,10,10,
5616,CYCLE LIA JAS FRAGRANT CONES,Pooja Items,20,20,
5617,MY LITTLE ACTIVITY BOOK 2,Stationery,30,30,
5618,MY LITTLE ACTIVITY BOOK 4,Stationery,30,30,
5619,WORD FINDS BOOK 2,Stationery,80,80,
562,DABUR AMLA HAIR OIL 275ML,Shampoo,137,137,
5620,VIKAS ENGLISH STORIES,General Groceries,70,70,
5621,BEGINNERS WORD SEARCH,General Groceries,85,85,
5622,LOTTE COFFY BITE 390G,Biscuits,75,75,
5623,CRITICAL THINKING SKILLS,General Groceries,80,80,
5624,CADBURY DAIRYMILK FRUIT&NUT,Chocolates,100,100,
5625,CADBURY OREO,Chocolates,100,100,
5626,CADBURY SILK DESSERTS BROWNIE,Chocolates,107,107,
5627,CADBURY CHOCOBAKES COOKIES 57.5 G,Chocolates,30,30,
5628,CADBURY BUBBLY,Chocolates,214,214,
5630,AROKYA FULL CREAM MILK 10RS,Beverages,10,10,
5631,GEMS GOLD GROUNDNUT OIL 1L,Chocolates,250,250,
5632,SCOTCH BRITE SUPER STRONG,Bathroom,25,25,
5633,BRITANNIA GOOD DAY F&N,Biscuits,20,20,
5635,NESCAFE SUNRISE 45GM,Beverages,160,160,
5636,NESCAFE SUNRISE 7G,Beverages,10,10,
5637,PONDS BRIGHT BEAUTY 7G,Soaps & Liquids,10,10,
5638,PEPSODENT SENSISOFT TOOTHBRUSH,Soaps & Liquids,100,100,
5639,ORAL-B SENSITIVEX DEEP CLEAN 1+1 FREE,Soaps & Liquids,260,260,
564,NAVRATNA OIL 90ML,Cooking Oil,90,90,
5640,ORAL-B CRISSCROSS SOFT 160MRP,Soaps & Liquids,160,160,
5641,VENUS BIKINI SENSITIVE,General Groceries,165,165,
5642,WHISPER SKIN LOVE XL,Napkin,195,195,
5643,WHISPER SKIN LOVE XL 15,Napkin,450,450,
5644,WHISPER BINDAZZZ NIGHT XXL 15,Napkin,225,225,
5646,WHISPER XL 280MM,Napkin,350,350,
5647,WHISPER XL 15 280MM,Napkin,175,175,
5648,WHISPER,Napkin,350,350,
565,NAVRATNA OIL,Cooking Oil,47,47,
5650,AMBI PUR LAVENDER BOUQUET,General Groceries,299,299,
5651,AMBI PUR ROSE&BLOSSOM,General Groceries,299,299,
5652,AMBI PUR EXOTIC JASMINE,General Groceries,299,299,
5653,AMBI PUR LINEN &SKY,General Groceries,299,299,
5654,SUNPURE CAHKKI ATTA 500G,Powders,42,42,
5655,SUNPURE  CHAKKI ATTA 1KG,Powders,65,65,
5656,SUNPURE CHAKKI ATTA 5KG,Powders,315,315,
5657,SUNFEAST LEMON WOWERZ,Biscuits,50,50,
5659,SUNPURE REF SUNFLOWER OIL 1LT,Cooking Oil,185,185,
5660,KAVERI RICE COPPER 5KG,Rice,600,600,
5662,HIMALAYA PURE COW GHEE BABY CREAM,Baby Items,140,140,
5663,AGNI SOODAM 50G,General Groceries,100,100,
5664,AGNI SOODAM 25G,General Groceries,50,50,
5665,R.K POTATO CHIPS,Snacks,40,40,
5666,COLOUR KOLAPODI.,General Groceries,10,10,
567,SUNLAND SUNFLOWER OIL 2LTR,Cooking Oil,366,366,
5671,TPRG SANDAL CONE,General Groceries,87,87,
5674,TPRG JAVADHU CONE,General Groceries,87,87,
5675,TPRG LAVENDER CONE,General Groceries,87,87,
5677,NARASUS MASTER EXTRA STRONG 50G,General Groceries,120,120,
568,SUNLAND SUNFLOWER OIL 1 LTR,Cooking Oil,175,175,
5680,APSARA SKETCH PENS,Stationery,30,30,
5681,PLASTIC SCRUBBER,Bathroom,20,20,
5683,WASHING SODA 100GM,Beverages,25,25,
5684,MONKEY 555 5T PUNCH,General Groceries,220,220,
5685,BOOST ENERGY,Beverages,35,35,
5686,MY LITTLE ACTIVITY BOOK 1,Stationery,30,30,
5687,MY LITTLE ACTIVITY BOOK 3,Stationery,30,30,
5689,PENCIL CONTROL SKILLS,Stationery,80,80,
569,GRB RASOGOLLA TIN 500GM,General Groceries,135,135,
5690,MAZE CRAZE,General Groceries,80,80,
5691,FUN WITH DOTS RS 45/-,General Groceries,45,45,
5692,FUN WITH DOTS RS 55/-,General Groceries,55,55,
5694,DOTS TO DOTS RS 60/-,General Groceries,60,60,
5695,JUMBO ACTIVITY BOOK,Stationery,150,150,
5698,BRAIN BOOSTING ACTIVITY RS 160/-,Beverages,160,160,
57,SUDHARANI SEVU 500G,Snacks,100,100,
570,CYCLE PATHI,Pooja Items,55,55,
5700,NUMBER SAFARI WERITING PRACTICE BOOK,Stationery,85,85,
5701,ALPHABEY GARDEN WRITING PRACTICE BOOK,Stationery,85,85,
5702,KIT KAT DESSERT CHOCO PUDDING,Chocolates,90,90,
5703,MY ALBUNM,General Groceries,40,40,
5704,MILKY MIST DARK CHOCOLATE HAZELNUT,Chocolates,55,55,
5705,ORAL B SOFT RS.30,Soaps & Liquids,30,30,
5708,LICO 50MM,General Groceries,100,100,
5709,LICO 50MM LONG SHACKLE,General Groceries,150,150,
5710,BOOST 1KG,Beverages,625,625,
5713,PENCIL BOX(TOYS),Household & Kitchen,149,149,
5714,PENCIL BOX (MAGNET),Household & Kitchen,150,150,
5715,KIDDY CLAY,General Groceries,40,40,
5716,NARUTO CARD,General Groceries,120,120,
5717,GLUE GUN MAC,Stationery,250,250,
5718,BE-RITE REFINED SUNFLOWER OIL 500ML,Cooking Oil,96,96,
5719,IODEX ACTIVE MUSCLE CARE GEL 8G,Soaps & Liquids,35,35,
5721,CONTINENTAL XTRA 50G + 25G,General Groceries,180,180,
5722,SOMBU 100g,Powders,55,55,
5727,GREENS ALOVERA CLEAR GEL 120G,General Groceries,119,119,
5728,GREENS ALOE VERA GEL,General Groceries,119,119,
5729,GREENS ALOE VERA NEEM & TULASI GEL,General Groceries,119,119,
573,KITKAT CHUNKY CARAMEL,Chocolates,85,85,
5730,DHATHRI ALOE VERA CLEAR GEL 50G,General Groceries,65,65,
5731,DHATHRI ALOVERA CLEAR GEL 130G,General Groceries,160,160,
5732,DHATHRI CHEMPARATHI THAALI 200ML,Pooja Items,110,110,
5733,DHATHRI NEEM FACE WASH 15ML,Soaps & Liquids,15,15,
5734,NIPPO AAA HYPER BATTERY,Household & Kitchen,14,14,
5735,BE-RITEREFINRD SUNFLOWER OIL 1L,Cooking Oil,185,185,
5736,VOOKI FLOOR + SURFACE CLEANER 500ML,General Groceries,199,199,
5738,VOOKI HEAVY DUTY TOILET CLEANER 500ML,Bathroom,299,299,
5739,VOOKI TOUGH LIME SCALE SPRAY  SCRUB,Stationery,299,299,
5741,AVT DAIRY SURE COW GHEE RS 10/-,Cooking Oil,10,10,
5742,AVT GOLD CUP DUST TEA 50G,Beverages,45,45,
5743,CHILLIY SAUCE POUCH 8G,Powders,100,100,
5745,NESCAFE  CLASSIC,Beverages,215,215,
5747,GOOD KNIGHT INCENSE STICK,Pooja Items,15,15,
5748,PARK AVENUE ALTER EGO,General Groceries,250,250,
5751,HIGARD FABIN PEACH BERRY FABRIC CONDITIONER,Shampoo,199,199,
5753,HIGARD LIME AND MINT  DISH WASH GEL,Vegetables,15,15,
5754,MAMYPOKO PANTS M 16 PANTS,Baby Items,210,210,
5755,MAMYPOKO PANTS S 20 PANTS,Baby Items,210,210,
5756,SOFY ANTI BACTERIA XL 290MM,Napkin,140,140,
5757,SOFY BODYFIT OVERNIGHT XXXL+ 420MM 3 PADS,Napkin,89,89,
5758,VETRI SWEETS THEN MITTAI,Snacks,45,45,
5759,INSUVAIIS,General Groceries,30,30,
576,YIPPEE NOODLES,Powders,120,120,
5760,CLEAN INDIA LARGE GARBAGE BAGS 60X81,Bathroom,118,118,
5761,HORLICKS BISCUITS 150G,Biscuits,20,20,
5762,GINGER CANDY,Chocolates,5,5,
5764,LAYS AMERICAN STYLE C&O 48G,Snacks,20,20,
5765,LAYS SPANISH TOMATO TANGO 48G,Snacks,20,20,
5766,LAYS AMERICAN STYLE C&O 82G,Snacks,48,48,
5767,RIN BAR RS 20/-,Soaps & Liquids,20,20,
5769,OREO VANNILA CREME BISCUITS,Biscuits,10,10,
577,HIMALAYA  CHARCOAL FACEWASH,Soaps & Liquids,220,220,
5770,FORTUNE SOYA CHUNKS,Dhall,10,10,
5771,KWALITY WALLS CHOCO,Chocolates,25,25,
5773,KWALITY WALLS SHAMELESS VANILLA 700ML,Ice Cream,150,150,
5774,FUN BARR CHOCO CAKE,Chocolates,10,10,
5776,MODERN CREM BITECHOCO LAYER CAKE,Chocolates,10,10,
5777,MODERN  CAKE WOW VANILLA,Snacks,35,35,
5778,MODERN FRUITY RUSK,Biscuits,35,35,
5779,DETOK CLEANER COMBO,General Groceries,149,149,
578,LITTLE HEARTS,General Groceries,30,30,
5781,LAYS WEST INDIES SWEET CHILLI,Snacks,20,20,
5782,AVT DAIRY WHITENER,General Groceries,10,10,
5783,ENGAGE PERFUME SPRAY W2,General Groceries,230,230,
5784,BINGO CRM&ONION,Snacks,10,10,
5786,DEEPA OIL 200ML,Cooking Oil,55,55,
579,NIVEA PEARL & BEAUTY,Soaps & Liquids,185,185,
5790,SUNFEAST SUPERMILK 145G,Biscuits,30,30,
5792,ECLAIRS CHOCO DOUBLE,Chocolates,120,120,
5794,APSARA MODELLING CLAY,General Groceries,100,100,
5795,WASO CLEAN & FRESH DETERGENT LIQUID 1L,Soaps & Liquids,99,99,
5796,MORROMA SANDAL AGARBATTI,Pooja Items,65,65,
5797,SWEETY MOTHIRA APPALAM 40G,Snacks,20,20,
5798,MORE LIGHT LIQUID DETERGENT,Soaps & Liquids,99,99,
5799,PLATE PLAIN,Household & Kitchen,80,80,
58,PEPSODENT RS.20/-,Soaps & Liquids,20,20,
580,SOLO FRESH NAPHTHALENE BALLS,General Groceries,26,26,
5800,SWEETY RIBBAN APPALAM,Snacks,5,5,
5802,KEMI KLEEN MAGIC MATIC,General Groceries,4,4,
5803,REYNOLDS 046,General Groceries,20,20,
5804,KEMI KLEEN DISH WASHER+FLOOR CLEANER COMBO,Bathroom,150,150,
5805,PRINCY BREATHABLE DRT SHEETS,Soaps & Liquids,430,430,
5807,NAPTHALENE BALLS 100GM,General Groceries,50,50,
5808,DENVER AUTOGRAPH MAESTRO,General Groceries,275,275,
5809,DENVER AUTOGRAPH KING,General Groceries,275,275,
5810,HORLICKS 15 G,Beverages,5,5,
5811,DENVER AUTOGRAPH EMPEROR,General Groceries,275,275,
5812,VVD COCONUT OIL RS1(40),Cooking Oil,1,1,
5813,ANIL ROSTED VERMACELLI 450G,General Groceries,56,56,
5814,CADBURY 5STAR 3D,Chocolates,20,20,
5815,BRILL INK 40ML,Stationery,25,25,
582,SAKTHI BAJJI BONDA MAVU,Powders,37,37,
5820,SUPER POWER,General Groceries,150,150,
5821,ULTRA MAN SUPER PLATINUM,General Groceries,150,150,
5822,SETMAX,General Groceries,150,150,
5825,SMITH&JONES GINGER GARLIC PASTE,General Groceries,50,50,
5826,TATA SOULFULL RAGI BITES VANILLA FILLS,Biscuits,10,10,
5827,THANGA PANDIYAN MIXTURE,Pooja Items,80,80,
5828,THANGA PANDIAN SEVU,Snacks,80,80,
5829,JAM JAM COCONUT MILK MURUKKU,Snacks,35,35,
583,PALMYRAH PALMCANDY,Chocolates,120,120,
5830,AACHI DINDIGUL MASLA,Powders,41,41,
5831,NELLAI JAM COCONUT MILK MURUKKU,Snacks,30,30,
5832,RED LABRL 250GM,General Groceries,140,140,
5833,SAVORIT VERMICELLI 500GM,Powders,69,69,
5834,ANCHOR COMFORT MEDIUM,Soaps & Liquids,15,15,
5835,ANCHOR DIAMOND MEDIUM,General Groceries,22,22,
5836,ANCHOR SPRING CARE,Soaps & Liquids,40,40,
5837,ANCHOR PRO CLEAN,General Groceries,70,70,
5838,ODONIL FLORAL BLISS ROOM SPRAY,Soaps & Liquids,169,169,
5839,MONKEY 555 AD 200 MOP,Bathroom,230,230,
584,VICKS INHALER..,Soaps & Liquids,130,130,
5840,THIRUMATHI GOLD SUNFLOWER OIL 500ML,Cooking Oil,150,150,
5842,MILK MIST BUTTER 100G,Beverages,75,75,
5843,THIRUMATHI GOLD SUNFLOWER OIL 1L,Cooking Oil,200,200,
5844,LIFEBUOY ALMOND & TURMERIC,Snacks,34,34,
5845,MANGALDEEP SAMBRANI PURE & NATURAL RESINS,Pooja Items,40,40,
5846,HARSH CHOCO BROWNIE,Chocolates,5,5,
5847,HARSH STRAWBERRY BROWNIE,General Groceries,5,5,
5848,MODERN MILK RUSK,Biscuits,35,35,
5849,JVR FOODS ELANTHAI JAM,Snacks,30,30,
585,MARIE LIGHT..,Biscuits,10,10,
5850,SEA RICH IODISED CRYSTAL SALT,Powders,22,22,
5851,CHANDRIKA 30G,General Groceries,10,10,
5852,SPINZ BB FACE TALC 70 G,Soaps & Liquids,120,120,
5853,MILKY MIST RABDI KULFI,Ice Cream,30,30,
5854,DARK FANTASY BOURBON CLASSIC CHOCOLAT,Chocolates,10,10,
5855,IDLY RICE 26KG,Rice,1200,1200,
5856,NEETA MEHANDHI CONE,General Groceries,15,15,
5857,CADBURY DAIRYMILK F&N,Chocolates,220,220,
5859,CADBURY DAIRYMILK MOUSSE,Chocolates,214,214,
5861,HAMAM 100% PURE NEEM OIL 100G,Cooking Oil,44,44,
5862,CADBURY DAIRYMILK GANACHE 54 G,Chocolates,98,98,
5863,CADBURY DAIRYMILK HAZELNUT,Chocolates,100,100,
5864,CADBURY DAIRYMILK  MOUSSE,Chocolates,100,100,
5865,CADBURY DAIRYMILK  ROAST ALMOND,Chocolates,100,100,
5866,VICKS VAPORUB 10ML,Soaps & Liquids,48,48,
5867,CADBURY DAIRYMILK 11.5G,Chocolates,10,10,
5868,CADBURY DAIRYMILK 21G,Chocolates,20,20,
587,GRB GULAB JAMUN,Snacks,135,135,
5870,CADBURY ECLAIRS,Chocolates,120,120,
5871,CADBURY ECLAIRS 168G,Chocolates,60,60,
5872,RIN ALA  FABRIC WHITENER 500ML,Soaps & Liquids,90,90,
5873,RIN ALA 200ML 42RS,Soaps & Liquids,45,45,
5874,NESTLE BAR ONE,General Groceries,5,5,
5875,PEARS PURE & GENTLE YELLOW SOAP,Soaps & Liquids,50,50,
5876,COMFORT FABRIC CONDITIONER BLUE 220ML,Shampoo,58,58,
5877,DORITOS SWEET CHILLI,Snacks,10,10,
5878,KURKURE NAUGHTY TOMATO,Snacks,10,10,
5879,KURKURE PLAYZ PUFFCORN YUMMY CHEESE,Snacks,20,20,
588,CLEAN & CLEAR FOAMING FACE WASH 50ML,Soaps & Liquids,99,99,
5880,KURKURE MASALA MUNCH,Chocolates,20,20,
5881,VICKS VAPORUB 5ML,Soaps & Liquids,25,25,
5882,LAYS CLASSIC SALTED,Snacks,20,20,
5883,LAYS SPANISH TOMATO TANGO 82G,Snacks,48,48,
5884,DIPS VANILLA CREAM,Soaps & Liquids,20,20,
5885,ORION CHOCO PIE COCONUT,Chocolates,10,10,
5886,ORION CHOCO PIE MANGO,Chocolates,10,10,
5887,ORION CHOCO PIE ORANGE,Chocolates,10,10,
5888,ORION CHOCO PIE STRAWBERRY,Chocolates,10,10,
5889,ORION CHOCO PIE,Chocolates,10,10,
5890,JOLLY RANCHER LOLLIPOP CHERRY,Chocolates,5,5,
5891,MONKEY 555 WET AND DRY,General Groceries,199,199,
5892,UG GINGELLY OIL 1L,Cooking Oil,451,451,
5893,UG GINGELLY OIL 500ML,Cooking Oil,230,230,
5894,CRADLE COTTON ROPE,Household & Kitchen,80,80,
5895,JIE QING BOTTLE BRUSH,Household & Kitchen,80,80,
5896,MONEY BANK (OWL),General Groceries,150,150,
5897,MONEY BANK (RABBIT),General Groceries,100,100,
5898,MONEY BANK (GANESH),General Groceries,135,135,
5899,VEGETABLE PLATE,Vegetables,175,175,
590,HOME LITE RS.5/-,General Groceries,5,5,
5900,MILTON WATER BOTTLE,Household & Kitchen,95,95,
5901,PATHI STAND,General Groceries,15,15,
5902,ODO FRESH NEEM,General Groceries,48,48,
5903,CADBURY CHOC LAYERED CHOCOBAKES CAKES 21G,Chocolates,10,10,
5904,MINI STOOL,General Groceries,200,200,
5905,SAPPHIRE TRUFFLE HAZELNUT,Chocolates,350,350,
5908,KASA KASA 1KG,General Groceries,10,10,
591,APALAM,General Groceries,5,5,
5912,SAARA PLUS DISHWASH BAR,General Groceries,10,10,
5914,BRITANNIA GOBBLES CHOCOP CHILL 100G,Chocolates,27,27,
5915,BRITANNIA GOBBLES CAKE 45G,Biscuits,13.5,13.5,
5916,BRITANNIA GOBBLES ORANGE BITES,Biscuits,13.5,13.5,
5917,SUNFEAST DARK FANTASY VANILLA MILK SHAKE,Biscuits,30,30,
5918,SUNFEAST CHOCOLATE MILKSHAKE,Chocolates,20,20,
5919,MANGALDEEP JASMINE AGARPATTIS,Pooja Items,5,5,
5920,BINGO MAD ANGLES VERY PERI PERI 66G,Snacks,20,20,
5922,VARAGU RICE 500G,Rice,10,10,
5923,VARAGU 1KG,General Groceries,10,10,
5925,THINAI RICE 500G,Rice,70,70,
5926,THINAI RICE 1KG,Rice,150,150,
5927,IDHAYAM MANTRA GROUNDNUT OIL 5 LITRE,Cooking Oil,1123,1123,
5928,GOHAN RICE 26KG,Rice,2100,2100,
5929,TRAY,Household & Kitchen,150,150,
593,HAPPY HAPPY,General Groceries,10,10,
5930,TRAY MARVEL BIG,Household & Kitchen,180,180,
5931,PARUPPU MATTHU,Dhall,60,60,
5932,DUSTPIN IMI NET,General Groceries,60,60,
5933,DUSTPAN -S,General Groceries,30,30,
5934,EGG HOLDER,General Groceries,70,70,
5935,KUDAM(SMALL),General Groceries,120,120,
5936,MR.EPIC LAUNDRY DETERGENT,Soaps & Liquids,299,299,
5938,WATER BOTTEL 1LTR CASE,General Groceries,240,240,
5939,WATER BOTTLE 2 LTR CASE3,Household & Kitchen,310,310,
594,DHATHRI PIMPLE CLEAR,General Groceries,75,75,
5940,"WATER BOTTLE 300,500 CASE",Household & Kitchen,300,300,
5941,SHRIVI FARMS COCONUT OIL 500ML,Cooking Oil,180,180,
5942,DOVE INTENSE REPAIR BIO PROTEIN CARE 80ML,General Groceries,85,85,
5943,PONDS HYDRA MIRACLE 25 ML,Soaps & Liquids,60,60,
5944,MAT 2*6,General Groceries,220,220,
5946,OM SHANTHI CAMPHOR 15N,Pooja Items,20,20,
5947,SUNDAY CLEANING BRUSH,General Groceries,60,60,
5948,NMS PUPPY MOP,Bathroom,70,70,
5949,STEEL ROPE 10M,Household & Kitchen,60,60,
595,SELVAM MANGO PICKLE,Powders,82,82,
5950,ODONIL MYSTIC ROSE 50G,Bathroom,58,58,
5951,STEEL ROPE 20M,Household & Kitchen,80,80,
5953,STEEL ROPE  30M,Household & Kitchen,100,100,
5955,JAVVARISI 250G,General Groceries,10,10,
5956,OM SHANTHI PURE CAMPHOR RS 10/-,Pooja Items,10,10,
5957,BRU INSTANT 50GM,Beverages,80,80,
5958,THANGA PANDIYAN BOMBAY MIXTURE,Pooja Items,80,80,
5959,DOHNA CAKE,Snacks,60,60,
596,MANGO BITE,Biscuits,50,50,
5960,SEENI KILANGU 1KG,General Groceries,80,80,
5962,HATSUN YOGHURT SHAKE,General Groceries,30,30,
5963,KWALITY WALLS AAM RAS 70ML,Ice Cream,40,40,
5964,KWALITY WALLS STRAWBERRY VANILLA 105ML,Ice Cream,40,40,
5967,KWALITY WALLSA BOOM BOOM MANGO MASTI,Vegetables,10,10,
5968,KWALITY WALLS BOOM BOOM NUTTY BAR,Ice Cream,20,20,
5969,VIM SHUDHHAM  COPPER BRASS 250 ML,General Groceries,150,150,
597,FAD LIGHTER,Household & Kitchen,20,20,
5970,"SUNFEAST VANILLA MILKSHAKE,",Biscuits,20,20,
5971,MILKA WONDER CAKE ROLL CAKE,Snacks,30,30,
5972,DARK FANTASY BELGIAN CHOCOLATE MILK SHAKE,Chocolates,30,30,
5973,MANGALDEEP ROSE PUJA AGARBATTIS,Pooja Items,5,5,
5974,MANGALDEEP FLORA BOUQUET AGARPATTI,Pooja Items,55,55,
5975,MILKA WONDER CAKE 70G,Snacks,20,20,
5976,MILKA WONDER CAKE 35G,Snacks,10,10,
5977,FIAMA MEN SHOWER GEL DEEP CLEN 250ML,Soaps & Liquids,199,199,
598,BANNARI SUGAR 500GM,Powders,28,28,
5980,VIVEL COOL MINT 100G 3+1,Vegetables,100,100,
5981,VIVEL PURE SANDAL OIL SOAP 100G,Cooking Oil,120,120,
5982,SSR LINED POTATO CHIPS,Snacks,60,60,
5983,INIYA SEKKU GINGELLY OIL 1L,Cooking Oil,420,420,
5984,INIYA SEKKU GENGILLY OIL 500ML,Cooking Oil,220,220,
5985,HATSUN BLUEBERRY YOGHURT SHAKE,General Groceries,30,30,
5986,HATSUN STRAWBERRY YOGHURT SHAKE,General Groceries,30,30,
5987,KOPIKO COFFEE POP,Beverages,5,5,
5988,MODERN CREM BURST VANILLA MUFFIN,Snacks,10,10,
5989,MODERN PINEAPPLE POP CAKE,Snacks,35,35,
5990,MODERN RIBBON DUET CAKE,Snacks,35,35,
5991,MODERN CHOCO CHEER CAKE,Chocolates,30,30,
5992,MODERN FRUIT FUSION CAKE,Snacks,35,35,
5993,MODERN CREM BURST STRAWBERRY MUFFIN CAKE,Snacks,10,10,
5994,MODERN SUNBAKE RUSK 200G,Biscuits,35,35,
5996,MODERN WHOLE WHEAT RUSK 200G,Biscuits,35,35,
5997,SWARNAM RING MURUKKU,Snacks,50,50,
5998,VARAGU RICE 1KG,Rice,150,150,
5999,VARAGU,General Groceries,10,10,
6,BINGO HASHTAGS CREAM & ONION.,Snacks,30,30,
60,SURF EXCEL MATIC TL 1L NEW FORMULA,Soaps & Liquids,149,149,
600,PURE MAGIC CHOCOLUSH..,Chocolates,40,40,
6000,RAJA HERBAL KARUNJEERAGAM 50GMS,Powders,40,40,
6001,RAJA HERBAL PUMPKIN SEEDDS,General Groceries,120,120,
6002,RAJA HERBAL CUCUMBER SEEDS,General Groceries,190,190,
6003,RAJA HERBAL WATERMELON SEEDS,General Groceries,150,150,
6004,RAJA HERBAL SUNFLOWER SEEDS,Cooking Oil,70,70,
6005,BOOST 5/-,Beverages,5,5,
6006,HORLICKS BISCUIT 75G,Biscuits,10,10,
6007,HORLICKS MOTHERS PLUS VANILA,Beverages,260,260,
6008,"TETLEY GREEN TEA GINGER, MINT & LEMON 25N",Beverages,170,170,
6009,TETLEY GREEN TEA GINGER MINT & LEMON 10N,Beverages,70,70,
601,MILKYMIST AMERICAN SODA,Beverages,30,30,
6010,TETLEY GREEN TEA CLASSIC 25N,Beverages,170,170,
6011,TETLEY GREEN TEA LEMON & HONEY 25N,Snacks,180,180,
6012,BOLAS ROYAL ALMONDS 250GM,Snacks,359,359,
6013,BOLAS PISTACHIO 200GM,Snacks,449,449,
6014,BOLAS BLACK RAISINS 250GM,Snacks,225,225,
6015,DORITOS SIZZLIN HOT NACHO,General Groceries,10,10,
6016,KURKURE NAUGHTY TOMATO 72G,Snacks,20,20,
6017,LAYS CLASSIC SALTED 24G,Snacks,10,10,
6018,LAYS MEDITERRANEAN PIZZA FLAVOUR 23G,Snacks,10,10,
602,RIN RS.5/-,Soaps & Liquids,5,5,
6020,LAYS INDIAS MAGIC MASALA 24G,Snacks,10,10,
6021,LAYS WAFER CHIPS RED CHILLI FLAVOUR 22G,Snacks,10,10,
6022,SSR HAND ROLLED MURUKKU,Snacks,35,35,
6023,SSR COCONUT MILK MURUKKU,Snacks,32,32,
6024,SSR BUTTER MURUKKU,Snacks,35,35,
6025,KAVERI RICE GREEN 5KG,Rice,600,600,
6026,BRITANNIA CAKE GOBBLES RUITY FUN 50G,Biscuits,15,15,
6027,BRITANNIA TOASTEA CAKE RUSHK 100G,Biscuits,40,40,
6028,GOGUL SNACKS PEANUT CANDY,Chocolates,70,70,
6029,GOGUL PEANUT BALLS,General Groceries,40,40,
6030,GOGUL FRIED GRAM BALLS,Dhall,40,40,
6031,GOGUL SESAME BALLS,Cooking Oil,40,40,
6032,MOM AUTO FLOW MINI FEEDING BOTTLE,Baby Items,110,110,
6033,MOM AUTO FLOW BIG FEEDING BOTTLE 225ML,Baby Items,120,120,
6034,DADDY AUTO FLOW BIG FEEDING BOTTLE 240ML,Baby Items,110,110,
6035,DADDY AUTO FLOW SMALL FEEDING BOTTLE 120ML,Baby Items,100,100,
6036,AUTO FLOW KIDDY FEEDING BOTTLE,Baby Items,90,90,
6037,HARIMA PANEER BUTTER MASALA 100G,Powders,100,100,
6038,777 NANNARI SHARBAT,General Groceries,170,170,
6039,777 ROSE SHARBAT 700ML,General Groceries,180,180,
604,SURF EXCEL 1 LTR.,Soaps & Liquids,185,185,
6043,NAKSHATRA POOJA OIL 500ML,Pooja Items,125,125,
6044,MAAMIS CURRY MASAL POWDER 20G,Powders,10,10,
6045,SRI CLEAN HERBAL PENYLE ROSE  1L,General Groceries,109,109,
6047,HEAD & SHOULDERS 7 IN 1 180ML,Shampoo,265,265,
6048,WHISPER CHOICE ULTRA XL 10PADS,Napkin,70,70,
6049,RETTAIYANAI JEERA RICE 26KG,Rice,1650,1650,
6050,RETTAIYANAI NO. 1 PONNI RICE 26KG,Rice,1950,1950,
6051,SRI CLEAN HERBAL PHENYLE SANDAL 1L,Bathroom,109,109,
6052,SRI CLEAN HERBAL PHENYLE COOL BREEZE 1L,Bathroom,109,109,
6053,SRI CLEAN HERBAL PHENYLEGREEN APPLE 1L,Vegetables,109,109,
6054,SRI CLEAN HERBAL PHENYLE PINE 1L,Bathroom,109,109,
6055,VARNAM SAMBRANI 10N,Pooja Items,15,15,
6057,MAA APPLE 140ML,Vegetables,10,10,
6058,MAA MANGO,Vegetables,10,10,
6059,MAA LITCHI,General Groceries,10,10,
6060,MAA GUAVA,General Groceries,10,10,
6061,FIRE WOOD,General Groceries,8,8,
6062,DAIRYMILK PLAIN CHOCOLATE,Chocolates,95,95,
6064,DAIRYMILK BUBBLY,Beverages,98,98,
6067,KAYAL URAD APPALAM 500GM,Dhall,170,170,
6068,BRU GOLD COFFEE RS 45,Beverages,10,10,
6069,VIP NATURAL HAIR COLOUR SHAMPOO 180ML,Shampoo,500,500,
607,VIM 250ML,General Groceries,60,60,
6070,A ONE STEEL SCRUBBER,Bathroom,15,15,
6071,MUGI ACTIVE WASH 800ML,General Groceries,99,99,
6072,MANNA HEALTH MIX 1 KG,General Groceries,529,529,
6073,TRIANGLE MILK KOVA,Beverages,65,65,
6074,KEMI KLEEN LIQUID SOAP OIL 1000ML,Cooking Oil,80,80,
500,ML COMBO,General Groceries,150,150,
6076,KURKURE SCHEZWAN CHUTNEY 36G,Snacks,10,10,
6077,LAYS SIZZLIN HOT,Snacks,10,10,
6078,LIPTON GREEN TEA CLEAR & LIGHT 100G,Beverages,170,170,
6079,MANNA OATS 500G,Powders,119,119,
6080,MANNA OATS JAR 500 G,Powders,150,150,
6081,CADBURY CHOCO BAKES 18G,Chocolates,10,10,
6082,AAACHI BLACKK PEPPEER  POWDER  RS 20/-,Powders,20,20,
6083,THANGA PANDIYAN SIVAL,Pooja Items,100,100,
6084,HORLICKS CLLASSIC MALT 550G,Beverages,259,259,
6085,DEV MASALA KUZHAL MURUKKU,Snacks,100,100,
6086,DEV MASALLA PEANUT 150G,General Groceries,80,80,
6087,DEV KARASEVU 175G,Snacks,100,100,
6088,MAAMIS GARAM MASALA 50G,Powders,44,44,
6089,VVS JYOTHI OIL 1LTR,Cooking Oil,215,215,
609,MASTER ROYAL EASY FIT,General Groceries,300,300,
6090,TIRUPTHI IDLY CHILLI POWDER 10G,Powders,6,6,
6091,EGG 1TRAY 30PCS,Household & Kitchen,200,200,
6092,THILLAIS GUNTUR VATHAL 250G,Powders,55,55,
6093,BLACK BELT SURFACE CLEANER 1LTR,General Groceries,70,70,
6094,VIBHAVA ULTRA SWEEP,General Groceries,99,99,
6095,OTTER WAFER TOWN RS.5/-,General Groceries,5,5,
6097,OTTER WAFER TOWN CHOCOLATE RS.5/-,Chocolates,5,5,
6098,VIBHAVA SWEEP GRASS BROOM,Bathroom,130,130,
6099,DAILY DOUBLE ROASTED RAVA 500GM,Powders,45,45,
61,SLICE 200ML,Beverages,15,15,
6100,SUNPURE JAGGERY POWDER,Powders,99,99,
6101,SUNDROP PEANUT BUTTER REGUAR 200GM,Snacks,75,75,
6102,ADD GEL LITTLE ARTIST,General Groceries,150,150,
6103,ADD GEL CALLIGRAPHY,General Groceries,250,250,
6104,ADD GEL,General Groceries,10,10,
6105,SAARAL BLACK RICE 500GM,Rice,275,275,
6106,SAKTHI FISH FRY MASALA 20GM,Powders,13,13,
6107,YARDLEY MOISTURIZING BODY LOTION 100ML,Soaps & Liquids,120,120,
6109,BANJARAS SUNSCREEN 50GM,General Groceries,199,199,
611,MTR GULABJAMUN & RASOGOLLA,Powders,270,270,
6110,OTTER WAFER TOWN  CHEESE,General Groceries,10,10,
6111,MUESLI NUTS DELIGHT 240G,General Groceries,199,199,
6112,TOILET BRUSH SMALL,Bathroom,89,89,
6113,WATER MELON 1KG,General Groceries,10,10,
6115,TROPICANA FRUTZ APPLETINI 125ML,General Groceries,10,10,
6116,PRINGLES TANGY TOMATO TWIST FLAVOUR 102G,Snacks,110,110,
6117,JAMBAVAN GHEE 100ML,Cooking Oil,92,92,
6118,DABUR GLUCOSE -D,General Groceries,37,37,
6119,ODOMOS 100GM,General Groceries,115,115,
612,MANGALDEEP SAMBRANI CUPS,Pooja Items,72,72,
6120,SAKTHI FISH CURRY MASALA 20GM,Powders,11,11,
6121,GILLETTE FOAM SENSITIVE 418G,Soaps & Liquids,275,275,
6122,DENVER HAMILTON TALC 100GM,Soaps & Liquids,99,99,
6123,POUR HOME MORNING BREEZE 10G,General Groceries,65,65,
6124,POUR HOME ORCHID BLOSSOM 10G,General Groceries,65,65,
6125,CENTER FRESH CLEAN BREATH 3.6G,Chocolates,10,10,
6126,AACHI MIXED VEG PICKLE  200 G,Powders,84,84,
6127,KARUNAI KILANGU 1KG,General Groceries,10,10,
6128,PANTENE SILKY SMOOTH CONDITIONER 100ML,Shampoo,105,105,
6129,ORAL B ESSENTIAL FLOSS 50M MINT,Vegetables,145,145,
613,VIM MAHA TUB,General Groceries,60,60,
6130,MAAMIS LEMON POWDER,Powders,3,3,
6131,RAAJ MR.CLEAN WHITE PINEOIL 1L,General Groceries,84,84,
6132,RAAJ MR.CLEAN  SOAP OIL 1L,Cooking Oil,90,90,
6133,OTTO ETERNAL 135ML,General Groceries,299,299,
6134,OTTO CALYPSO 150ML,General Groceries,199,199,
6135,OTTO FICTION 150 ML,General Groceries,199,199,
6136,OTTO ETERNAL 150 ML,General Groceries,199,199,
6140,ST.JOHN GULAB ROOM FRESHENER 250ML,General Groceries,170,170,
6141,ST.JOHN NARGIS EUCALYPTUS 250ML,General Groceries,170,170,
6144,ST.JOHN BLACK SCENT ROOM FRESHENER 250ML,General Groceries,170,170,
6145,NIPPO SPECTRA 40W LED BULB,Household & Kitchen,850,850,
6146,LAYS CLASSIC SALTED 82G,Snacks,50,50,
6147,LAYS WEST INDIES HOT N SWEET CHILLI 82G,Snacks,48,48,
6149,KWALITY WALLS FEAST CHOCOBAR 65 ML,Chocolates,20,20,
6150,KWALITY WALLS MAGNUM MINI ALMOND 45ML,Ice Cream,50,50,
6152,SPINZ BB FACE TALC 35G,Soaps & Liquids,65,65,
6153,MEERA HERBAL POWDER 40G,Powders,40,40,
6154,AMRUTANJAN STRONG PAIN PALM 24.75G,Soaps & Liquids,95,95,
6155,MRUTANJAN EXTRA STRONG PAIN BALM 25.3G,Soaps & Liquids,100,100,
6156,AGNI PURE CAMPHOR TABLETS 50G,Pooja Items,100,100,
6157,AGNI PANCHAKAVYA VILAKU 8,Pooja Items,10,10,
6158,PANTENE HAIRFALL CONTROL CONDITIONER 100ML,Shampoo,105,105,
6160,GILLETTE MACH3,Soaps & Liquids,275,275,
6161,SKC AGMARK COW GHEE 50ML,Cooking Oil,54,54,
6162,SKC COMPOUNDED ASAFOETIDA POWDER 50G,Powders,92,92,
6163,TODAYS GHEE GHEE 50 ML,Cooking Oil,52,52,
6164,KANAKAMBIGA POOJA OIL 1L,Pooja Items,240,240,
6165,KANAKAMBIGA POOJA OIL 500ML,Pooja Items,130,130,
6166,KANAKAMBIGA POOJA OIL 200ML,Pooja Items,70,70,
6167,TAGEO LAVENDAR FLOOR CLEANER 500ML,Bathroom,99,99,
6168,INDULEKHA BRINGA SHAMPOO+ 5.5ML,Shampoo,2,2,
6169,3ROSES DUST 25G,General Groceries,20,20,
617,MOB,General Groceries,10,10,
6170,MILKA VANILLA WONDER CAKE 35G,Snacks,10,10,
6171,MILKA FRUIT WONDER  CAKE 35G,Snacks,10,10,
6172,MILKA CHOCOLATE WONDER  CAKE 35 G,Chocolates,10,10,
6173,MILKA PINEAPPLE WONDER  CAKE 35 G,Snacks,10,10,
6175,SUNSILK BLACK 360ML,Shampoo,300,300,
6176,MILKA VANILLA WONDER CAKE 70G,Snacks,20,20,
6177,MILKA FRUIT WONDER CAKE 70 G,Snacks,20,20,
6178,MILKA PINEAPPLE WONDER CAKE 70 G,Snacks,20,20,
6179,MILKA CHOCOLATE WONDER CAKE 70 G,Chocolates,20,20,
618,GITAMBARI,General Groceries,15,15,
6180,SSR GARLIC MURRUKKU,Vegetables,35,35,
6182,SUN SILK BLACK 108/,General Groceries,209,209,
6183,SSV PEANUT CANDY 200G,Chocolates,60,60,
6184,MAGGI 2MINUTE NOODLES 15MRP,Powders,15,15,
6185,MAGIC MASALA INSTANT NOODLES,Powders,10,10,
6187,GULAS JAGGERY POWDER 500G JAR,Powders,70,70,
6189,VELLA SOLAM 250G,General Groceries,10,10,
6191,VELLA SOLAM 500 G,General Groceries,10,10,
6193,PARACHUTE AYURVEDIC COCONUT HAIR OIL 180ML,Shampoo,165,165,
6195,RED BANANA,Vegetables,120,120,
6196,RASTHALI,General Groceries,10,10,
6197,KARPOORA VALLI BANANA,Vegetables,10,10,
6198,MATTI BANANA 1KG,Vegetables,100,100,
6199,RAJA HERBAL AVARAI SUGAR NIVARAN 50G,Powders,66,66,
62,SKS PIRANDAI PICKLE 100G,Powders,50,50,
620,VIM RS.15/-.,General Groceries,15,15,
6200,RAJA HERBAL SIRIYANANGAI 50G,General Groceries,40,40,
6202,RRAJA HERBAL KARUVELAMBATTAI 50G,Powders,35,35,
6203,RAJA HERBAL LAVANGAPATTAI 50G,Powders,50,50,
6204,ARUN SNACKS SPRIL WHITE MURUKKU 150 G,Snacks,55,55,
6206,ARUN THATTAI 150G,Powders,55,55,
6207,ANNA POORNA COCONUT MILK MURUKKU 75G,Snacks,30,30,
6209,WHISPER KOLA SOFT XXXL+ 8PADS,Napkin,330,330,
621,ALMOND NUTS CHOCOLATE,Chocolates,10,10,
6210,TATA SALT 1KG,Powders,30,30,
6211,MILK RUSH 60G,Beverages,35,35,
6213,PRINCY FANTASY FEEDING BOTTLE 250ML,Baby Items,150,150,
6214,CRUNNCHY ORANGE MUFFINS,Snacks,50,50,
6215,KELLOGGS MUESLI FRUIT & NUTS 240G,Vegetables,199,199,
6216,KELLOGGS CHOCO FILLS 153G,Chocolates,99,99,
6217,KELLOGGS CHOCO FILLS 250 G,Chocolates,205,205,
6219,KELLOGGS OATS 425G,Powders,112,112,
6220,NIVEA CREME 60 ML,Soaps & Liquids,140,140,
6221,PANTENE HEALTHY SHINE SHAMPOO 180 ML,Shampoo,189,189,
6222,MARIE LIGHT MEGA FAMILY PACK 956G,Biscuits,150,150,
6223,BOOST 550G POUGH,Beverages,239,239,
6225,MILKY MIST RASBERRY CANDY,Chocolates,10,10,
6226,MILKY MIST ALPHONSO MANGO 100ML,Beverages,40,40,
6227,MILKY MIST AFGHAN FRUIT AND NUT,Snacks,200,200,
6229,DOMS HEXEL PEN,Stationery,5,5,
623,FIAMA GEL BAR SANDALWOOD OIL 125G,Cooking Oil,95,95,
6230,DOMS GEOMMY BOX,Household & Kitchen,90,90,
6231,DOMS INXON PEN,Stationery,10,10,
6232,DOMS HB PENCIL,Stationery,50,50,
6233,WONDER BREAD 200G,General Groceries,25,25,
6234,MANGALDEEP SANKALP POOJA CAMPHOR 20G,Pooja Items,50,50,
6235,JAY EC WASH DETERGENT,Soaps & Liquids,99,99,
6236,KOTIKKA,General Groceries,160,160,
6237,KITKAT RS 5/-,Chocolates,5,5,
6238,KITKAT STRAWBERRY 11.9 G,Chocolates,10,10,
6239,APIS HIMALAYA HONEY 15 G,Snacks,10,10,
624,MELODY CHOCOLATY ..,Chocolates,45,45,
6240,APIS HIMALAYA HONEY 1+1 225 G,Snacks,199,199,
6241,APIS CLASSIC DATES 1+1 250 G,Snacks,99,99,
6242,MAHIL MORINGA BISCUIT 80 G,Biscuits,40,40,
6243,MAHIL AVARAMPOO BISCUIT 80 G,Biscuits,40,40,
6244,MAHIL BARNYARD BISCUIT 80 G,Biscuits,40,40,
6245,MAHIL VALLARAI BISCUIT 80 G,Biscuits,40,40,
6246,MAHIL MUDAKATHAN BISCUIT 80 G,Biscuits,40,40,
6247,MAHIL FOXTAIL MILLET BISCUIT 80 G,Biscuits,40,40,
6248,MAHIL LITTLE MILLET BISCUIT 80 G,Biscuits,40,40,
6249,MAHIL THUTHUVALAI BISCUIT 80 G,Biscuits,40,40,
6250,MAHIL BLACK KAVANI RICE BISCUIT 80 G,Biscuits,40,40,
6251,MAHIL MULTI MILLET BISCUIT 80 G,Biscuits,40,40,
6252,MAHIL FINGER MILLET BISCUIT 80 G,Biscuits,40,40,
6253,MAHIL PEARL MILLET BISCUIT 80 G,Biscuits,40,40,
6254,AARYA AKSHYAA KURUNNAI 26KG,General Groceries,1560,1560,
6255,HELLMANNS CHEEZY JALAPENO BURST 85G,General Groceries,50,50,
6256,HELLMANNS ROASTED GARLIC 85 G,Vegetables,50,50,
6257,HELLMANNS SMOKY TANDOORI 85 G,General Groceries,50,50,
6258,KNORR DARK SOYA SAUCE 200G,Powders,60,60,
6259,KNORR RED CHILLI SAUCE 200 G,Powders,60,60,
626,PARACHUTE BOTTLE 175ML,Household & Kitchen,111,111,
6260,KNORR GREEN CHILLI 200G,Powders,60,60,
6261,PRAN LITCHI FRUIT DRINK 250 ML,Vegetables,20,20,
6262,HARIMA ROSE WATER 50 ML,General Groceries,35,35,
6264,VELLA KATTHARIKKAI 1KG,General Groceries,10,10,
6265,HIDE & SEEK ORANGE CREME SANDWICHES 125G,Biscuits,30,30,
6266,MARIE LIGHT EVENING 175 G,Biscuits,30,30,
6267,BRITANNIA TOASTEA BUTTER RUSK 58 G,Biscuits,10,10,
6268,BRITANNIA TOASTEA BUTTER RUSK 200 G,Biscuits,35,35,
6269,PARLE COCONUT,Biscuits,9,9,
627,HANDMADE DIY,General Groceries,15,15,
6270,DOMEX OCEAN FRESH 475 ML,Bathroom,102,102,
6271,LUX MEGA BACK 3*100G,Soaps & Liquids,105,105,
6272,DAIRY MILK MOCHA ALMOND 36 G,Chocolates,50,50,
6273,CADBURY BOURNVILLE RUM & RAISIN 80 G,Chocolates,120,120,
6274,GOHAN RICE 1KG,Rice,10,10,
6275,GULAS JAGGERY POWDER POUCH 500G,Powders,57,57,
6276,MAYA SANDAL AGARBATHI RS 10/-,Pooja Items,10,10,
6277,MUGI FRESH FABRIC CONDITIONER BLUE BELL 500ML,Shampoo,99,99,
500,ML,General Groceries,99,99,
500,ML,General Groceries,109,109,
6281,DOMS INXIFY 0.7 PEN,Stationery,5,5,
6282,DOMS X-TRA SUPER DARK PEMCIL,General Groceries,6,6,
6283,DOMS SUPER DARK NEOM ERASER TIPPED PENCIL,Stationery,6,6,
6284,DOMS COLOUR PENCILS,Stationery,12,12,
6285,DOMS COMPASS,General Groceries,10,10,
6286,DOMS ALL THE BEST KIT,General Groceries,20,20,
6287,DOMS GROOVE PENCIL KIT,Stationery,10,10,
6288,DOMS FIXY FIX GLUE 20 G,Stationery,10,10,
6289,KALAIMAAN DIAMOND RBD PALM OIL 500ML,Cooking Oil,90,90,
629,SURYA CHIKKI,Shampoo,35,35,
6290,NATTU BANANNA,General Groceries,10,10,
6292,NENDRAM BANANNA,General Groceries,20,20,
6293,CUCUMBER 1KG,General Groceries,20,20,
6294,KAVERI RICE GREEN RAJAPOGAM 10 KG,Rice,900,900,
6295,MODERN SUNBAKE RUSK 59G,Biscuits,10,10,
6297,APIS ROYAL ZAHIDI PREMIUM DATES 250G,Snacks,135,135,
6298,MAAMIS FISH FRY MASALA 25G,Powders,10,10,
6299,MAAMIS PEPPER POWDER RS 10,Powders,10,10,
63,BRITANNIA NICE CREAM 143G,Biscuits,25,25,
630,TISSUE,General Groceries,65,65,
6300,MAAMIS TURMERIC POWDER RS 5,Powders,5,5,
6301,BINGO TEDHE MEDHE XTRAA TEEKHA 35 G,Snacks,10,10,
6302,KAYAL URAD APPALAM 100G,Dhall,40,40,
6303,SIRI SAI PANAKARKANDU 250G,General Groceries,120,120,
6304,AMBAR KUMKUM 11 COLOURS,Pooja Items,70,70,
6305,AMBAR KUMKUM 1 COLOUR CYLINDER,Pooja Items,12,12,
6306,AMBAR MOISTURISING MAKE - UP 30 ML,General Groceries,125,125,
6307,AMBAR KAJOL PENCIL,Stationery,70,70,
6308,AMBAR SINDOOR PENCIL,Stationery,45,45,
6309,AMBAR NAIL POLISH MAGNUM 9 ML,General Groceries,45,45,
631,VVS GINGELLY OIL 500ML.,Cooking Oil,206,206,
6310,AMBAR KUNGUMAM POWDER SMALL,Pooja Items,10,10,
6311,AMBAR EYE LINER WATER PROOF 6 ML,General Groceries,45,45,
6312,AMBAR NAIL POLISH REMOVER 30 ML,General Groceries,35,35,
6313,MILKO BAR 20 G,Beverages,20,20,
6314,PACHA BANANNA,General Groceries,10,10,
6315,SURYA CUP CAKE 12 PCS,Snacks,30,30,
6316,VINAYAGA KADALAI PARUPPU 500 G,Dhall,10,10,
6317,VINAYAGA KADALAI  PARUPPU 250G,Dhall,10,10,
6318,HORLICKS 200GM POUCH,Beverages,115,115,
6319,GILLETTE SHAVE BRUSH,Soaps & Liquids,80,80,
632,SAVORIT LONG CUT VERMICELLI 500GM,Powders,57,57,
6320,SWEETY APPALAM 50G,Snacks,20,20,
6321,SWEETY APPALAM 100 G,Snacks,40,40,
6322,KWALITY WALLS TWISTER MANGO 65 ML,Ice Cream,20,20,
6323,KITKAT 10.00,Chocolates,10,10,
6324,LAYS CLASSIC SALTED 67 G,Snacks,30,30,
175,ML,General Groceries,163,163,
6326,DOVE MEN CARE 2 IN 1  SHAMPOO + CONDITIONER,Shampoo,2,2,
6328,GLOW AND LOVELY ADVANCED MULTI VITAMIN 25 G,General Groceries,68,68,
6329,GLOW AND LOVELY ADVANCED MULTI VITAMIN 50 G,General Groceries,135,135,
633,GODREJ RICH CREME,General Groceries,15,15,
6330,BOLAS MAZAFATI DATES 400 G,Snacks,225,225,
6331,KARTHIKA SHIKAKAI SHAMPOO 80 ML,Pooja Items,62,62,
6332,APSARA DSINEY FROZEN ERASER,Stationery,5,5,
6333,PPR BROWN MURUKKU,Snacks,10,10,
6334,PPR VELLAI MURUKKU,Snacks,10,10,
6335,SSR CRUSHED PEANUT CANDY 200GM,Chocolates,80,80,
6336,SSR BLACK SESAME CANDY 200GM,Chocolates,75,75,
6337,LAKSHMI THENGA PURFFI,General Groceries,32,32,
6338,PERRYS CHOCO ZOO 275 G,Chocolates,100,100,
6339,FATHIMA HERBAL BEEDA 17 G,General Groceries,20,20,
634,BINGO HASHTAGS POTATO CHIPS,Snacks,30,30,
6340,KELLOGGS CHOCOS CHHOTA LADDOO 20G,Chocolates,10,10,
6341,KELLOGGS CHOCOS VARIETY PACK OF 7 UNITS,Chocolates,70,70,
6342,LAVIAN MANGO FILLS CHOCOLATE POUCH,Chocolates,50,50,
6343,JOHNSONS BABY POWDER BLOSSOMS 50 G,Baby Items,70,70,
6344,JOHNSONS BLOSSOM BABY POWDER 100G,Baby Items,130,130,
6345,NAGA WHEAT (POORI) ATTA 500 G,Powders,37,37,
6346,SWEETY APPALAM 150 G,Snacks,60,60,
6347,SWEETY APPALAM 200 G,Snacks,80,80,
6348,SWEETY APPALAM 250 G,Snacks,100,100,
6349,TIGER BLEACHING POWDER 100 G,Biscuits,15,15,
635,BINGO NACHOS CHEESE,Snacks,180,180,
6350,SURYA SODA KARAM 100 G,Beverages,15,15,
6351,GILLETTE VENUS SMOOTH SENSITIVE,Soaps & Liquids,325,325,
6352,GILLETTE VENUS SKIN LOVE,Soaps & Liquids,165,165,
6353,IDLY KURINAI 1 KG,Soaps & Liquids,50,50,
6354,SUBAM SALT 1KG,Powders,10,10,
6355,CAVINS BELGIAN CHOCOLATE MILKSHAKE,Chocolates,40,40,
6356,HAREENA ROASTED RAWA 200GM,General Groceries,24,24,
6357,A2B FRIED MOONG DAL,Dhall,10,10,
6358,A2B ALU BHUJIA,Snacks,5,5,
6359,A2B DAL MIXTURE,Snacks,5,5,
636,BINGO CREAM & ONION,Snacks,20,20,
6360,A2B MADRAS MIXTURE,Snacks,5,5,
6361,A2B MASALA MOONG DAL,Dhall,5,5,
6362,A2B MASALA PEANUT,Powders,5,5,
6363,A2B MOONG DAL,Dhall,5,5,
6364,A2B PEPPER SEV,Snacks,5,5,
6365,HERSHEYS WHOLE ALMONDS,Chocolates,65,65,
6366,HERSHEYS DARK,Chocolates,65,65,
6367,HERSHEYS CREAMY MILK,Chocolates,60,60,
6368,HERSHEYS COOKIES N CREME,Chocolates,65,65,
6369,BRITANNIA TIGER KRUNCH CHOCO,Chocolates,5,5,
637,3 ROSES ..,Beverages,90,90,
6370,BRITANNIA VITA MARIE GOLD,Biscuits,9,9,
6371,EPIC TOTAL ALL PURPOSE CLEANER  CITRUS,General Groceries,42,42,
6372,BEJAY GANESH RICE FLOUR 500GM,Powders,39,39,
6373,VIBHAVA ECO BROOM,Bathroom,100,100,
6374,VIBHAVA BOND,General Groceries,90,90,
6375,LAXMAN REKHAA MOSQUITO RACQUITO,Bathroom,399,399,
6376,DENVER VIBE,General Groceries,230,230,
6377,BOOST 550GM,Beverages,299,299,
6378,TAAZA TEA 1 KG,Beverages,260,260,
6379,VIM RS.15/--,General Groceries,15,15,
638,3 ROSES 250GM,Beverages,225,225,
6380,HARPIC POWER PLUS 10X,Bathroom,235,235,
6381,ALPENLIBE ECLAIRS  POP,Chocolates,5,5,
6382,ALPENLIBE RS1/-,General Groceries,1,1,
6383,MILKY MIST BUTTER MILK,Beverages,20,20,
6384,MANGO FRUIT,Vegetables,100,100,
6386,PARLE HIDE & SEEK CAFFEE,Biscuits,27,27,
6387,KARUVADU NETHILI KUMARAN,General Groceries,100,100,
6389,MAYIL OMA WATER,General Groceries,5,5,
6390,GO CHOCO ROLLZ.,Chocolates,30,30,
6391,BEJAY GANESH GRAM FLOUR 500GM,Dhall,74,74,
6392,BEJAY BAJRA FLOUR 500GM,Powders,41,41,
6393,BEJAY RAGI FLOUR 500GM,Powders,45,45,
6394,VIVAASH LEMON DISH WASH BAR 70G,Vegetables,6,6,
6395,VIVAASH DISH WASH BAR 150G,General Groceries,10,10,
6396,SUPER DISCOUND LEMON DETERGENT CAKE 140G,Snacks,10,10,
6397,ABIS TRADITIONAL APPALAM 100 G,Powders,35,35,
6398,ROJA MARK AGMARK GHEE 50 ML,Cooking Oil,50,50,
6399,BE-RITE REFINED SUN FLOWER OIL 750 ML,Cooking Oil,156,156,
640,3 ROSES 50GM,Beverages,45,45,
6400,ABIS TRADITIONAL APPALAM 45 G,Powders,17,17,
6401,SUNWIN SUNFLOWER OIL 1LTR,Cooking Oil,158,158,
6402,BRITANNIA MARIEGOLD RS 10/-,Biscuits,10,10,
6403,SMV AASAI GOLD MULTI SOURCE OIL 500ML,Cooking Oil,170,170,
6404,A2B CORN FLAKES MIXTURE,Snacks,20,20,
6405,A2B MINI MURUKKU,Snacks,20,20,
6407,A2B SEEDAI,General Groceries,20,20,
6408,A2B THENKUZHAL MURUKKU,Snacks,45,45,
6409,MAGIC SHELL PASTA 500 G,Powders,60,60,
6410,ANIL KAMBU SEMIYA 180 G,Powders,32,32,
6411,RC RACHI JAGGERY POWDER 500 G,Powders,60,60,
6412,ANIL RICE SEMIYA 200 G,Rice,33,33,
6413,GRB GHEE 20 ML,Cooking Oil,20,20,
6414,MADHULAI,General Groceries,240,240,
6415,MAGIC MACARONI 500 G,General Groceries,60,60,
6416,APIS HIMALAYA HONEY 500 G,Snacks,260,260,
6417,ROJA GHEE 500 ML,Cooking Oil,430,430,
6418,MEERA PURE COCONUT OIL 500 ML,Cooking Oil,195,195,
6419,PARK AVENUE ORIGINAL COLLECTION 220 ML,General Groceries,360,360,
642,MILKY MIST BUTTERSCOTH 60ML,Beverages,25,25,
6420,ANIL LEMON SEMIYA 200 G,Powders,32.5,32.5,
6421,PANASONIC BATTERY KA KING AA BATTERY,Household & Kitchen,18,18,
6422,PANASONIC JUMBO AAA BATTERY,Household & Kitchen,16,16,
6423,PANASONIC GOLD PLUS AAA BATTERY,Household & Kitchen,18,18,
6424,POUR HOME LILY OF VALLEY..,General Groceries,169,169,
6425,ANIL THINAI  SEMIYA 180 G,Powders,34,34,
6426,ANIL VARAGU SEMIYA 180 G,Powders,34,34,
6427,ANIL WHEAT VERMICELLI,Powders,32,32,
6428,KRISTAL IODISED CRYSTAL SALT 1 KG,Powders,24,24,
6429,KRISHNA CRYSTAL SALT 1 KG,Powders,15,15,
643,PEPSODENT G,Soaps & Liquids,100,100,
6430,AMMAN CRYSTAL SALT 1 KG,Powders,10,10,
6431,ANNACHIPALAM,General Groceries,200,200,
6432,ROPE,Household & Kitchen,10,10,
6433,BASCILY BLUEBERRY,General Groceries,25,25,
6434,BASCILY LYCHEE,General Groceries,25,25,
6435,PC KUTTU PERUNGAYAM 15 G,Powders,27,27,
6436,MEENAS APPALAM  100 G,Powders,40,40,
6437,AK 1 APPALAM 100 G,Powders,41,41,
6438,7 STAR LARGE 61X81CM 15 BAGS,General Groceries,105,105,
6439,ROJA MARK APPALAM 80 G,Powders,26,26,
644,3 ROSES RS.5/-,Beverages,5,5,
6440,PC COMPOUNDED ASAFOETIDA 20 G,Powders,45,45,
6441,TRYT MI COOL APPALAM 500 G,Powders,100,100,
6442,SOFT O SOFT TISSUE NAPKINS ONE PLY 27 X 30 CM,Napkin,40,40,
6443,CRYSTAL SALT 1KG,Powders,12,12,
6444,"MUNTHIRI,KISMISS,ELACHI 20 GMS",Pooja Items,20,20,
6445,SOMBU 25 G,Powders,10,10,
6446,HEARTIN APPALAM 200 G,Powders,10,10,
6447,JIL LIQUID DETERGENT TOP LOAD 1 L,Soaps & Liquids,99,99,
6448,ROCKEY STAIN REMOVER 500 ML,General Groceries,58,58,
6449,TANVI CHICKEN 65 BALLS,General Groceries,5,5,
645,BINGO MAD ANGLES..,Snacks,5,5,
6450,BRILIANS DISWASH LIQUID 450 ML,General Groceries,149,149,
6452,BRILIANS TOILET CLEANER 500 ML,Bathroom,119,119,
6453,ANIL VARAGU DOSAI FLOUR 500 G,Powders,85,85,
6454,ANIL SAMBA RAVA 500 G,Powders,88,88,
6456,ANIL RICE FLOUR 500 G,Powders,39,39,
6457,ANIL MAIDA 500 G,Powders,42,42,
6458,NALAAS BENGAL GRAM FLOUR 500 G,Dhall,73,73,
6459,JIL DETERGENT POWDER 800 G,Powders,120,120,
646,BINGO SALTED POTATO CHIPS 10.5 G,Snacks,10,10,
6460,KALAIMAAN GRAM FLOUR 500 G,Dhall,80,80,
6461,DR.WASH ACTIVE WASH DETERGENT POWDER 1 KG,Powders,109,109,
6462,ROCKEY BLEACHING POWDER 100 G,Powders,12,12,
6463,NAPTHALENE BALLS 10 G,General Groceries,10,10,
6464,COMPLAN ROYALE CHOCOLATE FLAVOUR 500 G,Chocolates,325,325,
6465,WILD STONE HYDRA ENERGY FRESHNESS TALC 300 G,Soaps & Liquids,220,220,
6466,WILD STONE ULTRA SENSUAL FRAGRANT TALC 300 G,Soaps & Liquids,32,32,
6467,PANASONIC JUMBO AA BATTERY,Household & Kitchen,16,16,
6468,6-TEN TOOTH BRUSH,Soaps & Liquids,25,25,
6469,PONVANDU SOAP 21/-,Soaps & Liquids,21,21,
647,BRU 100GM,Beverages,300,300,
6470,PLASTIC BASKET,Household & Kitchen,100,100,
6471,DOVE CREAM BAR 75 G,Soaps & Liquids,40,40,
6472,MEDIMIX CLASSIC 75 G BUY 3 GET 1 BACK,Beverages,96,96,
6473,DHATHRI TURMERIC SOAP 75 G BUY 3 GET 1,Powders,105,105,
6474,PANI PURI APPALAM 200 G,Powders,10,10,
6475,MEERA SHAMPOO KUNKUDUKAI & BADAM 180 ML,Shampoo,180,180,
6476,AACHI IDICHA SAMBAR POWDER 100 G,Powders,46,46,
6477,MOON BRAND CHICKEN 65 MASALA 20 G,Powders,12,12,
6478,SAPPHIRE ECLAIRS 400 G BACK,Chocolates,150,150,
6479,PONDS HYALURONIC SUPER LIGHT 50 ML,Soaps & Liquids,155,155,
648,GILLETTE SAVING CREAM,Soaps & Liquids,40,40,
6480,Z CLASSIC TALC 250 G,Beverages,250,250,
6481,YARDLEY LONDON GENTLEMAN CLASSIC 250 G,Beverages,250,250,
6482,YARDLEY LONDON GOLD TALC 250 G,Soaps & Liquids,250,250,
6483,ANIL NOODLES 50 G,Powders,10,10,
6484,BRITANNIA MILK BIKIS 185 G,Biscuits,30,30,
6485,CREMICA VANILLA CREMES BISCUIT 150 G,Biscuits,35,35,
6486,INDIA GADE DUBAR 1KG,General Groceries,138,138,
6487,CREMICA GOLDEN BITES BUTTER COOKIES 200 G,Cookies,35,35,
6488,CREMICA STRAWBERRY CREMES BISCUIT 150 G,Biscuits,35,35,
6489,CREMICA CHOCOLATE CREMES BISCUIT 150 G,Chocolates,30,30,
649,TATA CHAKRA GOLD,General Groceries,75,75,
6490,AMERICANO MARSHMALLOW POP,General Groceries,100,100,
6491,SUPER BIKE,General Groceries,10,10,
6492,FANTASY PUZZLE BALL,Beverages,20,20,
6493,BEST FRIENDS,General Groceries,20,20,
6494,ULTRAA SANITIZER CLEANSER 1L,Soaps & Liquids,55,55,
6495,CADBURY NUTTIES,Chocolates,50,50,
6496,ODO FRESH COLOUR PHENYLE LEMON 700 ML,Vegetables,62,62,
6497,PORNA POOJA OIL 30 ML,Pooja Items,10,10,
6498,BRIL GUM 50 ML,Stationery,10,10,
6499,COLGATE TOTAL ACTIVE PREVENTION 150GM,Soaps & Liquids,179,179,
6500,TODAYS GHEE 100 ML POUCH,Cooking Oil,95,95,
6501,AAC GHEE 100ML,Cooking Oil,103,103,
6502,AAC GHEE 500ML,Cooking Oil,465,465,
6503,APIS CHOCO FLAKES,Chocolates,5,5,
6504,HIGARD PEACH BERRY,General Groceries,70,70,
6505,MOTHERS HORLICKS VANNILA 500 G,Beverages,579,579,
6506,IBERY HAPPI CONE BLACK CURRANT,General Groceries,40,40,
6507,HAPPY HEART,General Groceries,25,25,
6508,SIRIMIRI GINGER CANDY,Chocolates,5,5,
6509,BOURN VITA 500GM JAR,General Groceries,263,263,
6510,BOURN VITA 5 STAR MAGIC 500GM,Chocolates,310,310,
6511,BOURN VITA 5 STAR 500GM,Chocolates,305,305,
6512,CCADBURY DAIRYMILK MOUSSE,Chocolates,98,98,
6513,CADBURY DAIRYMILK OREO 124G,Chocolates,214,214,
6514,CADBURY DAIRYMILK OREO 58.5GM,Chocolates,98,98,
6515,CADBURY DAIRYMILK ROAST ALMOND 143GM,Chocolates,220,220,
6516,CADBURY CHOCOBAKES CHIP COOKIES,Chocolates,80,80,
6517,CADBURY OREO VANNILA,Chocolates,26,26,
6518,KARUPPU SUNDAL 500G,Dhall,70,70,
6519,NARASU S INSTA STRONG 50G,General Groceries,135,135,
6520,CADBURY PERK PLUS,Chocolates,20,20,
6521,ARUN LITTLE LOVE BERRY,General Groceries,10,10,
6522,ARUN STRAWBERRY 500ML,General Groceries,170,170,
6523,APIS MIXED FRUIT JAM,Snacks,20,20,
6524,DABUR GLUCOSE-D,General Groceries,38,38,
6525,VIVAASH 250GM BAR,General Groceries,30,30,
6526,A ONE DISHWASH 500GM,General Groceries,60,60,
6527,A ONE DISH WASH GEL,General Groceries,20,20,
6528,A ONE SCRUB PAD,Bathroom,20,20,
6529,A ONE DISHWASH BAR,General Groceries,5,5,
653,WOMENS PLUS,General Groceries,170,170,
6530,A ONE SHINE POWDER 100GM,Powders,35,35,
6531,VVD LITE COCONUT OIL 500ML PKT,Cooking Oil,255,255,
6532,A ONE DISH WASH BAR,General Groceries,10,10,
6533,DAIRY DAY CLASSIC GRAPE,Beverages,10,10,
6534,DAIRY DAY CLASSIC STRAWBERRY,Beverages,10,10,
6535,DAIRY DAY CHOCO BAR,Chocolates,10,10,
6536,DAIRY DAY FUN SIP,General Groceries,5,5,
6537,DAIRY DAY YUMMY MANGO,Vegetables,10,10,
6538,DAIRY DAY KULFI,Ice Cream,15,15,
6539,VVV GROUNDNUT OIL 500ML,Cooking Oil,120,120,
654,UNBLOX DRAIN CLEANER,General Groceries,90,90,
6540,IBERY VANILLA,General Groceries,10,10,
6541,IBERY STRAWBERRY,General Groceries,10,10,
6542,IBERY STRAWBERRY BALL,General Groceries,25,25,
6543,DAIRY DAY MATKA KULFI,Ice Cream,50,50,
6544,DAIRY DAY JUNIOR VANILLA,General Groceries,20,20,
6545,DAIRY DAY VANILLA 55ML,General Groceries,10,10,
6546,GODREJ EXPERT NATURAL BLACK,Shampoo,22,22,
6547,KARUPPU SUNDAL 250G,Dhall,35,35,
6548,PARACHUTE 45 MLBOTTLE,Household & Kitchen,20,20,
6549,ORAL B SENSITIVE EXPERT 2S,Soaps & Liquids,280,280,
6550,KWALITY WALLS BUTTERSCOTCH 45 ML CONE,Ice Cream,10,10,
6551,GO STRONG MOSQUITO REPELLENT,Bathroom,85,85,
6552,OREO PIKACHU,Biscuits,10,10,
6553,KWALITY WALLS ORANGE MAHA BAR 67 G,Ice Cream,10,10,
6554,VVV GROUNDNUT OIL 1L,Cooking Oil,235,235,
6555,HARIMA COOKER CAKE MIX 200 G,Snacks,199,199,
6556,MILKA WONDER CAKE 140 G,Snacks,40,40,
6557,MASTER VAST COVERAGE BROOMS,Bathroom,202,202,
6558,HERSHEYS COOKIES N CREME 100G,Chocolates,150,150,
6559,IBERY VANILLA CONE,General Groceries,10,10,
656,SAVORIT PENNE PASTA,Powders,10,10,
6560,IBERY CHOCOLATE CONE,Chocolates,25,25,
6561,IBERY STRAWBERRY..,General Groceries,20,20,
6562,IBERY BUTTERSCOTCH,General Groceries,25,25,
6563,IBERY HAPPI CONE VANILLA,General Groceries,30,30,
6564,HWRSHEYS DARK N RICH COFFEE FLAVOR,Beverages,155,155,
6565,MODERN CAKE 55 G,Snacks,20,20,
6566,KISSAN CHILLI TOMATO SAUCE 500G,Powders,120,120,
6567,BRU,Beverages,10,10,
6568,APSARA POP STAR PENCIL,Stationery,60,60,
6569,APSARA GLASS MARKETING,General Groceries,70,70,
657,SAVORIT ELBOW PASTA..,Powders,28,28,
6570,APSARA COLOUR PENCIL,Stationery,30,30,
6571,KATTI KALKANDU 1KG,General Groceries,120,120,
6572,SWEETY APPALAM 1 KG,Snacks,400,400,
6573,KATTI KALKANDU 250GM,General Groceries,30,30,
6574,SEA RICH SALT,Powders,10,10,
6575,KATTI KALKANDU 500GM,General Groceries,60,60,
6576,BVT PRANDAI PICKLE 150 G,Powders,55,55,
6577,BVT MA GINGER PICKLE 150 G,Powders,55,55,
6578,MYSORE SANDAL SOAP 75G,Soaps & Liquids,38,38,
6579,YIPPEE MM 4PACK,General Groceries,55,55,
6580,FEVI GUM RS5,Stationery,5,5,
6581,BRITANNIA 50-50 BISCUIT,Biscuits,5,5,
6582,VIM BAR TUB 500G,General Groceries,60,60,
6583,CELLO K-ANIME FOUNTAIN PEN,Stationery,50,50,
6584,CELLO JUNIOR SNORKEY,General Groceries,50,50,
6585,CELLO JUNIOR SMILEY,General Groceries,50,50,
6586,BRITANNIA 50-50 SWEET AND SALTY,Biscuits,10,10,
6587,DENVER HAMILTON PREMIUM BODY TALC 18 G,Soaps & Liquids,11,11,
6588,DENVER BLACK CODE COLOGNE TALC 18 G,Soaps & Liquids,10,10,
6589,VANESA ROMANCE PERFUMED TALC 20 G,Soaps & Liquids,10,10,
6590,BRIT BOURBON MRP10/-,Biscuits,10,10,
6592,GOOD DAY BUTTER COOKIES.,Cookies,5,5,
6593,DENVER BODY SPA TEA TREE OIL SOAP 125 G,Beverages,90,90,
6594,GOOD DAY BUTTER MRP10/-,Biscuits,10,10,
6595,britannia good day 58g,Biscuits,10,10,
6596,GOOD DAY CASHEW 33G 5/-,Biscuits,5,5,
6598,NAATU BANANA,Vegetables,6,6,
6599,JAY EC WASH MAX POWER 5LTR,General Groceries,349,349,
66,MAMMIS KULAMBU CHILLI MASALA RS.3/-,Powders,3,3,
6600,MONKEY VVV  WONDERWASH 1.5KG,General Groceries,90,90,
6602,SNICKERS FILLED CHOCOLATE,Chocolates,35,35,
6603,SNICKERS 40GM,Chocolates,45,45,
6604,SNICKERS PEANUT BROWNIE,Chocolates,65,65,
6605,CADBURY DAIRYMILK 5.5GM,Chocolates,5,5,
6608,CADBURY DAIRYMILK 21GM,Chocolates,20,20,
6609,LITTLE HEARTS CLASSIC,Beverages,5,5,
6610,CADBURY DAIRYMILK 108GM,Chocolates,100,100,
6613,BRITANNIA MILK BIKIS MRP5/-,Biscuits,5,5,
6614,LAYS CHILE LIMON FLAVOUR 24 G,Snacks,10,10,
6615,LION MIXED FRUIT JAM 1KG + 200G FREE,Snacks,199,199,
6617,PEPSODENT LAVANG & SALT 200G,Powders,145,145,
6619,IDHAYAM MANTRA GROUNDNUT OIL 200ML,Cooking Oil,44,44,
6620,THUZHIR BATHING LUXURY,Soaps & Liquids,38,38,
6621,ENGAGE ON COOL MARINE 17ML,Soaps & Liquids,65,65,
6622,BERITE SUNFLOWEROIL 2 LTR,Cooking Oil,368,368,
6623,GOOD HOME AIR FRESHENER BUY2 GET1 FREE,Bathroom,110,110,
6624,GOPAL TOOTH POWDER,Powders,10,10,
6626,GOOD HOME ROOM FRESHENER DIVINE 130 G,General Groceries,180,180,
6627,GOOD HOME ROOM FRESHENER LEMON 130 G,Vegetables,175,175,
6628,ALPENLIEBE BANANA LOLLIPOP,Chocolates,5,5,
6629,GOOD HOME ROOM FRESHENER SANDAL 130 G,General Groceries,175,175,
6630,HIFI BUTTER COOKIES 40G,Cookies,5,5,
500,G,General Groceries,180,180,
6633,NAGA MAIDA 500G,Powders,47.5,47.5,
6634,HIGARD MATIC LIQUID TOP LOAD 1 L,General Groceries,145,145,
6635,BRU 50GM,Beverages,155,155,
6636,MAAMIS RED CHILLI POWDER 12GM,Powders,10,10,
6637,MANGALDEEP TEMPLE,Pooja Items,50,50,
6639,MANGALDEEP TREYA 3 IN 1 INCENSE STICKS 13G,Pooja Items,10,10,
664,DENVER SPORTING CLUB CHAMP,General Groceries,230,230,
6640,MANGALDEEP FLORA ROSE INCENSE STICKS 13 G,Pooja Items,10,10,
6641,MEERA GRAND RHINO RULED 160 PAGES FLEXI,General Groceries,130,130,
6642,SUNFEAST SUPER MILK 140.8G,Biscuits,18,18,
6643,CANDY MANTOFFICHOO 240 G,Chocolates,50,50,
6644,NESCAFE GOLD BLEND 90 G WITH FREE GLASS MUG,Beverages,675,675,
6645,A2B SOAN PAPDI 100GM,Snacks,35,35,
6646,APIS HONEY,Snacks,70,70,
6647,COFFY BITE RS5/-,Biscuits,5,5,
6648,3 ROSES TOP STAR 250 G,Beverages,225,225,
6649,MTR SAMBAR POWDER 50 G,Powders,40,40,
665,DENVER HAMILTON,General Groceries,230,230,
6650,APIS HIMALAYA HONEY 50 G,Snacks,40,40,
6651,CHIK JASMINE SHAMPOO,Shampoo,1,1,
6652,INDICA EASY SHAMPOO HAIR COLOR,Shampoo,30,30,
6653,MEERA ANTI DANDRUFF,General Groceries,2,2,
6654,APIS TOASTED CORN FLAKES 500 G,Biscuits,249,249,
6655,TPRG JAVADHU DHOOP 100 G,Pooja Items,80,80,
6656,TPRG LAVENDAR DHOOP 100 G,Pooja Items,80,80,
6657,TPRG SANDAL DHOOP 100 G,Pooja Items,80,80,
6658,GLUCORADE MANGO SHOTS RS 10/-,Vegetables,10,10,
6659,BHOOMI RICE FLOUR 500 G,Powders,44,44,
6660,BHOOMI JAGGERY POWDER 250 G,Powders,40,40,
6661,OSSUM PERFUME SPRAY CHERISH 120 ML,General Groceries,250,250,
6662,WHITE TONE FACE CREAM 35 G,Soaps & Liquids,99,99,
6663,SSR MIXTURE CANDY 200 G,Chocolates,52,52,
6664,AASHIRVAAD HIMALAYAN PINK SALT 500 G,Powders,65,65,
6665,ARUN BIG WHITE MURUKKU 5 PCS,Snacks,70,70,
6666,CRUNNCHY FOODS BUTTER MUFFINS 4 PCS,Snacks,20,20,
6667,CRUNNCHY FOODS STRAWBERRY MUFFINS 4 PCS,Snacks,20,20,
6668,CRUNNCHY FOODS CHOCOLATE MUFFINS 4 PCS,Chocolates,20,20,
6669,GILLETTE VECTOR,Soaps & Liquids,249,249,
6670,DOVE DAILY SHINE CARE,General Groceries,120,120,
6671,BAT APPALAM 100G,Powders,15,15,
6672,DOVE HAIRFALL RESCUE,General Groceries,120,120,
6673,DOVE DRYNESS CARE SHAMPOO 180 ML,Shampoo,185,185,
6674,HORLICKS 550GM,Beverages,249,249,
6675,WHISPER XL ULTRA,Napkin,50,50,
6676,VIM 250GM,General Groceries,32,32,
6677,CADBURY 5 STAR.,Chocolates,10,10,
6678,FAIR &LOVELY GLOW LOVELY,General Groceries,25,25,
6679,FAIR &LOVELY GLOW &LOVELY,General Groceries,10,10,
668,BAULI MOONFILS CHOCO,Chocolates,22,22,
6680,INDULEKHA BRINGHA SHAMPOO 100ML.,Shampoo,135,135,
6681,INDULEKHA BRINGHA OIL,Shampoo,99,99,
6682,PONDS DETOX FACEWASH,Soaps & Liquids,120,120,
6683,RAJA HERBAL MORINGA SEEDS,Soaps & Liquids,60,60,
6684,JJ THATTAI 15 PCS,Powders,25,25,
6685,MASS FOODS CEYLON MURUKKU 100 G,Snacks,45,45,
6686,IRFAN SWEETS,Snacks,60,60,
6687,REAL THENKA POO CAKE 6 PCS,Snacks,40,40,
6688,VIM SQUEEZY AUTO SEAL PACK 85 ML,General Groceries,10,10,
6689,APSARA DISNEY PRINCESS PENCILS,Soaps & Liquids,100,100,
669,BAULI MOONFILS STRAWBERRY,General Groceries,22,22,
6690,EC WASH PLUS ORANGE,Vegetables,99,99,
6691,EC WASH ROSE,General Groceries,99,99,
6692,MUNTHIRI 50G,Pooja Items,50,50,
6693,EC WASH MADURAI MALLI,General Groceries,99,99,
6694,APSARA MARVEL AVEENGERS EXTRA DARK PENCILS,Stationery,100,100,
6695,APSARA MARVEL SPIDER MAN EXTRA DARK PENCILS,Stationery,100,100,
860,ML,General Groceries,235,235,
670,BAULI MOONFILS VANILLA,General Groceries,22,22,
6700,LIA PINAPPLE  TWIRL INCENSE STICKS 8 PCS,Pooja Items,10,10,
6701,ANJOL ALUPU MARUNTHU,General Groceries,20,20,
6702,LIA JAS INCENSE STICKS 8 PCS,Pooja Items,10,10,
6703,CYCLE NAIVEDYA SAMBRANI 8 PCS,Pooja Items,32,32,
6704,LIA INCENSE STICKS 53 G,Pooja Items,30,30,
6705,WHISPER CHOICE XL 6+1,Napkin,45,45,
6706,WHISPER ULTRA XL+ 302 MM 30 PADS,Napkin,399,399,
6707,WAX,General Groceries,1,1,
6708,NIYAS NORUKKS CHEDDAR CHEESE,General Groceries,30,30,
6709,CHOKI STIX,General Groceries,200,200,
671,KIT KAT DARK CHOCO,Chocolates,220,220,
6710,MIKY MIST ICE CANDY RASPBERRY,Chocolates,10,10,
6711,DELIGHT-7 SCENTED PHENYLE,Bathroom,40,40,
6712,NIMBOOZ,General Groceries,20,20,
6713,GILLETTE GUARD 1+8 RUST GUARD,Soaps & Liquids,109,109,
6714,ORAL B3 IN 1 GPCARD 8+4+3 ECARE,Soaps & Liquids,248,248,
6715,ORAL B 4 IN 1 NATURAL,Soaps & Liquids,300,300,
6716,PAMPERS BLUE PANTS S 4-8 KG,Baby Items,22,22,
6717,OLD SPICE AFTER SAVE LOTION MUSK 50 ML,Soaps & Liquids,149,149,
6718,KWALITY WALLS SHAHI KULFI 42 G,Ice Cream,20,20,
6719,KWALITY WALLS CASSATA 125 ML,Ice Cream,70,70,
6720,KWALITY WALLS STRAWBERRY 90 ML,Ice Cream,20,20,
6721,KWALITY WALLS MAGNUM ICECREAM MINI 4N,Ice Cream,240,240,
6722,LISTERINE COOL MINT MOUTH WASH 250 ML,Vegetables,185,185,
6723,IBERY VANILLA BALL 100 ML,General Groceries,25,25,
6724,IBERY PINEAPPLE CUP 65 ML,General Groceries,10,10,
6725,MILKY MIST CURD 170 G,Beverages,10,10,
6726,MILKY MIST CURD I KG,Beverages,120,120,
6727,PARODONTAX EXPERT GUM CARE TOOTH BRUSH,Soaps & Liquids,120,120,
6728,PARODONTAX ULTRA + BRUSH COMBO,General Groceries,165,165,
6729,DETTOL SKINCARE SOAP 150 G,Soaps & Liquids,67,67,
673,BLACK FOREST INCENSE STICKS,Pooja Items,85,85,
6730,COLIN 125 ML,Bathroom,40,40,
6732,ORAL B CRISSCROSS SOFT BUY 2 GET 2,Soaps & Liquids,190,190,
6733,ORAL B CAVITY DEFENSE SOFT 4N,Soaps & Liquids,120,120,
6735,GILLETTE MACH3 4N CARTRIDGES,Soaps & Liquids,599,599,
6736,GILLETTE FUSION5 RAZOR,Soaps & Liquids,425,425,
6737,MIRTHFUL JASMINE MAGIC AIR FRESHENER 250 ML,Bathroom,190,190,
6738,MIRTHFUL ROSE BLOSSOM AIR FRESHENER 250 ML,Bathroom,190,190,
6739,MIRTHFUL LAVENDER AROMA AIR FRESHENER 250 ML,Bathroom,190,190,
674,FOREST LAVENDER INCENSE STICKS,Pooja Items,65,65,
6740,MIRTHFUL STRAWBERRY AIR FRESHNER 250 ML,General Groceries,190,190,
6741,MIRTHFUL LEMON FRESH AIR FRESHENER 250 ML,Vegetables,190,190,
6742,MIRTHFUL SANDAL WOOD AIR FRESHENER 250 ML,Bathroom,190,190,
6743,CHEETOS CHEEZ PUFFS 28 G,General Groceries,10,10,
6745,KURKURE MASALA MUNCH 94 G,Chocolates,30,30,
6746,MAAMIS RED CHILLI POWDER,Powders,5,5,
6747,MOBITE CORN PUFF 20MRP,General Groceries,20,20,
6748,BRTA VITA MARIE GOLD,Biscuits,30,30,
6749,CADBURY DAIRY MILK CRACKLE 36G,Chocolates,55,55,
675,LG PERUNGAYAM 100GM,Powders,200,200,
6750,ASHTAGANDHA CHANDAN PASTE 50G,Pooja Items,60,60,
6751,HANUMAN SINDHURAM 50G,General Groceries,50,50,
6752,RED SANDALWOOD PASTE50G,General Groceries,50,50,
6753,VIBHUDHI PASTE 50G,Pooja Items,50,50,
6754,SSR WHITE SESAME CANDY 200 G,Chocolates,70,70,
6755,SSR HONEY BALLS 150 G,Snacks,38,38,
6756,SSR CHILLI CANDY 100 G,Chocolates,32,32,
6757,LOTTE FRUTOPIE 12N,General Groceries,144,144,
6758,LOTTE SEASONS GREETINGS HONEY ECLAIRS 369 G,Chocolates,175,175,
410,G,General Groceries,200,200,
6760,A&M TWISTY NOODLES TASTY MASALA 50 G,Powders,10,10,
6761,DEO N FRESH CHILL LEMON AIR FRESHENER 50 G,Vegetables,55,55,
6763,DEO N FRESH EXCITING ROSE AIR FRESHENER 50 G,Bathroom,55,55,
6765,COLGATE ACTIVE SALT 200GM,Powders,142,142,
6766,DEO N FRESH JOYFULL JASMINE AIR FRESHENER 50 G,Bathroom,55,55,
6769,DEO N FRESH CHILL LEMON AIR FRESHENER 75 G,Vegetables,75,75,
677,WHITE FOREST INCENSE STICK,Pooja Items,75,75,
6770,DEO N FRESH EXCITING ROSE AIR FRESHENER 75 G,Bathroom,75,75,
6771,PACHA PATTANI 500G,Dhall,125,125,
6772,CADBURY SHOTS 5RS,Chocolates,5,5,
6773,DEO N FRESH JOYFULL JASMINE AIR FRESHNER 75 G,General Groceries,75,75,
6774,DEO N FRESH SANI CUBES 90 G,General Groceries,52,52,
6775,SUBANITHRA HERBAL INCENSE STICKS 10 N,Pooja Items,15,15,
6776,DEO N FRESH MISTY ORANGE AIR FRESHNER 50 G,Vegetables,58,58,
6778,DEO N FRESH FRESH LIME PERFUME BAG 1O G,General Groceries,60,60,
6779,ENO ORANGE 5G.,Vegetables,10,10,
6780,DEO N FRESH MISTY PINK PERFUME BAG 1O G,General Groceries,60,60,
6781,GARNIER BRIGHT COMPLETE CREAM 23G,Soaps & Liquids,109,109,
6782,DEO N FRESH LAVENDER PERFUME BAG 1O G,General Groceries,60,60,
6783,DEO N FRESH JASMINE PERFUME BAG 1O G,General Groceries,60,60,
6784,WALNUT,Snacks,480,480,
6785,KW VANILLA 160/-,General Groceries,160,160,
6786,RED SANDAL WOOD PASTE 50 G,General Groceries,50,50,
6787,SUNFEAST DARK FANTASY CHOCO FILLS 4N,Chocolates,20,20,
6788,SUNFEAST FANTASTIK! CHOCO MELTZ 9.5 G,Chocolates,5,5,
6789,DEVDARSHAN PINEAPPLE INCENSE STICKS 100 G,Pooja Items,75,75,
679,DABUR RED 200GM,Soaps & Liquids,153,153,
6790,MILKYMIST BUTTERSCOTCH CONE,Beverages,45,45,
6791,MILKY MIST CRUNCHY CHOCOBAR,Chocolates,25,25,
6792,MOOV,Soaps & Liquids,15,15,
6794,RAINBOW MIX FRUIT,Vegetables,100,100,
6795,RAINBOW CASHEW JOY,Snacks,100,100,
6796,RAINBOW MILK,Beverages,100,100,
6797,RAINBOW CREAMY MILK,Beverages,100,100,
6798,RAINBOW ALMOND BLISS,Snacks,100,100,
6799,RAINBOW COCONUZ,General Groceries,100,100,
68,MAMMIS SAMBAR POWDER RS.10/-,Powders,10,10,
680,DREAM CREAM,Soaps & Liquids,10,10,
6800,RAINBOW COLOMBIAN CAFE,General Groceries,100,100,
6801,RAINBOW BIRTHDAY BASH,General Groceries,100,100,
6802,RAINBOW TENDER FRESH TOFFEE,Chocolates,100,100,
6803,RAINBOW KULFI ECLAIRS,Chocolates,50,50,
6804,RAINBOW KESAR ECLAIRS,Chocolates,50,50,
6805,RAINBOW GOLD HONEY ECLAIRS 350 G,Chocolates,100,100,
6806,FUN WHISTLE BALL CANDY,Chocolates,10,10,
6807,MCRINO POP LOLIPOP + TOY,Soaps & Liquids,10,10,
6808,BHOW BHOW CANDY BALLS,Chocolates,10,10,
6809,FANTASY FRUITY DAY 20 G,Beverages,10,10,
681,HARIMA TOMATA SAUCE,Powders,130,130,
6810,STAR MINT CANDY 70 G,Chocolates,24,24,
6811,STAR GEMS 60 G,Chocolates,26,26,
6812,STAR KAMARKATTU CANDY 50 G,Chocolates,26,26,
6813,STAR DRY FRUITS NUT MIX 150 G,Snacks,180,180,
6814,FUN SKOOTY CANY,General Groceries,10,10,
6815,MISKY ROYALE TOFFEE CARDAMOM 700 G,Chocolates,250,250,
6817,RAINBOW GOLD MILK ECLAIRS 350 G,Chocolates,100,100,
6818,RAINBOW GOLD KULFI ECLAIRS 350 G,Chocolates,100,100,
6819,RAINBOW GOLD COCONUT ECLAIRS 175 G,Chocolates,50,50,
6820,RAINBOW GOLD CHOCO ECLAIRS CENTER FILLS 350 G,Chocolates,100,100,
6821,RAINBOW GOLD MILK ECLAIRS 175 G,Chocolates,50,50,
6822,RAINBOW GOLD CHOCO ECLAIRS 175 G,Chocolates,50,50,
6823,RAINBOIW GOLD FRUIT SOFTIES 650 G,Vegetables,250,250,
6824,WILLY WHYTE HAPPY SMILE TOOTH BRUSH,Soaps & Liquids,20,20,
6825,HIMALAYA A&C BODY LOTION 100ML,Soaps & Liquids,99,99,
6826,WILLY WHYTE SURE SMILE TOOTHBRUSH 12+2 FREE,Soaps & Liquids,25,25,
6827,WILLY WHYTE CHOCO SMILE KIDS TOOTHBRUSH,Chocolates,30,30,
6828,AUTO FLOW POWDER PUFF,Powders,160,160,
6829,KWALITY WALLS CHOCO-TASTIC SUNDAE,Chocolates,40,40,
683,HIMALAYA TURMERIC FACE PACK,Powders,110,110,
6830,KWALITY WALLS CASSATTA,Ice Cream,65,65,
6831,LIA RAINBOW STICKS,General Groceries,10,10,
6832,KATTHARIKKAI VEG (WAILOT),General Groceries,60,60,
6833,BADHAM PISIN 50G,Snacks,50,50,
6834,STAR ORANGE MIX CANDY,Chocolates,24,24,
6836,STAR SPECIAL JEERA CANDY,Chocolates,24,24,
6837,STAR JELLY,General Groceries,30,30,
6838,WAFER TOWN CHOCO ROLL STICK,Chocolates,5,5,
6839,UG GINGELLY OIL 1LTR,Cooking Oil,450,450,
684,HIMALAYA TURMERIC FACE SCRUB,Powders,149,149,
6840,QURE HERBAL BALM 7.3G,Soaps & Liquids,39,39,
6841,QURE HERBAL BALM 2ML,Soaps & Liquids,10,10,
6842,INDULEKHA BRINGHA OIL 100ML,Shampoo,432,432,
6843,QURE HAIRMAX HERBAL HAIR OIL 100ML,Shampoo,199,199,
6844,PARLE MILK SHAKTI 75 G,Biscuits,10,10,
6845,PARLE-G ORIGINAL GLUCO BISCUITS 250 G,Biscuits,30,30,
6846,SUN SILK ONION & JOJOBA OIL SACHET,Cooking Oil,2,2,
6847,MILKY MIST PISTA BADAM 120 ML,Snacks,45,45,
6848,MAAZA 150ML,Beverages,10,10,
6849,SPRITE 250ML,Beverages,20,20,
685,HIMALAYA TURMERIC FACE WASH 100ML,Powders,1,1,
6850,SPRITE 1LTR,Beverages,50,50,
6851,MILKY MIST PRIME STRAWBERRY 500 ML,Beverages,145,145,
6852,MILKY BAR LEARN 12.5 G,Beverages,10,10,
6853,NESTLE KITKAT LEMONY LIME 28.5 G,Chocolates,30,30,
6854,MILKY MIST PRIME STRAWBERRY 100 ML,Beverages,35,35,
6855,COLOUR 12 SHADES,General Groceries,20,20,
6856,MILKY MIST BUTTERSCOTCH 500 ML,Beverages,150,150,
6857,FANTA 2.25L BOTTLE,Beverages,100,100,
6858,MILKYMIST COOKIE CREAM 500 ML,Cookies,160,160,
6859,SAKTHIMAAN DRINKING WATER 500 ML,Powders,10,10,
686,HIMALAYA TURMERIC FACE WASH 50ML,Powders,115,115,
6860,SAKTHIMAAN DRINKING WATER 300 ML,Powders,10,10,
6861,MANGALDEEP FLORA JAPANESE BLOSSOM 95 G,Pooja Items,55,55,
6862,ENGAGE SPIRIT FOR HER 150 ML,General Groceries,249,249,
6863,ENGAGE SPIRIT CITRUS & SPICY 150 ML,General Groceries,280,280,
6864,BINGO MAD ANGLES MYSTERY PICKLE 30 G,Snacks,10,10,
6866,EXO ANTI BACTERIAL ROUND GINGER TWIST 175 G,Vegetables,20,20,
6867,DOVE DAILY SHINE SHAMPOO 180 ML,Shampoo,246,246,
6868,SUNSILK BLACK SHINE SHAMPOO 180 ML,Shampoo,209,209,
6869,LAKSHMI SWEET SOAN PAPDI,Snacks,65,65,
687,HIMALAYA LIP BALM,Soaps & Liquids,20,20,
6870,A2B MADRAS MIXTURE 100 G,Snacks,50,50,
6871,A2B SEEDAI TASTY & CRUNCHY 100 G,General Groceries,45,45,
6872,KINLEY 1L WATER BOTTLE,Household & Kitchen,20,20,
6873,MAAZA 1.2L BOTTLE,Beverages,70,70,
6875,ORAL B SHINY CLEAN 3 IN 1 ACTION,Soaps & Liquids,20,20,
6877,PAMPERS BLUE L 2PANTS,Baby Items,36,36,
6878,PAMPERS BABY DRY S 11 PANTS,Baby Items,199,199,
6879,TPRG SUGANTH DHOOP 100 G,Pooja Items,80,80,
688,MILKYBAR CREAM CARAMEL,Chocolates,40,40,
6880,PRAN POTATO BISCUIT 30G,Biscuits,10,10,
6881,SSR ONION MURUKKU 100 G,Snacks,35,35,
6882,SENSODYNE SOFT SENSITIVE & GUM 2+1 FREE,Soaps & Liquids,220,220,
6883,"ENO 3 IN 1 REAL JEERA,AJWAIN,KALA NAMAK  5G",Powders,10,10,
6884,LOTTE FRUTOPIE FULLY SHAKES,General Groceries,12,12,
6885,BRITANNIA 50-50-RS-40,Biscuits,40,40,
6886,BRITANIYA 50 50 RS-30,General Groceries,30,30,
6888,NESTLE CERELAC RICE 300 G,Baby Items,265,265,
6889,BRITANNIA MILK BIKIS 300 G,Biscuits,50,50,
689,GLUCON D..,General Groceries,35,35,
6890,BRITANNIA VITA MARIE GOLD 248 G,Biscuits,50,50,
6891,TOOTH  PICK,General Groceries,30,30,
6893,BVEG HOT N SPICY IDLI CHUTNEY POWDER 200 G,Powders,150,150,
200,G,General Groceries,150,150,
6895,777 MIXED PICKLE WITHOUT GARLIC 200 G,Powders,88,88,
35,G,General Groceries,25,25,
6899,FOREST FRAGRANCE BODY GUARD OIL STICKS 10 N,Cooking Oil,15,15,
69,PONDS 22GM,Soaps & Liquids,10,10,
690,MAGGI 2 MINUTE NOODLES..,Powders,120,120,
6900,FOREST SANDAL INCENSE STICKS 90 G,Pooja Items,65,65,
6901,777 RICE VERMICELLI 200 G,Rice,64,64,
6903,KWALITY WALLS DRYFRUIT RABRI KULFI 48 G,Ice Cream,30,30,
6904,CERELAC WHEAT HONEY DATES,Baby Items,286,286,
6905,Z CLASSIC TALC 200 G,Beverages,230,230,
6906,Z CLASSIC DEODORANT SOAP 75 G,Beverages,60,60,
6907,Z CLASSIC DEODORANT BODY SPRAY 150 ML,Beverages,275,275,
6908,MINI APPLE CANDY 25 G,Chocolates,15,15,
6909,FANTASY FIGHTER AIRPLANE,Beverages,10,10,
691,3 ROSES 100GM ..,Beverages,100,100,
6910,JURASSIC FUN CANDY TOY,Chocolates,15,15,
6911,GUN CANTY TOY,General Groceries,10,10,
6912,GLITZ SUGAR COATED BITES,Biscuits,25,25,
6913,MFC TOY CANDY 30 G,Chocolates,40,40,
6914,HAPPINESS SUITCASE CANDY,Chocolates,15,15,
6915,FIESTO PARTY TIME 15 G,General Groceries,10,10,
6916,BALL SCOOTER TOY CANDY,Chocolates,10,10,
6917,FANTASY BUILDING TRUCKS TOY CANDY,Chocolates,10,10,
6918,HAPPINESS BAND BAJA TOY CANDY,Chocolates,25,25,
6919,FROGGY CANDY,Chocolates,10,10,
692,MANGALDEEP LAVENDER FLORA,Pooja Items,55,55,
6920,MINI ROCKET 5 G,General Groceries,10,10,
6921,JOKER CANDY,Chocolates,10,10,
6922,FANTASY CANDY BAG,Chocolates,25,25,
6923,FANTASY CLAP POP,Beverages,15,15,
6924,FANTASY MINI MINI WHISTLE CAN,Beverages,10,10,
6925,FUN CANDY MONKEY SWING TOY,Chocolates,10,10,
6927,FAVORITE HELI FAN TOY,General Groceries,10,10,
6928,FANTASY FAIRY PRINCESS TOY CANDY,Chocolates,10,10,
6929,KURKURE PLAYZ PUFFCORN 28 G,Snacks,10,10,
6930,AASSAI FENUGREEK KALI MIX,Powders,105,105,
6931,DD ATHIRASAM 5 PIECES,Powders,40,40,
6932,IRFAN SWEETS THENGA PURFFI,Snacks,25,25,
6934,BINGO TOMATO POTATO CHIPS 10.5 G,Snacks,5,5,
6935,BINGO TEDHE MEDHE XTRAA TEEKHA 16 G,Snacks,5,5,
6936,AACHI NATTUKOZHI MASALA 18 G,Powders,10,10,
6937,CADBURY DAIRY MILK 28 G,Chocolates,30,30,
6938,CADBURY DAIRY MILK 46 G,Chocolates,50,50,
6939,DAIRY MILK SILK ROAST ALMOND 52 G,Chocolates,98,98,
6940,BE-RITE SUNFLOWER 5LTR,Cooking Oil,960,960,
6941,CADBURY CHOCLAIRS 105 PIECES 525 G,Chocolates,200,200,
6942,TANG ORANGE 500 G,Beverages,170,170,
6943,777 MANGO,Vegetables,10,10,
6944,777 CITRON,General Groceries,10,10,
6945,WAFER TOWN STRAWBERRY FLAVOURD,General Groceries,20,20,
6946,DOVE DAILY SHINE SHAMPOO 75 ML,Shampoo,102,102,
6947,DOVE DANDRUFF CARE SHAMPOO 180 ML,Shampoo,246,246,
6948,PEPSODENT GUM CARE + 70 G,Soaps & Liquids,69,69,
6949,PONDS LIGHT MOISTURISER 50 ML,Soaps & Liquids,140,140,
695,HARIMA PINEAPPLE SYRUP,Beverages,180,180,
6950,VASELINE ALOE FRESH 90 ML,Soaps & Liquids,125,125,
6951,LION LAYINA DATES 250 G,Snacks,120,120,
6952,LION DATES MULTIGRAIN MIX 500 G,Snacks,298,298,
6953,ANCHOR TONGUE CLEANER,General Groceries,30,30,
6954,CAVINS ROSE MILK 170 ML,Beverages,30,30,
6955,CAVINS BADAM MILK 170 ML,Snacks,30,30,
6956,CK S BAKERY ELAICHI RUSK 145 G,Biscuits,30,30,
6957,CK S BAKERY MILK RUSK 145 G,Biscuits,30,30,
6958,CK S BAKERY ELAICHI RUSK 56 G,Biscuits,10,10,
6959,CK S BAKERY MILK RUSK 56 G,Biscuits,10,10,
6960,DAIRY DAY JUNIOR STRAWBERRY CONE 65 ML,General Groceries,20,20,
6961,DAIRY DAY SENIOR VANILLA CONE 120 ML,General Groceries,30,30,
6962,DAIRY DAY SENIOR CHOCO CONE 120 ML,Chocolates,40,40,
6963,DAIRY DAY SENIOR BUTTER SCOTCH CONE 120 ML,General Groceries,40,40,
6964,DAIRY DAY BLACK CURRANT CONE 120 ML,General Groceries,40,40,
6965,DAIRY DAY RED VELVET CONE 120 ML,General Groceries,40,40,
6966,DAIRY DAY SENIOR STRAWBERRY CONE 120 ML,General Groceries,30,30,
6967,DAIRY DAY STRAWBERRY CUP 50 ML,General Groceries,10,10,
6968,DAIRY DAY PINEAPPLE CUP 50 ML,General Groceries,10,10,
6969,DAIRY DAY ORANGE CUP 50 ML,Vegetables,10,10,
697,FAIRY TALE INCENSE STICKS,Pooja Items,40,40,
6970,DAIRY DAY BADA CUP VANILLA CUP 180 ML,General Groceries,20,20,
6971,DAIRY DAY SPINNO VANILLA CUP 70 ML,General Groceries,20,20,
6972,DAIRY DAY BADA CUP CHOCOLATE ICE CREAM 80 ML,Chocolates,25,25,
6974,DAIRY DAY KWIKIE SUNDAE FRUIT DELITE 125 ML,Vegetables,35,35,
6975,DAORY DAY SWINGER SUNDAE 125 ML,General Groceries,35,35,
6976,DAIRY DAY BADA GUDBUD 175 ML,General Groceries,50,50,
6977,DAIRY DAY YUMMY ORANGE ICE CANDY 35 ML,Chocolates,5,5,
6978,DAIRY DAY YUMMY LIMBOO ICE CANDY 35 ML,Chocolates,5,5,
6979,DAIRY DAY CHOCO VANILLA STICK 60 ML,Chocolates,20,20,
698,CREAM BELL CHOCO MILKSHAKE,Chocolates,35,35,
6980,DAIRY DAY HAZELNUT TRIPLE BAR 70 ML,General Groceries,70,70,
65,ML,General Groceries,30,30,
6982,DAIRY DAY PREMIUM CASATTA 100 ML,Powders,60,60,
6984,PAMPERS NEW BABY ADJUSTABLE FIT 7 N,Baby Items,92,92,
6985,WHISPER ULTRA BINDAZZZ NIGHTS XXL+ 6 PADS,Napkin,140,140,
6986,BRU INSTANT 40 G JAR,Beverages,160,160,
6988,DOMS INXTEN RED PERMENANT MARKER,Stationery,10,10,
6989,DOMS MODELLING CLAY 7 SHADES,General Groceries,50,50,
6990,DOMS WATER COLOUR PENS MAX SKETCH 14 SHADES,Stationery,35,35,
6993,KAVERI RICE GREEN 26 KG,Rice,10,10,
6994,PONVANDU DISHWASH SHINE 250 G,General Groceries,30,30,
6995,ADITI TOMATO KETCHUP 100 N,Vegetables,125,125,
6996,MEAL TIME GREEN CHILLI SAUCE 100 N,Powders,100,100,
6997,PERRYS COOKY RICH TRAY 200 G,Household & Kitchen,60,60,
6998,GRAB N GO PRINGLES DESI MASALA TADKA 40 G,Snacks,60,60,
6999,ANCHOR JUNIOR + SOFT BRISTLES,General Groceries,15,15,
7,ANNAPOPORNA BRIYANI MASALA 50G,Powders,43,43,
700,STING ENERGY 250ML.,Beverages,20,20,
7000,GLOBE LOLLIPOP 20 GMS,Chocolates,10,10,
7001,COLOUR CARNIVAL COPY COLOURING BOOK,Soaps & Liquids,30,30,
7002,MY SMALL COLOURING BOOK,Soaps & Liquids,30,30,
7003,"LEARN WITH FUN (NUMBERS,CURSIVE,ALPHABET)",General Groceries,85,85,
7004,FUN WITH MAGIC PAINTING BOOK,Stationery,50,50,
7005,SUPER SPELLERS WORS SEARCH ACTIVITIES,General Groceries,50,50,
7006,WINKIES CLASSIC VANILLA SLICE CAKE 45 G,Snacks,20,20,
7008,TIRUMALA AGARBATTI SHRI SAI PUJA AGARBATTIS,Pooja Items,12,12,
701,HARIMA GRAPE SYRUP 750ML,Beverages,180,180,
7010,GOKUL SANTOL TALC 70G,Soaps & Liquids,73,73,
7011,WILD STICK PRIMUM INCENCE,General Groceries,65,65,
7012,ANNAI SEEDLESS DATES 200 G,Snacks,62,62,
7013,ANNAI SEEDLESS DATES 500 G,Snacks,149,149,
7014,ANNAI DATES DESERT QUEEN 500 G BUY 1 GET 1,Snacks,222,222,
7015,ANNAIBLACK DATES 125 G BUY 1 GET 1,Snacks,155,155,
7016,ANNAI DESERT QUEEN BLACK DATES 200 G,Snacks,130,130,
7017,ANNAI DESERT QUEEN BLACK DATES 500 G,Snacks,275,275,
7018,ANNAI HONEY 25  G,Snacks,15,15,
7019,ANNAI HONEY 50  G,Snacks,38,38,
702,HARIMA ROSE SYRUP 750ML,Beverages,230,230,
7020,ANNAI AMLA DEHYDRATED FRUIT CANDY 200 G,Chocolates,168,168,
7021,DEV MASAL BANANA SPRING CHIPS 150 G,Snacks,175,175,
7023,GOKUL SANTOL TALC 30G,Soaps & Liquids,40,40,
7024,DEV SWEET BANANA SPRING CHIPS 150 G,Snacks,140,140,
7025,MAYORA JAM O JAM BLUEBERRY BISCUIT 16 G,Biscuits,5,5,
7026,SEMBU KILANGU  VEG,General Groceries,100,100,
7028,CHICCO 6-36 MONTH KIDS TOOTHBRUSH BLUE,Soaps & Liquids,149,149,
7029,CHICCO 6-36 MONTH KIDS TOOTHBRUSH GREEN,Soaps & Liquids,149,149,
703,HARIMA NANNARI SYRUP 750ML,Beverages,230,230,
7030,CHICCO KIDS TOOTHNRUSH PINK,General Groceries,149,149,
7031,CHICCO 3-8 YEARS KIDS TOOTH BRUSH BLUE,Soaps & Liquids,119,119,
7032,SUNDA VATHTHAL,General Groceries,50,50,
7033,CHICCO KID STOOTHBRUSH GREEN,Soaps & Liquids,119,119,
7034,CHICCO 3-8 YEARS KIDS TOOTH BRUSH ORANGE,Vegetables,119,119,
7035,CHICCO 3-8 YEARS KIDS TOOTHY BRUSH PINK,General Groceries,119,119,
7036,CHICCO 12M-6Y BUBBLE GUM TOTHPASTE 50 G,Stationery,179,179,
7037,CHICCO 12M-6Y STRAWBNERRY TOOTH PASTE 50 G,General Groceries,179,179,
7038,CHICCO 6M-6Y APPLE BANANA TOOTH PASTE 50 G,General Groceries,179,179,
704,HARIMA PALM SUGAR CANDY,Chocolates,50,50,
7040,CHICCO 12M-6Y MIXFRUIT TOOTH PASTE 50 G,General Groceries,179,179,
7041,LEVISTA COFFEE STRONG RS10,Beverages,10,10,
7042,PRAN POTATA BAR-B-QUE BISCUITS 25 G,Biscuits,10,10,
7043,PRAN POTATA CHEESE BISCUITS 25 G,Biscuits,10,10,
7044,PRAN POTATA CREAN & ONION BISCUIT 25 G,Biscuits,10,10,
7045,TATA GLUCO+ BERRY BLAST INSTA ENERGY 180 ML,General Groceries,10,10,
180,ML,General Groceries,10,10,
7047,TATA GLUCO+ JELLY ENERGY DRINK 150 ML,Beverages,10,10,
7048,TATA GLUCO+ SPORTS DRINK 180 ML,Soaps & Liquids,10,10,
7049,CONTINENTAL STRONG SUPER STRONG BLEND 50 G,General Groceries,180,180,
705,HARIMA NATURAL PALM CANDY,Chocolates,75,75,
7050,555 SCRUBE PAD STEEL,Household & Kitchen,15,15,
135,ML,General Groceries,239,239,
7052,FOGG ABSOLUTE 150 ML,General Groceries,299,299,
7053,FOGG DYNAMIC 150 ML,General Groceries,299,299,
7054,FOGG EXTREME 150 ML,General Groceries,299,299,
7055,FOGG MARCO 65 ML,General Groceries,150,150,
7056,FOGG NAPOLEON 65 ML,General Groceries,150,150,
7057,FOGG PARADISE 65 ML,General Groceries,150,150,
7058,FOGG ROYAL 65 ML,General Groceries,150,150,
7059,LOTUS MULTI COLOUR SAMBRANI  CUPS 25 N B1G1,Pooja Items,200,200,
7060,LOTUS DASANGAM SAMBRANI CUPS 5O N,Pooja Items,285,285,
7061,VIVEL ALOE VERA RS.10,General Groceries,10,10,
7062,MEERA GRAND RHINO 80 PAGES UNRULED FLEXI,General Groceries,56,56,
7063,MR.GOLD GROUNDNUT OIL 1LTR,Cooking Oil,215,215,
7064,KISSAN MIXED FRUIT JAM 500 G,Snacks,200,200,
7065,PONVANDU ACTIVE WASH 2 KG,General Groceries,330,330,
7066,PONVANDU LIQUID DETERGENT 1 L,Soaps & Liquids,99,99,
7067,GANESH SAMBA RAVA 500 G,Powders,81,81,
7068,MODERN CHOCO CHEER CAKE 55 G,Chocolates,20,20,
7069,MODERN VANILLA CAKE 55 G,Snacks,20,20,
707,SELVAM CITRON PICKLE 200GM,Powders,82,82,
7070,MODERN PINEAPPLE POP CAKE 55 G,Snacks,20,20,
7071,MODERN FRUIT FUSION CAKE 55 G,Snacks,20,20,
7072,MODERN CREM BITE MIXED FRUIT LAYER CAKE 25 G,Biscuits,10,10,
7073,GO STRONG MOSQUITO COIL,Bathroom,40,40,
7074,ENGAGE MAN M2 PERFUME 120 ML,General Groceries,230,230,
7075,ENGAGE MAN M4 PERFUME 120 ML,General Groceries,230,230,
7076,BINGO MAD ANGLES MYSTERY PICKLE 60 G,Snacks,20,20,
7077,NAVRATNA AYURVEDIC OIL 300 ML,General Groceries,230,230,
7078,ZED BLACK MALANG FLORA BATTI 18 G,General Groceries,15,15,
708,OTTER CAKE 7,Snacks,10,10,
7080,MSK SNACKS MASALA MURUKKU 200 G,Snacks,80,80,
7081,ASK ATHIRASAM 8 PCS,Powders,60,60,
7082,SUDHA MANGALA VAASAL POWDER 50GM,Powders,75,75,
7083,REYNOLDS GLUE STICK 6 G,Stationery,15,15,
7084,CELLO 0.7 MM FINE LEAD 10 NOS,General Groceries,5,5,
7085,VICTORYS ELITE ORID DHALL 1 KG,Dhall,150,150,
7086,WASO SCENTSATION 2 IN 1 BLUE DESIRE 800 ML,General Groceries,99,99,
7087,CADBURY SHOTS 2.RS,Chocolates,2,2,
7088,HORLICKS MOTHERS PLUS  KESAR 200 G,Beverages,299,299,
7089,777 GINGELLY OIL 200 ML,Cooking Oil,88,88,
709,OTTER ECLAIRS MILK,Chocolates,100,100,
7090,RK BADAM MILK,Snacks,30,30,
7091,SAARAL AMLA VITA CANDY 125 G,Chocolates,119,119,
7092,LAVIAN CHOKITO KRUNCHY 21 G,General Groceries,10,10,
7093,ANNAI ROASTED CASHEW NUTS 50 G,Snacks,50,50,
7094,DOVE HAIR FALL RESCUE SHAMPOO 180 ML,Shampoo,246,246,
25,G,General Groceries,70,70,
7096,LAKME SUN EXPERT SUNSCREEN 18 G,General Groceries,110,110,
7098,HEAD & SHOULDERS 7 IN 1 72 ML,Shampoo,89,89,
71,VIM RS.10/-,General Groceries,10,10,
7100,GILLETTE VENUS SIMPLY 4S,Soaps & Liquids,399,399,
7102,ARIEL PERFECT WASH 65 G,Soaps & Liquids,10,10,
7103,ARIEL PERFECT WASH 1 KG,Soaps & Liquids,179,179,
7104,PAMPERS RED M 4 PANTS,Baby Items,50,50,
7105,PAMPERS NEW BABY ADJUSTABLE FIT 24 N,Baby Items,399,399,
7106,CADBURY DAIRY MILK CRISPELLO 35 G,Chocolates,40,40,
7107,CADBURY DAIRY MILK CRISPELLO 13 G,Chocolates,10,10,
7108,ANNAI SPICY MUNTHIRI 20 G,Pooja Items,30,30,
7109,MILLET AKILAM VARAGU RICE 500 G,Rice,80,80,
711,SAKTHI APPALAM 200 GM,Powders,58,58,
7110,COCA COLA COKE 250 ML,Beverages,10,10,
7111,FANTA 250ML,Beverages,20,20,
7112,MILLET AKILAM KUTHIRAI VALI RICE 500 G,Rice,80,80,
7113,MILLET AKILAM SAMAI 500 G,General Groceries,80,80,
7114,MINUTE MAID PULPY ORANGE 250ML,Vegetables,24,24,
7115,MILLET AKILAM THINAI 500 G,General Groceries,80,80,
7116,COLGATE MAXFRESH BLUE 150 G,Soaps & Liquids,150,150,
7117,GILLETTE FOAM REGULAR 418 G,Soaps & Liquids,275,275,
7118,ODO FRESH LEMON AIR FRESHENER 100 G,Vegetables,80,80,
7119,ORAL B CAVITY DEFENCES BACTERIA,Soaps & Liquids,30,30,
712,MILO COCOA MALT BEVERAGE 180ML,General Groceries,45,45,
7120,BHN LADY CLEAN BROOM,Bathroom,330,330,
7121,MAT(BIG),General Groceries,60,60,
7122,MUGI MILA MATIC TOP LOAD 1L,General Groceries,99,99,
7123,CELLO POWER FINE BALL PEN,Stationery,20,20,
7124,CELLO JUNIOR FRUITY FOUNTAIN PEN,Stationery,50,50,
7125,CELLO ERASEMATE FOUNTAIN PEN ERASER,Stationery,25,25,
7126,CELLO CORRECTION PEN,Stationery,25,25,
7127,CELLO SUPER JUMBO 3 CARTRIDGE,General Groceries,10,10,
7128,CELLO SUPREME 0.7 MECHANICAL PENCIL,Stationery,10,10,
7129,MAYORA COFFEE JOY 78 G,Beverages,50,50,
7130,A2B CRUNCHY PERI PERI BANANA CHIPS 30 G,Snacks,20,20,
7131,A2B CRUNCHY BANANA CHIPS ONION 30 G,Snacks,20,20,
7132,A2B POTATO CHIPS SALTED 40 G,Snacks,25,25,
7133,A2B POTATO CHIPS CHILLI 40 G,Snacks,25,25,
7134,A2B CHOCO SOAN PAPDI 250 G,Chocolates,70,70,
7135,A2B SOAN PAPDI 250 G,Snacks,70,70,
7136,A2B ORANGE SOAN PAPDI 250 G,Snacks,70,70,
7137,A2B GULAB JAMUN 500 G,Snacks,120,120,
7138,A2B BUTTER MURUKKU 100 G,Snacks,45,45,
7139,A2B RIBBON PAKODA 45 G,General Groceries,20,20,
7140,A2B ANDHRA MURUKKU 40 G,Snacks,20,20,
7142,A2B SALTED PEANUT 17 G,Powders,5,5,
7143,A2B COCONUT SOAN PAPDI 100 G,Snacks,35,35,
7144,A2B ORANGE SOAN PAPDI 100 G,Snacks,35,35,
7145,KABIS TOMATO KETCHUP 1 KG,Vegetables,130,130,
7146,KABIS GREEN CHILLI SAUCE 700 G,Powders,83,83,
7147,OTTER WAFER TOWN CHOCO CREAM BUY1 GET 1 60 G,Chocolates,50,50,
7148,OTTER WAFER TOWN CHOCO WAFFER 60 G,Chocolates,20,20,
7149,DREAM CREME CHOCO VANILLA 45 G,Chocolates,10,10,
7150,7UP EXTRA FIZZ 400 ML,Beverages,20,20,
7151,DAIRY DAY JUNIOR CHOCO CONE 65 ML,Chocolates,25,25,
7152,MANNA BADAM MIX 200 G,Snacks,140,140,
7153,APPY APPLE JUICE DRINK 160ML,Beverages,10,10,
7154,MANNA RAGI MALT 200 G,General Groceries,140,140,
7155,TETLEY GREEN TEA LEMON & HONEY 10 N,Snacks,80,80,
7156,PARACHUTE AYURVEDIC COCONUT OIL 300 ML,Vegetables,264,264,
80,ML,General Groceries,82,82,
7158,SUNNAMBU,General Groceries,10,10,
7159,JEETH ACTION COCKROACH ANT KILLER,Bathroom,15,15,
716,RAJAM SUKKU COFFEE MIX,Beverages,5,5,
7160,VVD GOLD COCONUT OIL 150 ML,Cooking Oil,120,120,
7161,VVD GOLD AGMARK COCONUT OIL 450 ML,Cooking Oil,250,250,
7162,FORTUNE SUPER BASMATI RICE 1 KG BUY1 GET1,Rice,240,240,
7163,FORTUNE DOUBLE ROASTED SOJI RAWA 500 G,Cooking Oil,45,45,
7164,COLGATE STRONG TEETH 200 G +MAX FRESH FREE,Soaps & Liquids,149,149,
7165,MONKEY VVV WONDER WASH SOAP 180+60G,Soaps & Liquids,10,10,
7166,APPY FIZZ 250ML,General Groceries,20,20,
7167,B FIZZ 250ML,General Groceries,20,20,
7168,MILKY MIST PIZZA CHEESE MOZZARELLA 200 G,Beverages,140,140,
717,RAJAM SUKKU COFFEE MIX 50GM,Beverages,30,30,
7170,LAVIAN CUPPIES PINEAPPLE CUP CAKES 15 G,Snacks,5,5,
13,G,General Groceries,5,5,
7172,MILKYMIST CAPELLA DARK CHOCOLATE WAFER 13 G,Chocolates,10,10,
7173,PAALM SUPER REFINED PALMOLEIN OIL,Cooking Oil,158,158,
7174,MAAMIS KASHMIRI CHILLI POWDER 12 G,Powders,10,10,
7175,DOMS PALLADIUM PENCIL X-TRA SUPER DARK,Stationery,5,5,
7176,DOMS FIXY FIX GUM 20ML,Stationery,5,5,
7177,FLORALIS BY YARDLEY LONDON LOVE 10 G,General Groceries,65,65,
7178,FLORALIS BY YARDLEY KENTS LAVENDER 10 G,General Groceries,65,65,
7179,DAIRY DAY PISTA CONE,Snacks,25,25,
7180,BINGO OH KNOCKIN KOREAN 10.5 G,Snacks,5,5,
7181,VIVEL SANDAL SOFT & GLOWING SKIN 42 G,General Groceries,10,10,
7182,CANDYMAN CREME LACTO 418 G,Chocolates,110,110,
7184,ENGAGE VIBES PERFUME SET WOMAN 4X20ML,General Groceries,550,550,
7185,ENGAGE VERONA WOMAN EAU DE PARFUM 25 ML,General Groceries,249,249,
7186,BULL 97 LYCHEE 160 ML,General Groceries,12,12,
7187,MANGO POINT VIBE MANGO JUICE 200 ML,Beverages,12,12,
7188,LIFEBUOY WITH VITAMINS MILD CARE 100 G,Soaps & Liquids,40,40,
7189,BRITANNIA MILK BIKIS 160 G,Biscuits,30,30,
719,BRITANNIA GOBBLES,Biscuits,30,30,
7190,BRITANNIA MILK BIKIS 87 G,Biscuits,15,15,
7191,SWASTIKS GHEE 1L,Cooking Oil,915,915,
7193,SWASTIKS LIME PICKLE 5 KG,Powders,430,430,
7194,SWASTIKS CUT MANGO PICKLE 5 KG,Powders,430,430,
7195,SWASTIKS CITRON PICKLE 5 KG,Powders,430,430,
7196,FEMI TRIAL PACK 4N,General Groceries,75,75,
7198,KAVERI GOLD RICE 26 KG,Rice,2000,2000,
7199,DENVER HAMILTON BODY TALC 100 G,Soaps & Liquids,110,110,
7200,DENVER IMPERIAL BODY TALC 100 G,Soaps & Liquids,99,99,
7201,PASS PASS ROASTED DATES ROSE MINT 9 G,Snacks,5,5,
7202,DRY FRUITS,Snacks,50,50,
7203,VVS TIRUPTHI IDLY CHILLI POWDER 20 G,Powders,12,12,
7204,KWALITY WALLS CHOCO BAR 48 G,Chocolates,20,20,
7205,SWASTIKS GHEE 500 ML,Cooking Oil,10,10,
7206,NIVEA ALOE HYDRATION BODY LOTION 75 ML,Soaps & Liquids,110,110,
7207,NIVEA ALOE HYDRATION BODY LOTION 200 ML,Soaps & Liquids,275,275,
7208,yardley elegance,General Groceries,149,149,
7209,NIVEA NATURAL GLOW CELL REPAIR 200 ML,Soaps & Liquids,330,330,
7210,AAC GHEE 50 ML,Cooking Oil,55,55,
7211,TATA GLUCO JELLY DRINK 150 ML,Soaps & Liquids,10,10,
7212,A2B CHOCO SOAN PAPDI 100 G,Chocolates,35,35,
7213,ARIEL MATIC FRONT LOAD 2 L,Soaps & Liquids,365,365,
7214,LION CORN FLAKES WITH HONEY AND BADAM 400 G,Snacks,169,169,
7215,WHISPER CHOICE NIGHTS XXL 6 N,Napkin,55,55,
7216,NESTLE EVERY DAY DAIRY WHITENER 400 G,General Groceries,255,255,
7217,ZED BLACK LA RIVA INCENSE STICKS 90 G,Pooja Items,60,60,
7218,ZED BLACK CHARLIE INCENSE STICKS 90 G,Pooja Items,60,60,
7219,ZED BLACK NO 1 CHAMPA INCENSE STICKS 120 G,Pooja Items,65,65,
7220,PARACHUTE ALOE VERA 300 ML,General Groceries,144,144,
7221,HIDE & SEEK VANNILA CREME SANDWICHES 125 G,Biscuits,40,40,
7223,HIDE & SEEK CHOCOLATE CREME SANDWICHES 125 G,Chocolates,36,36,
7224,NIPPO RECHARGEABLE MOSQUITO SWATTER,Bathroom,599,599,
7225,CLOSEUP 17 G,General Groceries,10,10,
7226,CLOSEUP 2 X 150 G,General Groceries,244,244,
7227,MILKY MIST MANGO YOGURT 100 G,Beverages,30,30,
7228,MILKY MIST BLUEBERRY YOGURT 100 G,Beverages,30,30,
7229,MILKY MIST PEACH YOGURT 100 G,Beverages,30,30,
723,RANGEELA 12 COLOURS 20RS,General Groceries,20,20,
7230,MILKY MIST STRAWBERRY YOGURT 100 G,Beverages,30,30,
7231,NATARAJ HIDEY PENCILS BOX,Household & Kitchen,70,70,
7232,APSARA POP EXTRA DARK PENCIL BOX,Household & Kitchen,60,60,
7233,RAAJ MR.CLEAN COLOR PINEOIL 1L,General Groceries,87,87,
7234,MILKYMIST CURD 10/-,Beverages,10,10,
7235,SURUL PATTAI 25G,Powders,55,55,
7236,DOMEX 10/-,Bathroom,10,10,
7239,BVT MORINGA LEAF IDLY POWDER 100 G,Powders,55,55,
724,ZED BLACK 3 IN 1,General Groceries,6,6,
7240,BVT MUDAKATHAN IDLY POWDER 100 G,Powders,55,55,
7241,HAMAM NEEM & TULSI 35 G,Soaps & Liquids,10,10,
7242,MILKY BAR CHOO BUBBLEGUM  10 G,Chocolates,5,5,
7243,MILKYMIST LASSI BLUEBERRY,Beverages,35,35,
7244,BRITANNIA `CHEESE CUBES 200 G,Biscuits,130,130,
7245,BRITANNIA CHEESE SLICES 180 G,Biscuits,140,140,
7246,BRITANNIA CHEESE SLICES 90 G,Biscuits,80,80,
7247,KABIS SOYA SAUCE 700 G,Powders,83,83,
7249,A ONE DINAMO FLOOR CLEANER 200 ML,Bathroom,48,48,
725,SPONGE RS.10/-,General Groceries,10,10,
7250,A ONE DISHWASH BAR 60 G,General Groceries,5,5,
7251,A ONE DISH WASH GEL 250 ML+50 ML FREE,General Groceries,55,55,
7252,SAPPHIRE SECRETS DELUXE TOFFEES 100 UNITS,Chocolates,100,100,
7253,LOVE CANDY JAR 600 UNITS,Chocolates,600,600,
7255,DOMS CD MARK MARKER PEN,Stationery,10,10,
7256,DOMS WHITENER 3 ML,General Groceries,15,15,
7257,DOMS MY 1ST PENCIL KIT,Stationery,15,15,
7258,DOMS WAX CRAYONS 10 SHADES,Stationery,10,10,
7259,DOMS MINI ERACER,General Groceries,5,5,
7260,ACT II MAGIC BUTTER 30G,General Groceries,10,10,
7261,ACT II GOLDEN SIZZLE 38G,General Groceries,10,10,
7262,ACT II POPCORN CLASSIC  SALTED 38G,Snacks,10,10,
7264,DOMS OIL PASTELS 12 SHADES,Cooking Oil,20,20,
7265,DOMS TEMPERA COLOURS 6 SHADES,General Groceries,10,10,
7266,DOMS TEMPERA COLOURS 12 SHADES,General Groceries,20,20,
7267,AACHI CORIANDER POWDER 500 G,Powders,10,10,
7268,RAJA HERBAL SAKTHI TOOTH POWDER 50 G,Powders,40,40,
7269,GALA NO DUST BROOM XL,Bathroom,210,210,
727,BRITANNIA MUFFILLS CHOCO,Chocolates,10,10,
7270,GALA NO DUST BROOM 2 IN 1,Bathroom,310,310,
7271,GALA SUPER SCRUB 2 IN 1,General Groceries,45,45,
7272,GALA DUSTPAN,General Groceries,90,90,
7273,AIRLIA DETERGENT SOAP 300 G,Soaps & Liquids,25,25,
7274,PEPSI 400 ML EXTRA FIZZ,Beverages,20,20,
7275,GODREJ 5 MINUTE HAIR COLOUR SHAMPOO RS25,Shampoo,30,30,
7276,MOHAN SWEETS PEANUT CANDY,Chocolates,30,30,
7277,MOHAN SWEETS ELLU CANDY,Chocolates,30,30,
7278,MAGGI PAZZTA MUSHROOM PENNE  68.5 G,Powders,35,35,
7279,STAR SOMBU SWEET CANDY 70 G,Chocolates,24,24,
728,PARACHUTE JASMINE 90ML,General Groceries,43,43,
7280,STAR MASALA CANDY 70 G,Chocolates,24,24,
7281,CINTHOL HEALTH+ 48G,Soaps & Liquids,10,10,
7282,STAR SWEET KARONDA CHERRY 70 G,Snacks,40,40,
7283,STAR TUTTI FRUIT 50 G,Vegetables,26,26,
7284,PARACHUTE OIL RS20/-,Cooking Oil,20,20,
7285,STAR DRY ROASTED PEPPER CASHEW 100 G,Snacks,180,180,
7286,SAKTHI TURMERIC POWDER 50G,Powders,23,23,
7287,STAR DRY ROASTED CHILLI CASHEW 100 G,Snacks,180,180,
7288,STAR NUT MIX HONEY 250 G,Snacks,160,160,
7289,SAKTHI TURMERIC POWDER 100G,Powders,47,47,
7291,A2B RASGULLA 500 G,General Groceries,125,125,
7292,SAKTHI CHILLI POWDER 100G,Powders,51,51,
7293,SAKTHI CHILLI POWDER 200G,Powders,83,83,
7294,FORTUNE GROUNDNUT OIL 1 L BOTTLE,Cooking Oil,245,245,
7295,VVD GOLD COCONUT OIL 20ML BOTTLE,Cooking Oil,20,20,
7296,VVD GOLD COCONUT OIL 10ML BOTTLE,Cooking Oil,10,10,
7297,GONE MAD STRAWBERRY STICK 14 N,General Groceries,70,70,
7298,GONE MAD CASHEW MITHAI STICK 14 N,Snacks,70,70,
7299,GONE MAD VANILLA STICK 14 N,General Groceries,70,70,
73,CAPELLA STICK 80ML,General Groceries,35,35,
7300,PARLE HIDE & SEEK WITH ADDED ALMONDS 100 G,Biscuits,27,27,
7301,KAPRIKA TRUFFLES HEART CHOCO CRISPS 25 G,Chocolates,60,60,
7302,KAPRIKA TRUFFLES CHOCO CRISPS 62.50G,Chocolates,150,150,
7303,KAPRIKA TRUFFLES HEART CHOCO CRISPS 62.50 G,Chocolates,150,150,
7304,SAKTHI CHILLI POWER 500G,Powders,230,230,
7305,KAPRIKA TRUFFLES CHOCO CRISPS 100 G,Chocolates,240,240,
7306,SAKTHI CORIANDER POWDER 100G.,Powders,36,36,
7307,KAPRIKA TRUFFLES CHOCO CRISPS ROUND 100 G,Chocolates,240,240,
7308,COLGATE ACT SALT 46G,Powders,20,20,
7309,KAPRIKA TRUFFLES CHOCO CRISPS 400 G,Chocolates,400,400,
731,CERELAC 5 GRAINS & FRUITS,Baby Items,339,339,
7310,KAPRIKA TRUFFLES CHOCO CRISPS ELLIPSE 125 G,Chocolates,300,300,
7311,KAPRIKA TRUFFLES CHOCO CRISPS BOX 150 G,Chocolates,360,360,
7312,SAKTHI CHICKEN MASALA 50G,Powders,25.5,25.5,
7313,KAPRIKA TRUFFLES CHOCO CRISPS HEART 200 G,Chocolates,400,400,
7314,RAINBOW GOLD ECLAIRS ELAICHI 175 G,Chocolates,50,50,
7315,PONDS DREAM 100G,Soaps & Liquids,125,125,
7316,RAINBOW GOLD ECLAIRS ALMOND 175 G,Chocolates,50,50,
7317,CLEAN INDIA MEDIUM GARBAGE BAGS 48X56,Bathroom,90,90,
7318,DAIRY DAY CHOCO CURRANT TRIPLE BAR 70 ML,Chocolates,40,40,
7319,DAIRY DAY JUNIOR SUNDAE CHOCOLATE 100 ML,Chocolates,40,40,
732,KISSAN FRESH TOMATO KETCHUP 500GM,Vegetables,115,115,
7320,DAIRY DAY JUNIOR BUTTER SCOTCH CONE 65 ML,General Groceries,25,25,
7321,CINTHOL ORIGINAL RS.10,Soaps & Liquids,10,10,
7322,DAIRY DAY JUNIOR SUNDAE MANGO 100 G,Vegetables,35,35,
7323,DAIRY DAY ROSE MILK ICE 50 ML,Beverages,25,25,
7324,DAIRY DAY ARABIAN FANTASY CONE 65 ML,Beverages,25,25,
7325,DAIRY DAY BADA CUP STRAWBERRY CUP 80 ML,General Groceries,20,20,
7326,DAIRY DAY SPINNO BUTTER SCOTCH CUP 70 ML,General Groceries,30,30,
7327,DAIRY DAY ALPHONSO MANGO 50 ML,Vegetables,25,25,
7328,SSR BOMBAY MIXTURE,Snacks,80,80,
7329,SSR MILAKA CANDY,Chocolates,10,10,
733,DOMEX BLOCKS ODOUR LIME FRESH,Bathroom,102,102,
7330,KAYAL GHEE 200 G,Cooking Oil,10,10,
7331,V CHEKKU GROUNDNUTOIL 500ML,Cooking Oil,175,175,
7332,V GINGELLY OIL 500 G,Cooking Oil,260,260,
7333,V COCONUT OIL 500 ML,Cooking Oil,300,300,
7334,VPR GOLD COCONUT OIL 500 ML,Cooking Oil,230,230,
7336,VASELIINE ALOE FRESH,General Groceries,115,115,
7337,V COCONUT OIL 200 G,Cooking Oil,120,120,
7338,MOHAN SWEETS MIXTURE CANDY,Chocolates,30,30,
7339,MILKY MIST COOKIE CREAM 125 ML,Cookies,45,45,
734,KISSAN PEANUT BUTTER CREAMY 100GM,Snacks,50,50,
7340,PONDS DREAMFLOWER TALCUM POWDER 50G,Powders,65,65,
7341,NALLAS GOLDD COCONUT OIL 200 MML,Cooking Oil,190,190,
7342,MILKY MIST MANGO LASSI 200 ML,Beverages,35,35,
7343,MILKY MIST TABLE BUTTER SALTED 200 G,Powders,148,148,
7344,MILKY MIST CREAM CHEESE 200 G,Beverages,190,190,
7345,MILKY MIST CURD 85 G,Beverages,12,12,
7346,MILKY MIST CUP CURD 400 G,Beverages,60,60,
7347,MILKY MIST PANEER 200 G,Beverages,150,150,
7348,SUNSILK SHAMPOO BLACK SHINE RS1,Shampoo,1,1,
7349,MILKY MIST FRESH PANEER 200 G,Beverages,135,135,
7350,MILKY MIST CURD POUCH 425 G,Beverages,42,42,
7351,A2B THATTAI 200 G,Powders,90,90,
7352,A2B PEPPER SEVU 200 G,Snacks,80,80,
7353,CLINIC PLUS S&L SHAMPOO RS1,Shampoo,1,1,
7355,A2B DAL MIXTURE 200 G,Snacks,100,100,
7356,A2B FRIED MOONG DAL 225 G,Dhall,70,70,
7358,A2B BUTTER MURUKKU 200 G,Snacks,90,90,
7359,A2B ANDHRA MURRUKKU 200 G,General Groceries,90,90,
7360,A2B SEEDAI 200 G,General Groceries,90,90,
7361,A2B SPECIAL MIXTURE 200 G,Snacks,125,125,
7362,A2B MULLU MURUKKU 200 G,Snacks,90,90,
7363,A2B HAND MURUKKU 200 G,Snacks,100,100,
7364,GREENS ORANGE PEEL TAN REMOVAL SCRUB 50 ML,Vegetables,99,99,
7366,THILLAI AGMARK SAMBAR POWDER 50G,Powders,33,33,
7367,GREENS CHARCOAL PEEL OF MASK 50 ML,General Groceries,149,149,
7368,UNIX HAIR REPAIR SERUM 50 ML,General Groceries,159,159,
7369,UNIX HAIR STYLING SERUM 50 ML,General Groceries,159,159,
737,VIBRO 500ML,General Groceries,40,40,
7370,PARACHUTE COCONUT OIL 38 ML,Cooking Oil,20,20,
7371,CINTHOL ORIGINAL SUPER SAVER PACK 150G 4N,Soaps & Liquids,255,255,
7372,HAMAM NEEM AND TULSI 150 G,Soaps & Liquids,62,62,
7373,SURF EXCEL MATIC EXPRESS 900 ML,Soaps & Liquids,169,169,
7374,SUNDA VATHTHAL 100G,General Groceries,60,60,
7375,ORAL B SENSITIVE & GUMS 2N,Soaps & Liquids,280,280,
7376,GILLETTE FUSION 5 WITH STYLING BLACK BLADE,Soaps & Liquids,425,425,
7379,WHISPER PERIOD PANTY M-L 60-100 CM 2 PANTS,Napkin,99,99,
7380,WHISPER PERIOD PANTY L-XL 100-140 CM 2 PANTS,Napkin,99,99,
7381,WHISPER CHOICE XL 12 PADS FRESH SCENT,Napkin,75,75,
7382,TIDE LIQUID MACHINE & HANDWASH 70 ML,Soaps & Liquids,10,10,
7383,CANDYMAN FRUITEE FUN 245 G,Chocolates,70,70,
7384,MTR HING 50 G,Powders,10,10,
7385,MANGALDEEP FLORA JAPANESE BLOSSOM 14 G,Pooja Items,10,10,
7386,SUNSILK BLACK SHINE SHAMPOO 80ML,Shampoo,79,79,
7387,FIAMA GELBAR PEACH & AVOCADO 75 G,General Groceries,40,40,
7388,ARIEL MATIC TOP LOAD 500 ML,Soaps & Liquids,99,99,
7389,ARIEL MATIC FRONT LOAD 500 ML,Soaps & Liquids,105,105,
739,PARACHUTE 30ML,General Groceries,10,10,
7390,FOREST KASTURI,General Groceries,25,25,
7391,GOOD KNIGHT ..,Bathroom,325,325,
7392,HORLICKS 1KG .,Beverages,600,600,
7393,VIP HAIR COLOUR SHAMPOO 10ML,Shampoo,24,24,
7394,KOLOR SUPER CLAY,General Groceries,60,60,
7395,OPENER,General Groceries,15,15,
7396,JETTA THAMARAI  CAMBHOR 25 G,General Groceries,50,50,
7397,JETTA THAMARAI CAMBHOR 50 G,General Groceries,100,100,
7398,SODA SALT 500GM,Powders,50,50,
7399,SUNPURE KACHI GHANI MUSTARD OIL 1 L,Powders,210,210,
74,VANILLA CAKE 140G,Snacks,60,60,
7401,ZED BLACK PREMIUM INCENSE STICKS  3 IN 1 55 G,Pooja Items,35,35,
7402,ZED BLACK PREMIUM INCENSE STICKS 3 IN 1 12 G,Pooja Items,10,10,
7404,ZED BLACK IKSHA KESAR ROSE INCENSE STICK 15 G,Pooja Items,12,12,
7405,ZED BLACK NATURAL SAMBRANI CUPS 2PCS,Pooja Items,15,15,
7406,MADURAI MEENAKSHI APPALAM,Powders,60,60,
7407,OTTER WAFER TOWN STRAWBERRY WAFERS 60 G,General Groceries,50,50,
7408,OTTER WAFER TOWN STRAWBERRY WAFER 12 G,General Groceries,5,5,
7409,HIMALAYA BABY BAR WITH PURE COW GHEE 75 G,Baby Items,180,180,
7411,HIMALAYA HYDRATING ALOE VERA FACE WASH 50 ML,Soaps & Liquids,95,95,
7412,DAIRY MILK 18 G,Chocolates,20,20,
7413,OREO CHOCO CREAM FAMILY PACK 275 G,Chocolates,98,98,
7414,OREO ORIGINAL VANNILA FAMILY PACK 275 G,Biscuits,88,88,
7415,MEERA SHAMPOO WITH SHIKAKAI & BADAM 45 ML,Shampoo,15,15,
7416,KARTHIKA SHAMPOO 35 ML,Pooja Items,10,10,
7418,SPINZ EXOTIC PERFUMED TALC 50 G,Soaps & Liquids,55,55,
7419,MYSORE SANDAL BABY SOAP 75 G,Baby Items,45,45,
742,GILLETTE VECTOR 3,Soaps & Liquids,175,175,
7420,JAY EC WASH DETERGENT 4KG,Soaps & Liquids,249,249,
7421,MAGGI KOREAN BBQ CHICKEN 90 G,Powders,60,60,
7422,MAGGI SPECIAL MASALA NOODLES 70 G,Powders,20,20,
7423,MAGGI VEGGIE MASALA NOODLES 62 G,Powders,15,15,
7424,NESTLE MILKMAID POUCH 190 G,Beverages,89,89,
7425,AVT GOLD CUP 100 G,General Groceries,90,90,
7426,MIRINDA 1L,Beverages,50,50,
7427,MODERN MILK RUSH 59 G,Beverages,10,10,
7428,MODERN CREM BITE VANILLA 25 G,Biscuits,10,10,
7429,SAMBANDHI BLACK ELLU 50G,General Groceries,14,14,
743,SURF EXCEL RS.10/-,Soaps & Liquids,10,10,
7430,KOLO MILK RUSK 180 G,Biscuits,35,35,
7431,BRU INSTANT 25 G,Beverages,45,45,
7432,HIFI CASHEW COOKIES 30G,Cookies,4.5,4.5,
7433,ORAL B MEDIUM BACTERIA FIGHTER,Soaps & Liquids,30,30,
7434,GILLETTE PRESTO 4+1 FREE RAZOR,Soaps & Liquids,100,100,
7435,ARIEL MATIC TOP LOAD 2 L,Soaps & Liquids,329,329,
7436,PAMPERS BLUE XL 2 PANTS,Baby Items,40,40,
7437,MARIO MILK RUSK 65 G,Biscuits,10,10,
7438,DOMS ZOOM ULTIMATE DARK PENCIL,Stationery,6,6,
7439,GOLD WINNER 500 ML,Cooking Oil,105,105,
744,BRIT GOOD DAY,Biscuits,5,5,
7440,DOMS POSTER COLOUR 6 SHADES,General Groceries,100,100,
7441,ALHIZA PERFUMES 6ML,General Groceries,80,80,
7442,MILKY MIST PRO BIOTIC CURD 200 G,Beverages,33,33,
7443,MONKEY VVV SNOWY SOAP 200 G,Soaps & Liquids,10,10,
7444,PACHA KARPOORAM 25G,Pooja Items,50,50,
7445,MILKY MIST COOKIES O CREAMIE 500 ML,Cookies,160,160,
7446,AACHI MUTTON MASALA 10RS,Powders,12,12,
7447,COLGATE VISIBLE WHITE PURPLE 60 G,Soaps & Liquids,79,79,
7448,KWALITY WALLS SUNDAE VANILLA 100 ML,Ice Cream,40,40,
7449,GILLETTE SHAVING FOAM MENTHOL 196G,Soaps & Liquids,270,270,
7450,GILLETTE MACH3 CHARCOAL ..,Soaps & Liquids,349,349,
7451,7UP TIN 300 ML,Beverages,40,40,
7452,TATA TEA CHAKRA GOLD HOTEL SPECIAL 1 KG,Beverages,550,550,
7453,TATA TEA CHAKRA GOLD 500 X 2 UNITS,Beverages,696,696,
7455,HORLICKS MILKSHAKE WITH BADAM 125 ML,Snacks,19,19,
7456,kangaro stapler pin no.10-1m mrp.7,Stationery,12,12,
7457,IVN COCONUT OIL 1 L POUCH,Cooking Oil,410,410,
7458,BLUUM TOILET CLEANER 500 ML,Bathroom,99,99,
7459,BLUUM DISHWASH 230 ML+  SCRUB BAD,General Groceries,55,55,
7460,BLUUM STAINLESS STEEL SCRUB,Bathroom,15,15,
7461,HERSHEYS COOKIESB N CREME CHOCO TUBES 21 G,Chocolates,20,20,
7462,GAVI GLASS CLEANER 500ML,Bathroom,120,120,
7463,COLGATE KIDS BRUSH,Soaps & Liquids,18,18,
7464,777 TOMATO SAUCE I KG,Powders,95,95,
7465,777 GREEN CHILLI SAUCE 680 G,Powders,86,86,
7466,777 DARK SOYA SAUCE 700 G,Powders,86,86,
7467,KITCHEN WIPER,Bathroom,40,40,
7468,777 GULAB JAMUN INSTANT MIX 160 G,Snacks,140,140,
7469,FIGO FOUNTAIN ERASER,Stationery,30,30,
7470,FIGO ROBOTIC FOUNTAIN PEN,Stationery,50,50,
7471,FIGO ALICE BALL PENS,Stationery,10,10,
7472,FIGO 0.7MM CHROME PENCILS,Stationery,25,25,
7473,KALAIYAN MILK KOVA 250 G,Beverages,90,90,
7474,KALAIYAN MILK KOVA 100 G,Beverages,40,40,
7475,DENVER BLAZE 150 ML,General Groceries,230,230,
7476,DENVER ACE 165 ML,General Groceries,230,230,
7477,APIS ARABIAN PEARLS 250 G,General Groceries,149,149,
7478,SUDHA MANGALA VAASAL POWDER 15 G,Powders,35,35,
7479,TIDE JASMINE & ROSE DETERGENT 500G,Soaps & Liquids,69,69,
7480,BRITANNIA BOUR BON 25RS,Biscuits,20,20,
7481,DOVE DANDRUFF CARE SHAMPOO 75 ML,Shampoo,102,102,
7482,PARK AVENUE COOL BLUE DEO SPRAY,General Groceries,225,225,
7483,DOVE INTENSIVE REPAIR SHAMPOO 75 ML,Shampoo,102,102,
7484,GLOW AND LOVELY BRIGHT GLOW FACE WASH 50 G,Soaps & Liquids,85,85,
7485,ODO FRESH SANDAL AIR FRESHENER 100 G,Bathroom,80,80,
7486,MENS GLOW & HANDSOME IB 25G,General Groceries,90,90,
7487,ODO FRESH LAVENDER AIR FRESHENER 100 G,Bathroom,80,80,
7488,ODO FRESH JASMINE AIE FRESHENER 100 G,General Groceries,80,80,
7489,FUNDA LEMON CHASKAA CANDY,Chocolates,1,1,
749,HIDE & SEEK STRAWBERRY SANDWISHES,Biscuits,30,30,
7490,JAY EC WASH 500 ML,General Groceries,135,135,
7491,JAY EC WASH MATIC LIQUID 120 ML,General Groceries,10,10,
7492,JAY EC WASH DISHWASH LEMON SALT 200 G,Powders,30,30,
7493,LAYERR WOTTAGIRL SPELL BOUND 135 ML,General Groceries,239,239,
7494,LATERR WOTTAGIRL PURE PARADISE 135 ML,General Groceries,239,239,
7495,LAYERR WOTTAGIRL CHAMPACA DELIGHT 135 ML,General Groceries,239,239,
7496,LAYERR SHOT IMPERIAL 50 ML,General Groceries,111,111,
7497,LAYERR SHOT ICONIC 50 ML,General Groceries,111,111,
7498,MUNTHIRI (MULLU) 500G,Pooja Items,490,490,
7499,TOWN BUS BUTTER MURUKKU 135 G,Snacks,65,65,
750,HIDE & SEEK VANILLA SANDWISHES,Biscuits,30,30,
7500,TOWN BUS SOYA STICKS 110 G,General Groceries,50,50,
7501,TOWN BUS RICE KODUBALE 135 G,Rice,65,65,
7503,GRB GHEE 500ML,Cooking Oil,490,490,
7504,WHISPER CHOICE NIGHTS XXL 16PADS,Napkin,150,150,
7505,GRB GHEE 1L,Cooking Oil,996,996,
7506,PARLE JAM-IN MIXED FRUIT 50 G,Biscuits,10,10,
7507,KOVILPATTI PEANUT CANDY,Chocolates,5,5,
7509,CYCLE SUGANDHA MALLIKA 200 G,Pooja Items,110,110,
7511,CYCLE PURE AGARBATHI 20 PCS,Pooja Items,25,25,
7512,KAANAPAYARU 1 KG,Dhall,70,70,
7513,NARASUS SUKKU MALLI POWDER 50 G,Powders,25,25,
7514,NARASUS SUKKU MALLI POWDER 10 G,Powders,5,5,
7515,DOVE INTENSE REPAIR CONDITIONER 72 ML,Shampoo,120,120,
7516,GLOW & HANDSOME INSTANT BRIGHTNESS 50 G,General Groceries,105,105,
180,ML,General Groceries,209,209,
7518,BEEMAS HEALTH MIX 500KG,General Groceries,242,242,
7519,TRDP MARIO DUNKIN RUSK,Biscuits,65,65,
7520,RETTAIYANAI JEERA RICE 5KG,Rice,480,480,
7521,RETTAIYANAI JEERA RICE 10KG,Rice,910,910,
7522,RANGO JUICE,Beverages,35,35,
7523,GOKUL ROSE&JOJOBA,General Groceries,42,42,
7524,GOKUL NEEM &TULSI,General Groceries,42,42,
7525,GOKUL RED SANDAL &TURMERIC,Powders,42,42,
7526,NEW SOFTOUCH BLACK,General Groceries,99,99,
7527,COMFORT MORNING FRESH 400ML,Soaps & Liquids,99,99,
7528,HAMAM NEEM &TULSI 100GM,Soaps & Liquids,36,36,
7529,INDULEKHA AYURVEDIC SOAP 100GM,Shampoo,99,99,
753,3 ROSES NATURAL CARE 250GM,Beverages,245,245,
7530,LIFEBUOY LEMON ALOE FRESH,Vegetables,10,10,
7531,LIFEBUOY MILD CARE,Soaps & Liquids,10,10,
7532,LIFEBUOY NEEM &ALOE,Soaps & Liquids,10,10,
7533,KISSAN SWEET &SPICY,Snacks,38,38,
7534,DOMS MODELLING DOUGH,General Groceries,40,40,
7535,DOMS COLOUR PENCIL,Stationery,30,30,
7536,DOMS COLOUR PENCIL 12SHADES,Stationery,60,60,
7537,JATHIPATHIRI 25GM,Pooja Items,100,100,
7538,KISSAN NO ONION NO GARLIC TOMATO SAUCE 415 G,Powders,80,80,
7539,RIN MATIC TOP LOAD 1 L,Soaps & Liquids,99,99,
754,CLINIC PLUS STRONG & LONG..,Shampoo,149,149,
7540,SUNFEST MOMS MAGIC SHINES,General Groceries,9,9,
7541,SUNFEAST MOMS MAGIC SHINE,Biscuits,35,35,
7542,MUGI ACTIVE WASH LIQUID 80ML,General Groceries,10,10,
7543,MANGALDEEP NATURE,Pooja Items,60,60,
7544,MITSU PLAST WASH PROOF BANDAGE,General Groceries,3,3,
7545,ICY BASIL ORANGE 250ML,Vegetables,30,30,
7546,CHIAZY PINEAPPLE 250 ML,General Groceries,30,30,
7547,CHIAZY CRANBERRY 250 ML,General Groceries,30,30,
7548,CADBURY FUSE 43 G,Chocolates,45,45,
7549,CADBURY 3D 5 STAR 40 G,Chocolates,45,45,
7550,ENGAGE M3 PERFUME SPRAY,General Groceries,225,225,
7551,MAGGI CHILLY CHOW CUPPA NOODLES 70 G,Powders,50,50,
7552,ENGAGE PERFUME SPRAY W1,General Groceries,230,230,
7553,NESTLE KITKAT CHUNKY 40 G,Chocolates,70,70,
7554,VIKATAN DEEPA OIL 200 ML,Cooking Oil,80,80,
7555,VIKATAN DEEPA OIL 500 ML,Cooking Oil,160,160,
7556,DAIRY DAY VANNILA PAAL ICE 50 ML,General Groceries,25,25,
7557,DAIRY DAY TRIPLE BAR CHOCO STICK 70 ML,Chocolates,40,40,
7558,LION DATESNUT BITES,Biscuits,25,25,
7559,MIRINDA 400 ML,Beverages,20,20,
756,CLINIC PLUS .,Shampoo,76,76,
7560,B FIZZ 160 ML,General Groceries,10,10,
7561,FROOTI 2L,Beverages,130,130,
7562,BABY LOBAN CUP SAMBIRANI 30 CUPS,Baby Items,180,180,
7563,BABY LOBHAN CUP SAMBRANI 12 CUPS,Pooja Items,180,180,
7564,GILLETTE MACH3 TURBO 3BLADED FLEXIBALL RAZOR,Soaps & Liquids,399,399,
7565,GILLETTE GUARD RUST GUARD 7+1 CATRIDGE,Soaps & Liquids,126,126,
7567,VVD GOLD COCONUT OIL 400 ML,Cooking Oil,300,300,
7568,VVD GOLD COCONUT OIL 200 ML,Cooking Oil,160,160,
7569,CLOSEUP WHITENING PURPLE 100 G,General Groceries,160,160,
7571,GLOW & LOVELY AYURVEDIC CARE 50 G,Soaps & Liquids,165,165,
7572,MILKYMIST CURD 500L,Beverages,40,40,
7573,MAHIL VETTIVER SOAP 75GM,Soaps & Liquids,60,60,
7574,MEERA GRAND RHINO UNRULED BOUND 160PG,General Groceries,130,130,
7575,KARUPPU KAVUNI CANDY,Chocolates,10,10,
7576,ENGAGE MAN URGE 50 ML,General Groceries,80,80,
7577,ENGAGE MAN RUSH 50 ML,General Groceries,80,80,
7578,FIAMA GEL M&M SOAP 125G,Soaps & Liquids,95,95,
7579,BINGO BUTTER & GARLIC 22 G,Snacks,10,10,
758,PONDS LIGHT MOISTURISER,Soaps & Liquids,15,15,
7580,BINGO TEDHE MEDHE MASALA TADKA 38 G,Snacks,10,10,
7581,PONVANDU LIQUID DETERRGENT 5 L,General Groceries,399,399,
7583,HIMALAYA GENTLE DAILT CARE CONDITIONER 80 ML,Shampoo,90,90,
80,ML,General Groceries,90,90,
7586,V.K.D RAVAA LADDU 6PCS,Snacks,60,60,
7587,V.K.D  RAVAA LADDU 12PCS,Snacks,120,120,
7588,SSR ROASTED CHICKPEAS .,General Groceries,70,70,
7589,SSR ROASTED PEAS 200 G,Dhall,70,70,
759,DOVE FRESH MOISTURE SOAP,Soaps & Liquids,67,67,
7591,NAT HABIT FIVE OIL HIBISCUS CONDITIONER 150ML,Shampoo,283,283,
7592,NAT HABIT TRI LEAF ROSEMARY CONDITIONER 60ML,Shampoo,120,120,
7593,NAT HABIT FIVE OIL HIBISCUS CONDITIONER 60ML,Shampoo,130,130,
7594,NAT HABIT TRI LEAF ROSEMARY SHAMPOO 250ML,Shampoo,353,353,
7595,NAT HABIT FIVE OIL HIBISCUS SHAMPOO 250 ML,Shampoo,363,363,
7596,NAT HABIT TRI  LEAF ROSEMARY SHAMPOO 125 ML,Shampoo,175,175,
7597,NAT HABIT FIVE OIL HIBISCUS SHAMPOO 125 ML,Shampoo,185,185,
76,ELITE MAIDA 200GM,Powders,10,10,
760,CADBURY BOURNVILLE FRUIT&NUT,Chocolates,110,110,
7600,NAT HABIT BRIGHTENING UBTAN FACE WASH 100 G,Soaps & Liquids,269,269,
7601,NAT HABIT BRIGHTENING UBTAN FACE WASH 50G,Soaps & Liquids,135,135,
7602,REYNOLDS JIFFY BLUE GEL PEN,Stationery,7,7,
7603,REYNOLDS RACER GEL BLUE PEN,Stationery,10,10,
7604,REYNOLDS RACER GEL BLACK PEN,Stationery,10,10,
7605,KARUPPU KAVUNI RICE 1 KG,Rice,200,200,
7606,SUNFEAST LAYERED CAKES 14.1G,Biscuits,5,5,
50,G,General Groceries,54,54,
7608,KALIMARK SALTY LEMON 200 ML,Powders,12,12,
761,ZED BLACK CAMPHOR 50G,Pooja Items,90,90,
7610,ORAL B CRISSCROSSTEETH WHITENS SOFT 2PCS,Soaps & Liquids,125,125,
7611,ORAL B TOM & JERRY KIDS BRUSH,Soaps & Liquids,79,79,
7612,HEAD & SHOULDERS DANDRUFF DEEP CLEANSE 72 ML,Shampoo,89,89,
7613,HERSHEYS CREAMY MILK 100 G,Chocolates,140,140,
7614,HERSHEYS KISSES ALMOND 100 G,Chocolates,170,170,
7615,HERSHEYS COCOA POWDER 225 G,Chocolates,395,395,
7616,HERSHEYS STRAWBERRY 623 G,Chocolates,265,265,
7617,HERSHEYS CARAMEL  SYRUP 623 G,Chocolates,200,200,
7618,MANGALDEEP NATURE GREEN FOREST 62 G,Pooja Items,60,60,
7619,OM NATURAL CUP SAMBIRANI,General Groceries,96,96,
762,LOTTE CHOCO PIE 4 PACKS,Chocolates,50,50,
7620,VIVEL SANDAL SOFT & GLOWING SKIN 100 G,General Groceries,30,30,
7621,SUNFEAST MOMS MAGIC 28 G,Biscuits,5,5,
7622,APIS HIMALAYA HONEY 1KG 1+1,Snacks,499,499,
7623,SEENI AVARAKKAI VATHTHAL 100G,General Groceries,20,20,
7624,A2B MINI THENKUZHAL MURUKKU 200 G,Snacks,90,90,
7625,A2B PEPPER THATTAI 200 G,Powders,100,100,
7626,A2B MADRAS MIXTURE 200 G,Snacks,100,100,
7627,WHISPER ULTRA BINDAZZ NIGHTSS XXL 45 PADS,Napkin,540,540,
7628,PAMPERS BABY DRY S 5 PANTS,Baby Items,89,89,
7629,PAMPERS BABY DRY M 5 PANTS,Baby Items,105,105,
763,VVV GINGELLY OIL 500ML,Cooking Oil,196,196,
7630,PAMPERS BABY DRY L 5 PANTS,Baby Items,115,115,
7631,AMBI PUR SWEET BERRIES 275 ML,Snacks,299,299,
7632,LUVLT LUSCIOUS MILK CHOCOLATE 52 G,Chocolates,90,90,
7633,LUVLT LUSCIOUS FRUIT & NUT 50 G,Snacks,75,75,
7634,SANTOOR SANDAL&TURMERIC 20MRP,Dhall,20,20,
7635,IYARKAI CHEKKU SESAME OIL 1LTR,Cooking Oil,385,385,
7636,PUNNAGAI GROUNDNUT OIL 1LTR,Cooking Oil,300,300,
7637,IYARKAI CHEKKU SESAME OIL 500ML,Cooking Oil,195,195,
7638,PUNNAGAI GROUNDNUT OIL 500ML,Cooking Oil,165,165,
7639,KAYAL MURUKKU FLOUR 500GM,Snacks,70,70,
764,VVV GINGELLY OIL 1 LITRE,Cooking Oil,385,385,
7640,LIFEBUOY NEEM & ALOE 125 G,Soaps & Liquids,38,38,
7641,LIFEBUOY NEEM & ALOE 43G,Soaps & Liquids,10,10,
7642,VIM 250 G BAR,General Groceries,27,27,
7643,KUMBAKONAM DEGREE COFFEE POWDER 250GM,Powders,275,275,
7644,KUMBAKONAM IYER COFFEE POWDER 250GM,Powders,275,275,
7645,KUMBAKONAM IYER C POWDER  100GM,Powders,110,110,
7646,KDC ORIGINAL DEGREE C POWDER 250GM,Powders,275,275,
7647,VIM MAHA TUB 500 G WITH FREE SCRUBBER,Bathroom,49,49,
7648,WASO BLUE DESIRE 2 IN 1 4.6 KG,General Groceries,415,415,
7649,CAMPCO HONEY ECLAIR 350 G,Snacks,100,100,
7650,CAMPCO MELTO CARAMEL ECLAIRS 350 G,Chocolates,100,100,
7651,CAMPCO DARK DELIGHT,General Groceries,10,10,
7652,BOOST BADAM MILKSHAKE 180 ML,Snacks,35,35,
7653,BOOST CARAMEL MILKSHAKE 180 ML,Beverages,35,35,
7654,FLOWER,General Groceries,100,100,
7655,PERK 13G,Chocolates,5,5,
7656,SWEET 1 KG,Snacks,300,300,
7657,GILLETTE VECTOR 3 GET A FAST SHAVE 4 BLADES,Soaps & Liquids,275,275,
7658,PAMPERS BLUE XXL 16 PANTS 15-25 KG,Baby Items,425,425,
7659,PAMPERS BLUE NEW BABY 32 PANTS,Baby Items,399,399,
7660,PAMPERS BLUE L 19 PANTS 9-14 KG,Baby Items,350,350,
7661,VEGA NAIL CLIPPER (GLITTER BIG),General Groceries,99,99,
7662,DOMS OIL PASTELS BIG 12 SHADES,Cooking Oil,50,50,
7663,SSR KARA SEVU 200 G,Snacks,70,70,
7664,SELVAM CITRON PICKLE 1 KG,Powders,150,150,
7665,SELVAM LEMON PICKLE 1 KG,Powders,150,150,
7666,VATIKA COCONUT HAIR OIL 300 ML,Shampoo,180,180,
7667,THOLI ULUNTHU 1KG,Dhall,120,120,
7668,RED BLUE,General Groceries,110,110,
7669,DOMS JUMBO WAX CRAYONS 13 SHADES,Stationery,60,60,
7670,DOMS PERMANENT MARKER (BLACK),Stationery,10,10,
7671,DOMS PERMANENT MARKER (BLUE),Stationery,10,10,
7673,VDC DHEENA CLEAN 1LTR,General Groceries,150,150,
7674,VDC DHEENA C&B CLEANER,General Groceries,99,99,
7675,VDC DHEENA GLASS CLEANER,Bathroom,100,100,
7676,VARSHINI CHEMICALS 1LTR,General Groceries,80,80,
7677,DISTLE WATER,General Groceries,10,10,
7678,NESTLE MUNCH BROWNIE MAX,Chocolates,25,25,
7679,NESTLE CLASSIC FRUIT N NUT,Snacks,45,45,
7680,MUGI ACTIVE WASH 1LTR,General Groceries,95,95,
7681,AMUTHAM CHIPS,Snacks,40,40,
7682,DAIRY DAY CHOCO KRISP,Chocolates,15,15,
7683,BRITANNIA GOOD DAY,Biscuits,22,22,
7684,PONDS ALOE COOLING POWDER 200 G,Powders,149,149,
7685,PONDS ALOE COOLING POWDER 18 G,Powders,10,10,
7686,TRESEMME KERATIN SMOOTH CONDITIONER 80 ML,Shampoo,131,131,
7687,TRESEMME HAIRFALL DEFENSE CONDITIONER 80 ML,Shampoo,120,120,
7688,SUNFEAST SUPERMILK 140.8 G,Biscuits,35,35,
7689,ERASER RS 1/-,Stationery,1,1,
7690,SUNLAND REFINED SUNFLOWER OIL 500 ML,Cooking Oil,97,97,
7691,EATA CHAKKI FRESH ATTA 500 G,Powders,35,35,
7692,ZED KLEAN DISHWASH BAR 125 G,General Groceries,10,10,
7694,GILLETTE MACH3 TURBO 2 CARTRIDGES,Soaps & Liquids,425,425,
7695,CINTHOL LIME 150 G,Soaps & Liquids,59,59,
7696,NESCAFE CARAMEL LATTE 200 ML,Beverages,75,75,
7697,SMOODH CHOCOCOLATE MILK 85ML,Chocolates,10,10,
7698,NESCAFE ICED FRAPPE 170 ML,Beverages,50,50,
7699,FROOTI MANGO DRINK 1.2L,Beverages,75,75,
7700,CELLO K-POP FOUNT PEN,Stationery,50,50,
7701,CELLO K-POP FOUNTAIN PEN,Stationery,50,50,
7702,NAGA CORN FLOUR 500 G,Powders,60,60,
7703,AACHI SOAN PAPDI CARDAMOM 200 G,Snacks,75,75,
7704,FROOTI 600ML,Beverages,40,40,
7705,AACHI SOAN PAPDI GHEE 200 G,Snacks,80,80,
7706,GRB SOAN PAPDI 400GM,Snacks,189,189,
7707,SWASTIKS GULAB JAMUN MIX,Snacks,150,150,
7708,MJ GOLD RICE 26KG,Rice,2000,2000,
7709,YOUR 707 DISH WASH BAR,General Groceries,10,10,
771,VAIGAII ZEST CHILLI PAROTTA,Powders,125,125,
7710,MONKEY 555 STEEL SCRUBBER,Bathroom,10,10,
7711,INDULEKHA DANDRUFF TREATMENT SHAMPOO 200ML,Shampoo,243,243,
7712,MEERA SHAMPOO HAIR FALL CARE 180 ML,Shampoo,180,180,
7713,MAMAEARTH ONION SHAMPOO 100 ML,Shampoo,125,125,
7717,KARTHIKA SHIKAKAI & HIBISCUSS SHAMPOO 175 ML,Pooja Items,145,145,
7718,CHIK PROTEIN SOLUTIONS SHAMPOO 175 ML,Shampoo,118,118,
7719,CHIK JASMINE SHAMPOO 175 ML,Shampoo,115,115,
772,BRITANNIA TREAT CREME WAFERS DOUBLE,Biscuits,10,10,
7720,CHIK STRONG & BLACK SHAMPOO 175 ML,Shampoo,115,115,
7721,SUNSILK BLACK SHINE CONDITIONER 80 ML,Shampoo,75,75,
7722,DOVE HAIR FALL RESCUE SHAMPOO 80 ML,Shampoo,76,76,
7723,DOVE GLYCOLIC HYDRATION SHAMPOO 180 ML,Shampoo,199,199,
7724,DOVE DRYNESS CARE CONDITIONER 80 ML,Shampoo,104,104,
7725,COLGATE CHARCOAL CLEAN &GEL,Soaps & Liquids,190,190,
7726,COLGATE MAX FRESH 150GM,Soaps & Liquids,136,136,
7727,AACHI HEALTH MIX BUY 1 GET 1 FREE,Powders,289,289,
7728,PEPSODENT 2 IN 1 150GM,Soaps & Liquids,110,110,
7729,PEPSODENT LAVING&SALT  200G,Powders,101,101,
773,BRIT MILKBIKIS CLASSIC,Beverages,10,10,
7730,SENSODYNE FRESHMINT 40GM,Soaps & Liquids,84,84,
7731,CLOSEUP 150GM,General Groceries,130,130,
7733,PEPSODENT 100 G + TOOTHBRUSH FREE,Soaps & Liquids,64,64,
7734,PONDS HYDRA MIRACLE COLD CREAM 30 ML,Soaps & Liquids,64,64,
7735,VASELINE COCOA GLOW 40 ML,Soaps & Liquids,55,55,
7736,AACHI MIXED FRUIT JAM 200 G,Snacks,45,45,
7737,MAGGI NOODLES 420 G,Powders,87,87,
7738,HIMALAYA BRIGHTENING VITAMIN C 100ML,Soaps & Liquids,209,209,
7739,JAYAM URAD DAL KALI MIX 400GM,Dhall,90,90,
774,BRIT JIMJAM POPS,General Groceries,20,20,
7740,KODO MILLET VENPONGAL MIX 250 G,General Groceries,90,90,
7741,KODO MILLET SAMBAR SADHAM MIX 250 G,Powders,95,95,
7742,MA MILLET PUTTU IDIYAPPAM MIX 300 G,Pooja Items,75,75,
7743,MA MILLET ADAI DOSA MIX 300 G,General Groceries,98,98,
7744,MA MILLET ROTI / POORI MIX 500 G,General Groceries,98,98,
7745,MA RAGI FLOUR 500 GM,Powders,70,70,
7746,SELVAM MANGO PICKLE 5KG,Powders,555,555,
7747,PANCHA KAVIYA PANEER 300 ML,General Groceries,55,55,
7748,LUVLT CHOCOWICH CHOCO,Chocolates,5,5,
7749,HEALTHY GROCER COMPOUNDED 10GM,General Groceries,50,50,
7750,HEALTHY GROCER COMPOUNDED 25G,General Groceries,99,99,
7751,HEALTHY GROCER COMPOUNDED 50GM,General Groceries,195,195,
7752,HAREENA IDLY RICE 26KG,Rice,1300,1300,
7753,BLUUM ULTRA CLEAN 5LTR,General Groceries,499,499,
7754,MILKYMIST CURD,Beverages,42,42,
7755,FAIRY TALE,General Groceries,55,55,
7756,NAMMA GOLD PALMOLEIN,Cooking Oil,167,167,
7757,NALAAS MURUKKU MIX 500GM,Snacks,105,105,
7758,SANTOOR SANDAL & TURMERIC 150 G,Dhall,52,52,
7759,WIPRO SAFE WASH 1 L,General Groceries,99,99,
7760,DRISHTI ACTIV POWDER PUFF,Powders,110,110,
7761,A2B FRIED MOONG DAL 120GM,Dhall,40,40,
7762,RIN,Soaps & Liquids,20,20,
7763,SAVORIT RAGI VERMICELLI,Powders,30,30,
7764,CHUPA CHUPS PLAY TENNIS,Chocolates,10,10,
7765,MEDIMIX CLASSIC 475G,Beverages,141,141,
7766,DRISHTI NIPPLE,Baby Items,30,30,
7767,DRISHTI ECO POWDER PUFF,Powders,80,80,
7768,FLORAL POWDER PUFF,Powders,10,10,
7769,MAGGI 2 MINUTE NOODLES 300G,Powders,58,58,
7770,CADBURY DAIRYMILK 6.1G,Chocolates,5,5,
7771,CADBURY 5 STAR 20.2G,Chocolates,10,10,
7772,SRI DEVI CANDLE NO 66,General Groceries,45,45,
7773,MANNA MILLET BYTES CHOCOLATE,Chocolates,10,10,
7774,MANNA MILLET BYTES ORANGE,Vegetables,10,10,
7775,MANNA MILLET BYTES PINEAPPLE,General Groceries,10,10,
7776,MANNA MILLET BYTES STRAWBERRY,General Groceries,10,10,
7777,GLUCOVITA 125G,General Groceries,38,38,
7778,GLUCOVITA BOLTS,General Groceries,10,10,
7779,SANTOOR SHOWER GEL SAFFRON,Dhall,135,135,
7780,MAHALAKSHMI TURMERIC POWDER 50GM,Powders,20,20,
7781,MAHALAKSHMI MASALA 500GM,Powders,160,160,
7783,LION DATES NUT BITES 150MRP,Biscuits,150,150,
7784,LION DATES NUT BITES 230G,Biscuits,300,300,
7785,AAKAA PUTTU FLOUR 500GM,Powders,100,100,
7786,ANIL CORN FLOUR MIX,Powders,32,32,
7787,AAKAA RED RICE PUTTU FLOUR,Powders,100,100,
7788,AAKAA RAVA DOSA FLOUR,Powders,82,82,
7789,LION DATES SYRUP 500G ..,Snacks,220,220,
7790,LION DESERTKING DATES 250G,Snacks,142,142,
7791,ANIL ADAI THOSAI MIX,General Groceries,90,90,
7792,SURYA CHILLI PAROTTA,Powders,41,41,
7793,ANIL INSTANT IDIYAPPAM,Pooja Items,72,72,
7794,ANIL IDIYAPPA MAAVU,Pooja Items,46,46,
7795,DOVE SERUM BAR 125G,General Groceries,108,108,
7796,HAMAM NEEM&TULSI 4*100G,Soaps & Liquids,156,156,
7797,LIFEBUOY LEMON ALOE FRESH 100G,Vegetables,39,39,
7798,REYNOLDS LIQUIFELO BLUE,General Groceries,15,15,
7799,BAULI SANDWICH CAKE,Snacks,9,9,
78,MILKYMIST FRESH CREAM 250ML,Beverages,75,75,
780,VEDAN HERBAL TOOTH POWDER,Powders,45,45,
7801,BRU INSTANT 75G,Beverages,270,270,
7803,KISSAN PEANUT BUTTER 350G,Snacks,175,175,
7804,MILKY MIST SET CURD 100GM,Beverages,12,12,
7805,ENGAGE CLASSY WOODY,General Groceries,65,65,
7806,CREAM BELL BUTTER SCOTCH MILK SHAKE 180ML,Beverages,30,30,
7808,CREAM BELL ROSE MILK SHAKE 180ML,Beverages,30,30,
7810,CREAM BELL COFFEE MILK SHAKE 180ML,Beverages,35,35,
7812,ROJA RULED BINDING NOTE,General Groceries,130,130,
7813,SUNSILK BLACKSHINE RS.1/-,Shampoo,1,1,
7814,BRITANNIA MILKBIKIS 66.5G,Biscuits,5,5,
7815,SPRITE ZERO SUGAR 400ML,Powders,20,20,
7816,PARACHUTE JASMINE 45ML,General Groceries,20,20,
7817,BRITANNIA 50 50,Biscuits,5,5,
7818,BRITANNIA GOOD DAY CASHEW,Biscuits,10,10,
7819,AMRUTANJAN BACK PAIN,Soaps & Liquids,100,100,
7820,777 TOMATO PICKLE 200GM,Powders,84,84,
7821,DABUR RED ULTRA STRONG,Soaps & Liquids,50,50,
7822,SUNFEAST CAKES LAYER CHOCO,Chocolates,5,5,
7823,BACKING COVER ALL,General Groceries,250,250,
7824,ATHIYAN SEKKU SESAME OIL 1LTR,Cooking Oil,380,380,
7825,ATHIYAN SEKKU SESAME OIL 500ML,Cooking Oil,220,220,
7826,PADMA PADHAM POOJA POWDER,Pooja Items,32,32,
7827,APSARA MODELLING CLAY 6S,General Groceries,40,40,
7828,SSR PUFFED RICE BALL,Rice,35,35,
7829,SSR SPICY ROASTED PEANUTS,General Groceries,70,70,
7830,SSR ANDHRA MURUKKU,Snacks,80,80,
7831,PARLES WAFERS PIRI PIRI,Biscuits,5,5,
7832,A ONE DISHWASH ROUND 250GM,General Groceries,32,32,
7833,CADBURY DAIRYMILK RS 10,Chocolates,10,10,
7834,CADBURY DAIRYMILK RS20/-,Chocolates,20,20,
7835,DAIRY MILK,Chocolates,26,26,
7836,CADBURY 5 STAR OREO CHOCOLATE,Chocolates,20,20,
7837,CADBURY 5 STAR RS 5/,Chocolates,5,5,
7838,OREO STRAWBERRY CREAME RS 30/-,Biscuits,30,30,
7839,CADBURY GEMS CARTOON,Chocolates,20,20,
7840,UZHAVAN JAGGERY POWDER 500GM,Powders,65,65,
7841,DEEPAM LAMP OIL BLOSSOM 1LTR,Pooja Items,199,199,
7842,DEEPAM LAMP OIL JAVVATHU 1LTR,Pooja Items,199,199,
7843,DEEPAM LAMP OIL SAMBRANI 1LTR,Pooja Items,199,199,
7844,WATER CAN,General Groceries,250,250,
7845,BUMB,General Groceries,200,200,
7846,GIFFY GREASE REMOVAL LEMON,Vegetables,15,15,
7847,GLUCOVITA 500GM,General Groceries,149,149,
7848,KP NAMBOODIRIS VIBOOTHI,General Groceries,12,12,
7849,KP NAMBOODIRIS VIBOOTHI 25G,General Groceries,7,7,
7850,VIBINS ANDHRA MURUKKU,Snacks,70,70,
7851,CLOSEUP 90GM,General Groceries,55,55,
7852,CLOSEUP 45GM,General Groceries,20,20,
7853,HORLICKS SUPER FOODS,Beverages,5,5,
7854,SURF EXCEL TOP LOAD 1LTR,Soaps & Liquids,169,169,
7855,VIM 300GM,General Groceries,20,20,
7856,BRIL 20ML,General Groceries,12,12,
7857,MANGALDEEP NATURE FLOWER VALLEY,Pooja Items,12,12,
7858,MANGALDEEP NATURE GREEN FOREST,Pooja Items,12,12,
7859,TIRUMALA INDIAN JASMINE,General Groceries,12,12,
786,SUNPURE RICE BRAN OIL 1LTR,Rice,175,175,
7860,WOBNIAR NUTTY MIX,General Groceries,150,150,
7861,MY FRUIT ECLAIRS,Chocolates,250,250,
7862,MAAMIS CORIANDER POWDER 50GM,Powders,15,15,
7863,FIGO FINE COLORS,General Groceries,20,20,
7864,FIGO MOOW INK ERASER,Stationery,30,30,
7865,FIGO MOOW SCHOOL KIT,General Groceries,100,100,
7866,FIGO 9ELEVEN ROLLER PEN,Stationery,30,30,
7867,NESCAFE SUNRISE RS 2 /,Beverages,2,2,
7868,LAKME COMPLEXION CARE CREAM 9G,Soaps & Liquids,110,110,
7869,DEEPAM SANDAL AGARBATTI,Pooja Items,10,10,
787,THULASI HERBAL 50G,General Groceries,35,35,
7870,BUDS WOOD POUCH,General Groceries,15,15,
7871,GRACISS FEMININITY L,General Groceries,75,75,
7872,GRACISS FEMININITY XL,General Groceries,100,100,
7873,GRACISS FEMININITY XXL,General Groceries,120,120,
7874,GRACISS FEMININITY L 6,General Groceries,80,80,
7875,GRACISS FEMININITY XL 6,General Groceries,110,110,
7876,GRACISS FEMININITY XXL 6,General Groceries,130,130,
7877,OM SHANTHI POOJA OIL 1LTR,Pooja Items,220,220,
7878,OM SHANTHI POOJA OIL 500ML,Pooja Items,115,115,
7879,OM SHANTHI POOJA OIL 200ML,Pooja Items,55,55,
788,VALLARAI HERBAL 50G,General Groceries,50,50,
7882,CYCLE 3 IN 1,Pooja Items,55,55,
7883,CYCLE SUGANDHA MALLIKA 35G,Pooja Items,20,20,
7884,ZED BLACK CHANDAN,Pooja Items,12,12,
7885,ZED BLACK DEEP MOGRA,General Groceries,12,12,
7886,5 STAR 33G,Chocolates,20,20,
7887,V.V.V GROUNDNUT OIL 1LTR,Cooking Oil,235,235,
7888,ZED BLACK CAMPHOR 50GM,Pooja Items,120,120,
7889,HORLICKS 500GM,Beverages,219,219,
789,NILAYVARAI HERBAL 50G,General Groceries,40,40,
7890,HORLICKS 500G B,Beverages,259,259,
7891,VISH LIQUID DETERGENT,Soaps & Liquids,89,89,
7892,FORTUNE MAIDA 500G,Powders,59,59,
7893,TATA TEA CHAKRA GOLD RS 20/-,Beverages,20,20,
7894,GODREJ SPIC TOILET CLEANER,Bathroom,79,79,
7895,AVE FOODS CHAPATI,General Groceries,65,65,
7896,TODAYS GHEE 5LTR,Cooking Oil,4462,4462,
7897,LADDU 1KG,Snacks,450,450,
7898,MIXTURE 1KG,Snacks,350,350,
79,UDHAYA KRISHNA GHEE 20ML,Cooking Oil,20,20,
790,SITHARATHAI HERBAL 50G,General Groceries,60,60,
7900,PORNA POOJA OIL 100ML,Pooja Items,10,10,
7901,COLGATE MAX FRESH 81G,Soaps & Liquids,79,79,
7902,COLGATE MAX FRESH RED 42G,Soaps & Liquids,20,20,
7903,3 ROSES 250GM NORMAL,Beverages,225,225,
7904,KISSAN HAZELNUT CHOCO,Chocolates,239,239,
7905,A2B MASALA PEANUT RS/-10,Powders,10,10,
7906,WINN HAKKA NOODLES MASALA,Powders,10,10,
7907,WINN FRIED RICE MASALA,Powders,10,10,
7908,ICY BASIL LYCHEE,General Groceries,30,30,
7909,COCOJOY ORANGE,Vegetables,35,35,
791,RAJA HERBAL VENDHAYAM,General Groceries,5,5,
7910,COCOJOY LITCHI,General Groceries,35,35,
7911,ICY BASIL MANGO,Vegetables,30,30,
7912,ICY BASIL WATERMELON,General Groceries,30,30,
7913,MAMAEARTH RICE DEWY BRIGHT FACE WASH 100ML,Rice,269,269,
7914,MAMAEARTH MULTANI MITTI OIL BALANCE,Cooking Oil,269,269,
7915,MAMAEARTH TEA TREE OIL CONTROL,Beverages,269,269,
7916,MAMEARTH BEETROOT HYDRAFUL,Vegetables,269,269,
7917,MAMAEARTH CHARCOAL FACEWASH,General Groceries,269,269,
7918,MAMAEARTH ALOE VERA FACEWASH,General Groceries,269,269,
7919,MAMAEARTH VITAMIN C,General Groceries,269,269,
792,RAJA HERBAL KARUVEPILLAI,General Groceries,45,45,
7920,MAMAEARTH VITAMIN C SUNSCREEN,General Groceries,349,349,
7921,MAMAEARTH BEETROOT HYDRAFUL,Vegetables,349,349,
7922,MAMAEARTH VITAMIN C MOISTURIZING,General Groceries,169,169,
7923,MAMAEARTH ROSEMARY ANTIHAIRFALL SHAMPOO,Shampoo,177,177,
7924,MAMAEARTH BABY SOAP,Baby Items,202,202,
7925,MAMAEARTH UBTAN NATURAL GLOW,General Groceries,269,269,
7926,MAMAEARTH HONEY MALAI FACEWASH,Snacks,269,269,
7927,MAMAEARTH CHAI OIL FREE,Beverages,269,269,
7928,DABUR RED 18G,Soaps & Liquids,10,10,
7929,MAYORA JAM O JAM BLUEBERRY 88GM,Snacks,30,30,
7930,MAYORA JAM O STRAWBERRY,Snacks,30,30,
7931,HORLICKS 500G,Beverages,199,199,
7934,OSHON ELACHI,Powders,100,100,
7935,OSHON CRUNCHY,General Groceries,100,100,
7936,OSHON MILKY ECLAIR,Beverages,100,100,
7937,WHEAT ATTA 50KG,Powders,2000,2000,
7939,SINGLE ROSE GHEE 50ML,Cooking Oil,54,54,
7940,SINGLE ROSE GHEE 100ML,Cooking Oil,105,105,
7941,SENSODYNE FRESH MINT 75G,Vegetables,125,125,
7942,SINGLE ROSE GHEE 200ML,Cooking Oil,204,204,
7943,SANSODYNE RAPID RELIEF 40GM,General Groceries,107,107,
7944,SINGLE ROSE GHEE 500ML,Cooking Oil,550,550,
7945,SINGLE ROSE GHEE 1LTR,Cooking Oil,1030,1030,
7946,KODA MILLET VARAGU VENPONGAL,General Groceries,10,10,
7947,KOHINOOR JEERA RICE 1KG,Rice,260,260,
7948,ROASTED PEANUTS,General Groceries,70,70,
7949,CAMEL DRAWING KIT,General Groceries,149,149,
795,RAJA HERBAL VEMBALAMPATTAI,Powders,50,50,
7950,SESA HARI SHAMPOO 100 ML,Shampoo,75,75,
7951,SESA SHINE HAIR 20ML,General Groceries,65,65,
7952,SESA HAIR SERUM 45 ML,General Groceries,130,130,
7953,KURUDA ROASTED DATES  180 G,Snacks,158,158,
7954,ATHIYAN SEEKU SESAME OIL 200ML,Cooking Oil,90,90,
7955,MITHUKKU VATHTHAL 100G,General Groceries,50,50,
7956,ATHIYAN SEEKU SESAME OIL 100ML,Cooking Oil,45,45,
7957,BRITANNIA GOOD DAY CASHEW 105.2G,Biscuits,20,20,
7958,BRITANNIA GOOD DAY PISTA,Biscuits,25,25,
7959,BRITANNIA GOOD DAY  CASHEW,Biscuits,5,5,
7960,BRITANNIA TIGER KRUNCH 35G,Biscuits,5,5,
7961,BRITANNIA TIGER KRUNCH 62G,Biscuits,10,10,
7962,PUREHEART SALTED CASHEWS,Snacks,160,160,
7963,PUREHEART CASHEW PEPPER 80G,Snacks,159,159,
7964,PUREHEART PISTACHIOS 80G,Snacks,190,190,
7965,PUREHEART ALMOOND 80G,General Groceries,150,150,
7966,PUREHERART FRUIT & NUT 80G,Snacks,150,150,
7967,CHEROREE TRAIL 80G,General Groceries,160,160,
7968,PUREHEART PRAIRIE TRAIL 80G,General Groceries,179,179,
7970,PUREHEART SIERRA TRAIL 80 G,General Groceries,10,10,
7972,LARER BODY SPLASH,General Groceries,239,239,
7973,LAYER TUSCAN GREEN 125ML,General Groceries,89,89,
7974,LAYER MANDRIN TWIST 25ML,Soaps & Liquids,89,89,
7975,LAYER FRENCY PEONY 25 ML,General Groceries,58.5,58.5,
7976,LAYER TROPICAL BERRY 25ML,General Groceries,89,89,
7977,DOMS WAX CRAYONS SMOOTH,Stationery,70,70,
7978,KAPRIKA TRUFFLES CHOCO 50G,Chocolates,90,90,
7979,SNICKERS 11.5G,Chocolates,150,150,
7980,BILL STAND,General Groceries,20,20,
7981,HUNTER SMELL PHENYLE 1LTR,Bathroom,72,72,
7982,GRB SOANPAPDI ORANGE 200GM,Vegetables,40,40,
7983,SUNFEAST MOMS MAGIC,Biscuits,5,5,
7984,MADURAI MEENAKSHI APPALAM 500GM,Powders,200,200,
7986,PARLE MOONG DAL,Biscuits,4.7,4.7,
7987,KANGAROO JAVVADU ATTAR 3ML,Powders,40,40,
7988,GRACISS FEMININITY ANION XXL,General Groceries,180,180,
7989,GRACISS FEMININITY BAMBOO XL,General Groceries,180,180,
7992,GRACISS FEMININITY BAMBOO XXL,General Groceries,210,210,
7993,GRACISS FEMININITY ANION XL,General Groceries,160,160,
7994,DHEEPAM LAMP OIL BLOSSOM 500ML,Cooking Oil,104,104,
7995,DHEEPAM LAMP OIL JAVADHU 500ML,Cooking Oil,104,104,
7996,DHEEPAM LAMP OIL SAMBIRANI 500ML,Cooking Oil,104,104,
7997,DHEEPAM LAMP OIL DIVINE 20RS,Cooking Oil,20,20,
7999,HERITAGE FULL CREAM MILK 125ML,Beverages,10,10,
8,GEMS GOLD REFINED SUN FLOWER OIL 1L,Chocolates,130,130,
800,HARIMA ROSE MIX 20ML,General Groceries,53,53,
8000,HERITAGE LITE CURD 135GM,Beverages,10,10,
8001,KOLO MILK RUSK 60G,Biscuits,10,10,
8002,PREMIUM RUSK KOLO 405G,Biscuits,90,90,
8003,MILKY MIST MALAI PANEER CUBES 1KG,Beverages,560,560,
8004,LIZOL LEMON 500ML,Vegetables,123,123,
8005,LIZOL FLORAL 500ML,Bathroom,123,123,
8006,HOME LIGHT RS2 /-,General Groceries,2,2,
8007,FERRERO ROCHER MOMENTS 58G,Chocolates,179,179,
8009,SNICKERS CHOCOLAT 20G,Chocolates,18,18,
801,CASTILO DE SALOBRENA 1L,General Groceries,450,450,
8010,FRUITEE FUN,General Groceries,5,5,
8011,MOMS MAGIG 61.2G,General Groceries,10,10,
8012,SIGNATURE BODY SPRAY BLACK 70ML,General Groceries,150,150,
8013,SIGNATURE BODY SPRAY BLUE 70ML,General Groceries,150,150,
8014,SIGNATURE BODY SPRAY RED 70ML,General Groceries,150,150,
8015,SIGNATUREBODYSPRAV GREEN 70ML,General Groceries,150,150,
8016,SIGNATURE PREMIUM GREEN 30ML,General Groceries,325,325,
8017,SIGNATURE PREMIUM BLUE 30 ML,General Groceries,325,325,
8018,SIGNATURE PREMIUM WHITE 30 ML,General Groceries,325,325,
8019,SIGNATURE PREMIUM BLACK 30 ML,General Groceries,325,325,
802,CARRY BAG,General Groceries,80,80,
8020,SIGNATURE SPRAY WHITE 200ML,General Groceries,320,320,
8021,SIGNATURE SPRAY RED 200ML,General Groceries,320,320,
8022,SIGNATURE PREMIUM BLACK 200ML,General Groceries,320,320,
8023,SIGNATURE SPRAY GREEN 200ML,General Groceries,320,320,
8024,SIGNATURE SPRAY BLUE 200 ML,General Groceries,320,320,
8025,AMBUR BIRIYANI MASALA 50 GM,Powders,45,45,
8026,ARIEL POWER GEL TOP LOAD 5 KG,Soaps & Liquids,659,659,
8028,EVA ROLL ROSE 50ML,Snacks,190,190,
8029,EVA ROLLON GR 50ML,General Groceries,190,190,
803,PILLSBURY RAVA,Powders,48,48,
8030,EVA ROLL SPLASH CUCUMBER 50ML,Snacks,190,190,
8031,EVA FANTASY 50G,Beverages,45,45,
8032,EVA MYSTIQUE PERFUMED 50G,General Groceries,45,45,
8033,EVA SWEET EXOTIC ROSE 50GM,Snacks,45,45,
8034,MAGGI SPICY GARLIC,Powders,23,23,
8035,MAGGI SPICY MANCHURIAN,Powders,25,25,
8036,MAGGI SPICY PEPPER,Powders,23,23,
8037,MAGGI 2MINUTE NOODLES,Powders,116,116,
8038,SNICKERS PEANUT BROWNIE 1.25GM,Chocolates,30,30,
8039,HARTY PARTY MIXED FRUITS,General Groceries,166,166,
804,WINNER BLADE,Soaps & Liquids,30,30,
8040,CAMPCO MELLOW ECLAIRS CHOCO,Chocolates,50,50,
8042,PARODONTAX EXPERT GUM CARE,Stationery,165,165,
8043,SENSODYNE DAILY PROTECTION 40G,Soaps & Liquids,95,95,
8044,ARIEL POWER GEL FRONT LOAD 5LTR,Soaps & Liquids,769,769,
8045,ARIEL POWER GEL 2KG+500ML,Soaps & Liquids,439,439,
8046,ARIEL POWER GEL FL 2L+500ML,Soaps & Liquids,509,509,
8047,PAMPERS M PREMIUM CARE,Baby Items,350,350,
8048,PAMPERS L PREMIUM CARE,Baby Items,350,350,
8049,PAMPERS XL 20S,Baby Items,380,380,
805,GILLETTE MACH 3 TURBO,Soaps & Liquids,210,210,
8050,ZED BLACK FRUITY 4IN1,General Groceries,125,125,
8051,KLF COCONAD OIL 250ML,Cooking Oil,155,155,
8052,KLF COCONAD OIL 100ML,Cooking Oil,67,67,
8053,ZED BLACK NATURAL SAMBIRANI,General Groceries,125,125,
8054,V.V.S ROJAPOO GROUNTNUT OIL 500 ML,Cooking Oil,211,211,
8055,HIDE& SEEK MILANO CHOCO CHIP,Chocolates,40,40,
8056,HIDE& SEEK MILANO FINEST CHOCO FILLED,Chocolates,40,40,
8057,HIDE & SEEK MILANO VANILLA CREAME FILLED,Biscuits,35,35,
8058,HIDE &SEEK CHOCO ROOLS,Chocolates,40,40,
8060,DOMEX TOILET CLEANER,Bathroom,102,102,
8061,DOVE ANTI DANDRUFF SOLUTIONS,General Groceries,2,2,
8062,HIMALAYA NOURISHING SKIN CREAM,Soaps & Liquids,85,85,
8063,DOVE DAILY SHINE VC,General Groceries,2,2,
8064,DOVE HAIR FALL RESCUE,General Groceries,2,2,
8065,FAIR&LOVELY G&LOVELY,General Groceries,10,10,
8066,FAIR&LOVELY 14G,General Groceries,25,25,
8067,HORLICKS LITE JAR 500G,Beverages,310,310,
8068,KNORR BROCCOLI SOUP,General Groceries,20,20,
8069,LUX SMOOTH &RADIANT,Soaps & Liquids,38,38,
8070,PEPSODENT KIDDY,Soaps & Liquids,20,20,
8071,PEPSODENT DEEP CLEAN,Soaps & Liquids,30,30,
8072,SURF EXCEL QW 1KG,Soaps & Liquids,230,230,
8073,SURF EXCEL FL 1LTR,Soaps & Liquids,199,199,
8074,SURF EXCEL 145G,Soaps & Liquids,20,20,
8075,FIGO LIQUID ROLLER PEN,Stationery,10,10,
8076,FIGO FINE PEN,Stationery,20,20,
8077,FIGO  FOMO LIQUID FOUNTAIN PEN,Stationery,50,50,
8078,FIGO LIQUID STAR FRUIT PEN,Vegetables,10,10,
8079,FIGO  - A9 HITCH PEN,Stationery,30,30,
808,SELVAM GARLIC PICKLE 100G,Powders,39,39,
8080,KEMI KIEEN TOILET CLEANER-DISHWASH LIQUID,Bathroom,150,150,
8081,TWINKLE DISH WASH BAR,General Groceries,10,10,
8082,ODONIL LAVENDER ROOM SPRAY,Bathroom,214,214,
8084,TWINKLE  DISH WASH BAR  RS 5,General Groceries,5,5,
8085,SCOTCH BRITE SILVER SPARKS,Bathroom,10,10,
8086,PAVIN KERALA CUP SAMBRANI,Pooja Items,100,100,
8087,SAVORIT SHELL PASTS,General Groceries,28,28,
8088,KIT KAT POPS LOVE TO SHARE,Chocolates,20,20,
8089,MUNCH MAX CRUNCHIES,Chocolates,40,40,
8090,KITKAT DELIGHTS HAZELNUT 120G,Chocolates,185,185,
8091,MAGGI DOUBLE MASALA  20 RS,Powders,20,20,
8092,MILK BAR 5 RS,Beverages,5,5,
8093,MUNCH CHOCO FILLS,Chocolates,10,10,
8094,KIT KAT   10% MORE,Chocolates,10,10,
8095,SK CHIPS,Snacks,50,50,
8096,KARICH MURICH CHILLI PAROTTA,Powders,40,40,
8097,VCARE ALOE GEL,General Groceries,123,123,
8098,SUVAI SNACKS,Snacks,72,72,
8099,ADVANSED JASMINE SHINE HAIR 500ML,General Groceries,240,240,
810,OM SHANTHI CAMPHOR,Pooja Items,90,90,
8100,DURACELL ZINE HEAVY DUTY AAA,General Groceries,15,15,
8101,DURACELL ZINE HEAVY DUTY A A,General Groceries,15,15,
8102,TPRG DREAM ATTAR 30ML,Powders,40,40,
8104,HUTSUN COOKING BUTTER 500G,General Groceries,350,350,
8105,HATSUN TABLE BUTTER CHIPLETS,General Groceries,65,65,
8106,ZIGZAG DEEP CLEAN BETWEEN TEETH,General Groceries,18,18,
8107,SUPER FLEXI TOOTHBRUSHES,Soaps & Liquids,18,18,
8108,DENVER BODY SPRAY  CALIBER,General Groceries,70,70,
8109,DENVER IMPERIAL,General Groceries,70,70,
8110,COLGATE ZIGZAG SOFT,Soaps & Liquids,30,30,
8111,AASHIRVAAD WHOLE WHEAT ATTA 2 KG,Powders,116,116,
8112,ROASTED SHORT VERMICELLI,Powders,15,15,
8113,LION DATESNUT BITES 352G,Biscuits,400,400,
8115,ZED BLACK INCENSE STICKS,Pooja Items,75,75,
8116,GILLETTE SHAVING CREAM REGURAL,Soaps & Liquids,45,45,
8117,SRI AMV ABISHEKA ROSE WATER,General Groceries,15,15,
812,SAVORIT LONG CUT VERMICELLI 1 KG,Powders,99,99,
8120,GILLETTE FORM REGULAR,Soaps & Liquids,249,249,
8121,GILLETTE GUARD 7+1INSIDE,Soaps & Liquids,98,98,
8122,HIT LIME FRESH 400ML,General Groceries,250,250,
8123,STAR LEMON CANDY,Chocolates,24,24,
8124,BEJAY JAGGERY POWDER 500GM,Powders,48,48,
8125,HATSUN COOKIN BUTTER 10GM,General Groceries,72,72,
8126,READY MADE PAROTTA,General Groceries,60,60,
8127,SAKTHI CURRY POWDER 50G....,Powders,36.5,36.5,
8128,GOBI MANCHURIAN MASALA,Powders,90,90,
8129,MILK WONDER CAKE,Snacks,35,35,
8131,MAHALAKSHMI MASALA,Powders,60,60,
8132,SAKTHI SAMBAR POWDER 50G,Powders,29,29,
8133,GOKULAM DATES 400G,Snacks,242,242,
8134,CABBURY CHOCLAIRS GOLD COFF,General Groceries,200,200,
8135,CABBURY CHOCLAIRS GOLD,General Groceries,120,120,
8136,SAKTHI SAMBAR POWDER 100G,Powders,56,56,
8137,SAKTHI SAMBAR POWDER 200G,Powders,110,110,
8138,5 STAR  SOFTER BAR,Chocolates,20,20,
8139,CABBURY 5 STAR 3D,Chocolates,20,20,
814,RIN POWDER  RS.10/-,Powders,10,10,
8140,SAKTHI SAMBAR POWDER 500G,Powders,290,290,
8141,CABBURY GEMS,Chocolates,20,20,
8142,OREO ORIGINAL RS 20,Biscuits,20,20,
8143,SUNSILK SHAMPOO  RS 1,Shampoo,1,1,
8144,SAFFRON CLASSIC CREAMS 50GM,Beverages,60,60,
8145,SAKTHI PEPPER POWDER 50G,Powders,90,90,
8146,SAKTHI GARAM MASALA 50G.,Powders,40,40,
8147,VI-JOHN WOMEN FOUNDATION ROLL ON,Snacks,65,65,
8148,FOGG,General Groceries,275,275,
8149,FOGG FRESH SPICY,General Groceries,275,275,
815,ECLAIRS RICH CARAMEL TOFFEES,Chocolates,100,100,
8150,KALAIMAN PALM OIL 15LTR TIN,Cooking Oil,2600,2600,
8151,BEJAY GANESH SAMBA RAVA,Powders,74,74,
8152,SUTHARANI MARAVALLI,Powders,50,50,
8153,LIRIL ALL DAY FRESHNESS 100G,General Groceries,39,39,
8154,DARK FANTASY ORIGINAL FILLED COOKIE,Cookies,5,5,
8155,SUNFEAST MARIE LIGHT GREAT TASTE,Biscuits,5,5,
8156,SUNFEAST MARIE LIGHT GREAT TASTE RS10,Biscuits,10,10,
8157,SAKTHI CUMIN POWDER 50 GM,Powders,40,40,
8158,DARK FANTAST SWISS ROLL,Snacks,10,10,
8159,SAKTHI BRIYANI MASALA 50G,Powders,45.5,45.5,
816,MILKYBAR MOOSHA RS.10/-,Chocolates,10,10,
8160,MOMS MAGIG RS30,General Groceries,30,30,
8161,YIPPEE MAGIC MASALA,Powders,60,60,
8162,SAKTHI DHALL RICE POWDER 100G,Dhall,40,40,
8163,SAKTHI IDLY CHILLI POWDER 50G,Powders,23,23,
8164,AMIZHTHINI AKSHAYA PONNI RICE 26KG,Rice,2650,2650,
8165,SSR ATHIRASAM,Powders,40,40,
8166,CAMEL JUNIOR,General Groceries,25,25,
8167,CHANDRIKA 450GM,General Groceries,147,147,
8168,GILLETTE GUARD 125G,Soaps & Liquids,70,70,
8169,WHISPER XL 6PCS,Napkin,45,45,
817,SAARRU KOZHIMALLI RASAM MASALA,Powders,50,50,
8170,TIGER KREEMZ ELAICHI 5RS,Biscuits,5,5,
8171,5 STAR OREO,Chocolates,45,45,
8172,TIGER KREEMZ CHOCO,Chocolates,5,5,
8173,VITA MARIE GOLD,Biscuits,9,9,
8174,MATTAI RICE 1KG,Rice,70,70,
8175,SANTOOR CLASSIC,Dhall,99,99,
8176,GIFFY TOUGE GREASE REMOVAL LEMON,Vegetables,99,99,
8177,JAMBAVAN CHEKKU SESAME OIL 1 LTR,Cooking Oil,360,360,
8178,JAMBAVAN CHEKKU SESAME OIL 500ML,Cooking Oil,190,190,
8179,WILLY WHYTE TOOTH PASTE,General Groceries,10,10,
818,SAARRU KOZHI SARU MASALA,Powders,50,50,
8180,SUPER NIRMA DETERGENT CAKE,Snacks,20,20,
8181,BRITANNIA MUFFILLS CAKE,Biscuits,10,10,
8182,THANGA PANDIYAN SAVEU,Pooja Items,100,100,
8183,TANGA PANDIYAN MIXER,Pooja Items,100,100,
8184,GIFFY 750ML,General Groceries,210,210,
8185,SIRU KILANGU 1KG,General Groceries,120,120,
8186,MANJA KILANGU,General Groceries,20,20,
8187,HIDE& SEEK MILANO RS 9,Biscuits,9,9,
8188,777 SPICE TURMERIC POWER,Powders,20,20,
8189,777 RED CHILLI POWER,Powders,20,20,
8190,777 GINGELLY OIL 500 ML,Cooking Oil,204,204,
8191,777 CUT MANGO PICKLE 5 KG,Powders,450,450,
8192,777 LIME PICKLE 5 KG,Powders,480,480,
8193,RUMALAYA PAIN BALM,Soaps & Liquids,50,50,
8194,HIMALAYA KOFLET -H LOZENGES,Soaps & Liquids,30,30,
8195,HIMALAYA ADUIT DIAPER,Baby Items,609,609,
8196,HIMALAYA ADULT DIAPER L SIZE,Baby Items,650,650,
8197,HIMALAYA FOOT CARE CREAM,Soaps & Liquids,65,65,
8199,SELVAM SUNDAVATHAL PASTE,Powders,39,39,
8200,SWASTIK TURMERIC POWDER 100GM,Powders,26,26,
8201,COLGATE VISIBLE WHITE 100G,Soaps & Liquids,198,198,
8202,BRAHMI CANDY,Chocolates,25,25,
8204,PUDHINA CANDY,Chocolates,30,30,
8205,CORN CARE OINTMENT  30G,General Groceries,80,80,
8206,THUTHUVALAI CANDY,Chocolates,25,25,
8207,THLASI CANDY,Chocolates,23,23,
8208,AJWAIN CANDY,Chocolates,25,25,
8209,WART CARE OINTMENT,General Groceries,80,80,
8210,AMLA CANDY,Chocolates,25,25,
8211,DAIRY DAY  ICE,General Groceries,40,40,
8212,MODERN SUNBAKE RUSK,Biscuits,35,35,
8213,ZED BLACK GULAB,General Groceries,60,60,
8214,MAGGI SPECIAL MASALA  SPICY YUMMY,Powders,100,100,
8215,NESCAFE SUNRISE 10RS,Beverages,10,10,
8216,NESTIE MILKBAR  MOOSHA,Beverages,10,10,
8217,MILK BAR CHOO STRAWBERRY,Beverages,5,5,
8218,MILKBAR CHOO MIXFRUIT,Beverages,5,5,
8219,HOME ONE GRASS BROOM,Bathroom,130,130,
822,OM SHANTHI CAMPHOR ..,Pooja Items,50,50,
8220,SENSODYNE RAPID RELIEF,Soaps & Liquids,187,187,
8221,PARLE MILANO BERRIES BISCUITS,Biscuits,40,40,
8222,GRP SONA CAKE  10RS,Snacks,10,10,
8223,HARIMA SAYA SAUCE 200G,Powders,55,55,
8224,JERRY FRUIT 1KG,Vegetables,180,180,
8225,PUREHEART   NUTMIX SALT &SWEET,Snacks,150,150,
8226,RED VELVET SWISS ROLL  150G,Snacks,90,90,
8227,WINKIES MILK CAKE  SLICED,Snacks,20,20,
8229,ANNAPOORNA DINDIUGUL BIRYANI MASALA,Powders,45,45,
823,OM SHANTHI CAMPHOR ...,Pooja Items,175,175,
8230,HARPIC TOILET CLEAN,Bathroom,110,110,
8231,HARPIC D RAIN XPERT POWDER,Powders,33,33,
8232,KOVILPATTI MASALA PEANUTS,Powders,70,70,
8233,SSR WHEEL CHIPS,Snacks,37,37,
8234,ONION RING,Vegetables,16,16,
8235,MUGI ACTIVE WASH 80ML,General Groceries,10,10,
8236,MILKKOVA 1KG,Beverages,400,400,
8237,GO GRAINS CRUNCHIES CHOCO FILLS,Chocolates,10,10,
8238,MOMS MAGIC CASHEW & ALMOND BISCUITS,Biscuits,25,25,
8239,1TO3 PASTA CHATPAT  MASALA,Powders,10,10,
824,KHATNIL K-20,General Groceries,160,160,
8240,LOTTE FRUIT FLAVOURED LALLIPOP,General Groceries,10,10,
8241,LOTTE LACTO KING,General Groceries,100,100,
8243,ALPENLIEBE GRANDE ECLAIRS,Chocolates,10,10,
8244,ALPENLIEBE ICE CREAM POP,Chocolates,10,10,
8245,HIMALAYA BERRY SHINE LIP CARE,Soaps & Liquids,210,210,
8246,HIMALAYA TURMERIC FACE SHEET,Powders,75,75,
8247,HIMALAYA TURMERIC FACE WASH,Powders,25,25,
8248,HIMALAYA GENTLE BABY POWER 100G,Baby Items,111,111,
8249,HIMALAYA GENTAL BABY POWER,Baby Items,57,57,
825,LAXMAN REKHAA 250ML,General Groceries,250,250,
8250,HIMALAYA GENTAL WIPES  72 WIPES BUY 1 GET,Soaps & Liquids,280,280,
8251,AAKAA IDLI CHILLI POWER,Powders,10,10,
8252,AASSAI URAD DAL KALI MIX,Dhall,105,105,
8253,ANIL CRISPY RUSK,Biscuits,10,10,
8254,HOME  SWIFT SPIN MOP,Bathroom,800,800,
8255,GOOD HOME UNBLOX  CLEARS 3BUY 1 FREE,General Groceries,90,90,
8256,ORAL-B SENSITIVE  SOFT BRUSH,Soaps & Liquids,50,50,
8258,STAR NUTS MIX 250GM,General Groceries,350,350,
8259,DUBUR RED PASTE 20RS,General Groceries,20,20,
8261,SUNDA VATHAL 50GM,Powders,20,20,
8262,777 TOMATO KETCHUP,Vegetables,80,80,
8263,AADHAV SAMBRANI CUPS,Pooja Items,80,80,
8264,KANGAROO 777 THALAMPOO KUMKUM,Pooja Items,33,33,
8265,MAAHI SANDAL CUPS,General Groceries,120,120,
8266,DEVDARSHAN REAL CORAL,General Groceries,90,90,
8267,DEVDARSHAN CHANDAN TIKA 40G,Pooja Items,40,40,
8268,SUNFEAST MOMS MAGIC 136G,Biscuits,20,20,
8269,WAGH BAKRI LEAF TEA 100GM,Beverages,50,50,
827,WHISPER CHOICE XL 20PADS,Napkin,80,80,
8270,BREAD,General Groceries,120,120,
8271,KOHINOOR BASMATHI RICE 1KG,Rice,235,235,
8274,DEEPAM LAMP OIL DIVINE,Pooja Items,10,10,
8275,VINSA SOFT BRUSH,General Groceries,30,30,
8276,VINSA MEDIUM BRUSH,General Groceries,30,30,
8277,PODI DELITZ DAL RICE MIX,Dhall,99,99,
8278,PODI DELITZ GARLIC RICE MIX,Vegetables,99,99,
8279,PODI DELITZ MORINGA RICE MIX,Soaps & Liquids,99,99,
828,COLGATE GENTLE SENSITIVE,Soaps & Liquids,170,170,
8280,ZED BLACK KASTURI,General Groceries,60,60,
8282,ZED BLACK INCENSE STICK,Pooja Items,60,60,
8283,LEVISTA COFFEE PREMIUM CAN 50G,Beverages,140,140,
8285,ZED BLACK AAROGYAM,General Groceries,60,60,
8287,ZED BLACK PARFUM INCENSE STICK,Pooja Items,125,125,
8288,ZED BLACK Z-SHINE SHINING POWDER,Powders,45,45,
8289,ZED BLACK TURBO,General Groceries,12,12,
829,TAGEO FLOOR CLEANER 500ML..,Bathroom,87,87,
8290,TATA ZIP ZAP,General Groceries,10,10,
8292,NAVAB RICE 26KG,Rice,10,10,
8293,CADBURY DAIRYMILK SILK OREO.,Chocolates,214,214,
8294,CADBURY FUSE 23GM,Chocolates,20,20,
8295,CADBURY DAIRYMILK SILK,Chocolates,205,205,
8296,PEPERO,General Groceries,30,30,
8297,CADBURY DAIRYMILK CRISPELLO,Chocolates,10,10,
8298,MILKYMIST CAPELLA MILK CHOCOLATE,Chocolates,45,45,
8299,CADBURY DAIRYMILK MILKINIS,Chocolates,36,36,
830,TAGEO FLOOR CLEANER 500ML SANDALWOOD,Bathroom,87,87,
8300,MILKYBAR,Chocolates,20,20,
8301,SILK FRUIT DAIRY MILK,Chocolates,214,214,
8302,INDULEKHA,Shampoo,207,207,
8304,SUPER SAVER PACK,General Groceries,28,28,
8306,FLAMA GEL BAR,General Groceries,95,95,
8308,PANI PURI APPALAM 1KG,Powders,100,100,
8309,KITKAT DUO,Chocolates,20,20,
831,LISTERINE FRESHBURST 80ML,Soaps & Liquids,70,70,
8310,TSK GHEE 50ML,Cooking Oil,70,70,
8311,BRISK PEPPER MAKHANA,Powders,187,187,
8312,BRISK MINT MAKHANA,Vegetables,187,187,
8313,BRISK MASALA MAKHANA,Powders,187,187,
8314,BRISK PLAIN MAKHANA,General Groceries,127,127,
8315,BRISK DRIED STRAWBERRY,General Groceries,136,136,
8316,BRISK KIMIA DATES 500GM,Snacks,270,270,
8317,CADBURY CRISPELLO,Chocolates,20,20,
8318,REYNOLDS LIQUIFLO,General Groceries,15,15,
8319,CADBURY DAIRYMILK MILKINIS 17G,Chocolates,20,20,
832,"MUNTHIRI,KISMISS,ELACHI",Pooja Items,10,10,
8320,SAMARPAN SHINING POWDER,Powders,50,50,
8321,MAMIYA PIRANDAI PICKLE,Powders,10,10,
8322,MAMIYA MANGO GINGER PICKLE 200GM,Powders,85,85,
8323,ELAICHI RUSK,Biscuits,10,10,
8324,PUSHKARINI DHOOP AGARBATHI,Pooja Items,55,55,
8325,HERITAGE CHAMPA PRAYER STICK,General Groceries,55,55,
8326,HERITAGE CHANDANAM,Pooja Items,55,55,
8327,GOOD LUCK PINEAPPLE,General Groceries,55,55,
8328,GOOD LUCK PINEAPPLE 200G,General Groceries,110,110,
8329,HERITAGE INCENSE STICK,Pooja Items,10,10,
833,SKC COW GHEE 1 LITRE,Cooking Oil,865,865,
8330,CYCLE SANDALUM INCENSE,Pooja Items,10,10,
8331,CHOLA FLORA BATHIES,General Groceries,40,40,
8332,AARYA NEIKICHADI (GREEN)26KG,General Groceries,10,10,
8333,GOOD HOME DUO POWER,General Groceries,20,20,
8334,DILO LIME TWIST 500ML,General Groceries,130,130,
8335,DILO WASH 1L,General Groceries,99,99,
8336,LUVLT ECLAIRS,Chocolates,50,50,
8337,NAGA CORN FLOUR 100GM,Powders,10,10,
8338,MAAMIS DHAL POWDER 100GM,Powders,38,38,
8339,NAGA WHOLE WHEAT FLOUR 1KG,Powders,100,100,
8340,ALAN PLANTAIN CHIPS 200G,Snacks,100,100,
8341,MILKO,Beverages,2,2,
8342,ALAN PLANTAIN MASALA CHIPS,Snacks,120,120,
8343,ALAN SWEET PLANTAIN CHIPS 200GM,Snacks,110,110,
8344,ALAN POTATO PEPPER CHIPS 100GM,Snacks,55,55,
8345,ALAN POTATO PUTHINA CHIPS 100G,Snacks,55,55,
8346,ALAN TAPIOCA ROUND CHIPS 200G,Snacks,75,75,
8347,ALAN TAPIOCA FINGER CHIPS 200G,Snacks,70,70,
8348,BABY LOBAN CUP SAMBRANI 50CUPS,Pooja Items,300,300,
8349,THENMITTAI,General Groceries,40,40,
835,SKC COW GHEE 100ML,Cooking Oil,104,104,
8350,ARISO REFINED RICE BRAN OIL 900G,Rice,155,155,
8351,TIRUMALA DIVINE SANDAL,General Groceries,12,12,
8352,ELKOS GLOW UP,General Groceries,10,10,
8353,ELKOS ZIM  BALL PEN,Stationery,5,5,
8354,ENCHANTEUR ALLURING TALC 125G,Soaps & Liquids,195,195,
8355,BAKERS PANI PURI MASALA,Powders,42,42,
8356,HM BAGS 3.1/5*5,General Groceries,120,120,
8357,PARLE HIDE &SEEK,Biscuits,30,30,
8358,CHOCK STICK GONE MAD,General Groceries,30,30,
8359,JAYAM ADAI DOSA MIX,General Groceries,105,105,
836,HM BAGS 6X9,General Groceries,120,120,
8360,MAGGI 2MINUTES,Powders,10,10,
8361,NESTLE  MILKYBAR,Chocolates,20,20,
8362,TSK GHEE 100ML,Cooking Oil,98,98,
8363,GRAPES,Vegetables,150,150,
8364,VARALAKSHMI JAVVARASI 1KG,General Groceries,140,140,
8367,CHOCES PRINCESS,Soaps & Liquids,150,150,
837,FAIR & GLOW LOVELY,General Groceries,186,186,
838,GLOW & HANDSOME MENS,General Groceries,175,175,
8391,MUG JUICER 500ML,General Groceries,50,50,
84,BANJARAS BLACK HENNA 40G,Pooja Items,30,30,
841,EXO ANTI BACTERIAL SCRUB,General Groceries,10,10,
8410,AACHI HEALTH MIX 200G,Powders,159,159,
8416,BOTTLE PLASTIC,Household & Kitchen,180,180,
842,SUNFEAST YIPPEE NOODLES 70GM..,Biscuits,15,15,
843,PRIL LIME GREASE FIGHTER 125ML,General Groceries,20,20,
8430,KNIFE  5,Household & Kitchen,45,45,
844,MANGALDEEP FLORA ROSE,Pooja Items,55,55,
845,THILLAIS NATTU MALLI POWDER 50 GM,Powders,19,19,
8450,TPRG SAMBRANI INCENSE STICKS,Pooja Items,70,70,
8451,TPRG JAVADHU INCENSE STICKS,Pooja Items,70,70,
8452,KARUDA BLACK DATES 500G 320MRP,Snacks,320,320,
8453,ANNAI SEEDLESS DATES 100G,Snacks,34,34,
8454,ANNAI SEEDLESS DATES 500G 165MRP,Snacks,165,165,
8455,ANNAI HONEY 250G BUY1 GET1,Snacks,185,185,
8456,ANNAI FRUIT JAM 100G,Snacks,23,23,
8457,ANNAI DATES DESERT QUEEN 150G BUY1 GET1,Snacks,80,80,
8458,COMFORT PINK POUCH 2LTR,Soaps & Liquids,435,435,
8459,DIAMOND KARKANDU 1KG,General Groceries,80,80,
846,THILLAIS MALABAR BLACK PEPPER 50GM,Powders,100,100,
8462,AGNI BRANDS CUP SAMBRANI 25PCS,Pooja Items,250,250,
8463,AGNI BRANDS CUP SAMBRANI 50PCS,Pooja Items,250,250,
8464,SUNFEAST FANTASTIK FRUIT NUT,Biscuits,50,50,
8465,SOBISCO ELAICHI TOAST RUSK,Biscuits,30,30,
8466,TSK GHEE 200ML,Cooking Oil,195,195,
8467,TSK GHEE 500ML,Cooking Oil,470,470,
8468,TSK GHEE RS 10,Cooking Oil,10,10,
8469,FROOTI 150ML,Beverages,10,10,
8470,FAIR &LOVELY GLOW LOVELY 9G,General Groceries,10,10,
8471,HAMAM 100GM,Soaps & Liquids,38,38,
8472,INDULEKHA BRINGHA SHAMPOO 6ML,Shampoo,2,2,
8473,PONDS LIGHT MOISTURSER,Soaps & Liquids,60,60,
8474,STAR MINT POLO CANDY 50G,Chocolates,24,24,
8475,AASHIRVAAD IODIZED SALT 1KG,Powders,22,22,
8476,HARIMA CHAAT MASALA 100GM,Powders,87,87,
8477,RIN MATIC 80ML,Soaps & Liquids,10,10,
8478,TAJ MAHAL 100GM,Beverages,80,80,
8479,KP NAMBOODIRIS HERBAL TOOTH PASTE,General Groceries,116,116,
8480,OREO CHOCO CREAM,Chocolates,20,20,
8481,HIMALAYA AYURVEDA SECRETS,Soaps & Liquids,339,339,
8483,HIMALAYA AYURVEDHA SECRETS GHEE LIP BUTTER,Cooking Oil,399,399,
8484,HIMALAYA GENTLE BABY POWDER 200G,Baby Items,204,204,
8485,HIMALAYA KIDS ORANGE TOOTHPASTE,Soaps & Liquids,133,133,
8486,HIMALAYA STRAWBERRY LIP BALM,Soaps & Liquids,299,299,
8487,AAKAA PEARL MILLET PUTTU FLOUR,Powders,120,120,
8488,DEO WASH MATIC LIQUID 2LTR,General Groceries,99,99,
8489,DILO BLACK DISH BAR,General Groceries,10,10,
8490,HAUSER 12WAX CRAYONS,Stationery,30,30,
8491,HAUSER 24WAX CRAYONS,Stationery,60,60,
8492,HAUSER 12OIL PASTELS,General Groceries,40,40,
8493,HAUSER 24OIL PASTELS,General Groceries,100,100,
8494,WINKIES LOVE BITE VANILLA CREAM,Biscuits,20,20,
8495,MAAMIS CHICKEN MASALA,Powders,28,28,
8497,YOU ESS ALOE VERA GEL SAFFRON,General Groceries,159,159,
8498,YOU ESS PREMIUM ROSE WATER,General Groceries,59,59,
8499,ALUMNI CONTAINER 250ML,Household & Kitchen,200,200,
8500,FEMI NAPKINE XL SIZE,Napkin,225,225,
8501,BIRTANNIA CAKE GOBBLES CHOCO,Chocolates,15,15,
8502,BRITANNIA CAKE GOBBLES BUTTER,Biscuits,15,15,
8503,BRITANNIA CAKE GOBBLES FRUITE,Biscuits,15,15,
8504,BRITANNIA CAKE GOBBLES MILKE,Biscuits,15,15,
8505,BRITANNIA CAKE GOBBLES ORANGE,Biscuits,15,15,
8506,BRITANNIA CAKE GOBBLES CHOCO,Chocolates,30,30,
8507,BRITANNIA CAKE GOBBLES PINEAPPLE,Biscuits,15,15,
8508,AGARPATHI,General Groceries,10,10,
8509,CYLINDER,General Groceries,1000,1000,
8510,MONKEY DC-100 MOP,Bathroom,199,199,
8511,MONKEY DOUBLE CLIP MOP,Bathroom,320,320,
8512,MONKEY 555 HEAVY DUTY MOP,Bathroom,320,320,
8513,POMEGRANATE,General Groceries,300,300,
8514,HAPIMA FRI CHICKEN MIX,General Groceries,10,10,
8515,HAPIMA FRY CHICKEN INDO AMERICAN STYLE,General Groceries,10,10,
8516,NAVRATNA AYURVEBIC OIL COOL,Cooking Oil,202,202,
8517,NIVEN BODY MILK  LOTION,Beverages,85,85,
8518,NIVEN AVOCADO OIL ROLLON,Cooking Oil,125,125,
8519,SSK MURUKKU,Snacks,52,52,
852,DOVE HEALTHY RITUAL SHAMPOO,Shampoo,2,2,
8520,SSK SWEET PUFFS,Snacks,35,35,
8521,SUDARANI GOLDEN MURUKKU,Snacks,60,60,
8522,SUDARANI MAKILAIMPOO MURRUKU,General Groceries,50,50,
8524,RAJA HERBAL KABASURA KUDINEER,General Groceries,70,70,
8525,NIPPO 4NR RED AAA NATION LIMITED,General Groceries,17,17,
8526,FRYUMS PAPAD  Z OVEL,Powders,180,180,
8527,HALO SHAMPOO CONDITIONER,Shampoo,355,355,
8528,COLGATE CIBACA  PASTE 45G,Soaps & Liquids,10,10,
853,PONDS BRIGHT BEAUTY 35GM,Soaps & Liquids,124,124,
8530,COLGATE SENSITIVE 80G,Soaps & Liquids,116,116,
8531,PALMOLIE  AROMA HAPPY GEL,General Groceries,259,259,
8532,PALMOLIVE AROMA ALLURING LOVE,Soaps & Liquids,259,259,
8533,PALMOLIVE FORMING HAND WASH,Soaps & Liquids,199,199,
8534,PALMOLIVE RASPBERRY HAND WASH,Soaps & Liquids,199,199,
8535,GALAXY 20 G,Chocolates,20,20,
8536,PALMOLIVE ABSOLUTE RELAX GEL,General Groceries,99,99,
8537,EUCALYPTUS OIL ANNAI ARAVINDH  HERBALS,Cooking Oil,55,55,
8538,GINGER CANDY ANNAI HERBALS,Chocolates,25,25,
8539,LAKMI SUN GLOW GEL,General Groceries,10,10,
854,PEARS NATURALE ALOEVERA,Soaps & Liquids,50,50,
8540,AT ASAFOETIDA POWDER 50GM,Powders,90,90,
8541,KIWI BLACK  EXPRESS SPONGE,General Groceries,92,92,
8542,PRINCY MINT FEEDER BABY BOTTEL 150 ML,Baby Items,52,52,
8543,PRINCY BLACK CURRANT,Soaps & Liquids,127,127,
8544,PRINCY BLACK CURRANT BABY BOTTLE,Baby Items,136,136,
8545,PRINCY FANTASY BOBY BOTTLE 125 ML,Beverages,127,127,
8546,DHATHRI FAIRNESS TURMERIC,Powders,75,75,
8548,DHATHRI DHEEDHI HAIR PROTEIN SHAMPOO,Shampoo,125,125,
8549,DHATHRI DHEEDHI LIME SHAMPOO,Shampoo,130,130,
855,PEARS NATURALE POMEGRANATE,Soaps & Liquids,50,50,
8550,DHATHRI ALOVE VERA GEL,General Groceries,65,65,
8551,NEW MONKEY VVV ROSY PREMIUM DETERGENT,Soaps & Liquids,10,10,
8552,SUVAI OSMANIA BISCUITS,Biscuits,72,72,
8553,SUVAI BUTTER CAKE,Snacks,72,72,
8554,SUVAI COCOUNT SHREWSBURY,General Groceries,72,72,
8555,SUVAI ROLL CAKE,Snacks,72,72,
8556,SUVAI BANANA CAKE,Snacks,72,72,
8558,SUVAI SPONGE CAKE,Snacks,72,72,
8559,SUVAI  VANILLA SHREWSBURY,General Groceries,35,35,
856,PONDS COLD CREAM,Soaps & Liquids,59,59,
8560,SUVAI BAINU,General Groceries,80,80,
8561,NAKSHATRA POOJA OIL 200ML,Pooja Items,60,60,
8562,TOP RAMAN CHICKEN NOODLES,Powders,22,22,
8563,JATHIKAI 10G,General Groceries,15,15,
8564,JATHIKAI 50GM,General Groceries,100,100,
8565,TUTI FRUITY 100GM,General Groceries,10,10,
8566,HEAD CAP,General Groceries,50,50,
8567,VIRAGU 1KG,General Groceries,400,400,
8568,BONE CURRY 1KG,Powders,600,600,
8569,ALAN POTATO SALTED CHIPS,Snacks,50,50,
857,BRINDHA SNACKS,Snacks,50,50,
8571,ALAN POTATO CHILLI MASALA CHIPS,Snacks,50,50,
8572,LIFREE EXTRA ABSORB PANTS L2,General Groceries,110,110,
8573,LIFREE EXTRA ABSORB PANTS M2,General Groceries,110,110,
8574,MAMYPOKO PANTS L20,Baby Items,327,327,
8575,DABUR MESWAK 100G,Soaps & Liquids,75,75,
8576,MAMYPOKO PANTS XL 16,Baby Items,399,399,
8577,MAMYPOKO PANTS M4,Baby Items,59,59,
8578,MANYPOKO PANTS NB 2 SIZE,General Groceries,23,23,
858,ROLL ON INHALER,Snacks,100,100,
8580,MAMY POKO PANTS M22 SIZE,Baby Items,349,349,
8581,MAMYPOKO PANTS NB16 SIZE,Baby Items,187,187,
8582,MAMYPOKO PANTS S36 SIZE,Baby Items,399,399,
8583,MAMY POKO PANTS S12SIZE,Baby Items,20,20,
8584,MAMY POKO PANTS S9 SIZE,Baby Items,99,99,
8586,SOFY ANTIBACTERIA XL SIZE,Napkin,42,42,
8587,SOFY BODY FIT NIGHTS XXL SIZE,Napkin,50,50,
8588,SOFY BODY FIT XL SIZE,Napkin,35,35,
8589,DOMS PENCILS NEON ERASER TIPPER,Stationery,58,58,
8590,DOMS COLOUR ERASERS,Stationery,100,100,
8591,DOMS  15CM SCALE,Stationery,50,50,
8592,DOMS X-TRA SUPER DRAK PENCILS,Stationery,60,60,
8593,DOMS KARBON PENCIL 10 PCS,Stationery,70,70,
8594,ENVY KISS DEO SPRAY,General Groceries,220,220,
8595,SUNFEAST BOUNCE PINEAPPLE CREME RS 5,Biscuits,5,5,
8596,DARK FANTASY YUMFILLS PIE,Biscuits,160,160,
8597,BRITANNIA JIMJAM,Biscuits,10,10,
8598,HODO RUSK,Biscuits,10,10,
860,BAJAJ ALMOND DROPS 190ML,Snacks,145,145,
8600,MAA MANGO FLOVOURED,Vegetables,40,40,
8601,FRIVA GOODNESS OF FRUITS,General Groceries,20,20,
8602,FRIVA GOODNESS OF  FRUITS ORANGE,Vegetables,18.5,18.5,
8603,GARNIER COLOR NATURALS 3.16 BURGUNDY,Shampoo,89,89,
8604,VELVETTE  LAVENDER POWER,General Groceries,75,75,
8605,VELVETTE FLORAL POWER,General Groceries,75,75,
8606,VELVETTE PEONY CARE SOAP,Soaps & Liquids,35,35,
8607,VELVETTE LILY GLOW SOAP,Soaps & Liquids,10,10,
8608,VELVETTE BODY LOTION,Soaps & Liquids,140,140,
8609,VELVETTE BOUNCE STRENGTH SHAMPOO,Shampoo,150,150,
861,BAJAJ ALMOND DROPS 45ML,Snacks,70,70,
8610,VELVETTE DAILY HYDRATION LOTION,Soaps & Liquids,140,140,
8611,VELVETTE INTENSE MOISTURISATION,General Groceries,90,90,
8612,ARU SUVAI RASAM POWDER,Powders,10,10,
8613,ARU SUVAI IDIY CHILLI POWER,Powders,320,320,
8614,BLUUM FLOOR CLEANER 500+200 RS 120,Bathroom,120,120,
8615,DIESEL,General Groceries,2500,2500,
8616,ROJA GHEE 5LTR TIN,Cooking Oil,5500,5500,
8617,MAAHI PREMIUM ROSE CUPS,General Groceries,120,120,
8618,MAAHI SANDAL INSTICKS,General Groceries,60,60,
8619,GN 1917 PINEAPPLE INCENSE,Pooja Items,60,60,
862,BAJAJ ALMOND DROPS 95ML,Snacks,80,80,
8620,GN 1917 GARA FOREST INCENSE STICKS,Pooja Items,60,60,
8621,GN 1917 MAAHI PREMIUM ROSE,General Groceries,60,60,
8622,NOORI DRY FRUITS,Snacks,1230,1230,
8623,AMERICANO WAFER CRUNCHY,General Groceries,50,50,
8625,PAPER CONE,General Groceries,50,50,
8627,MADURAI ABIKA APPALAM  100G,Powders,30,30,
8628,MADURAI ABIKA APPALAM 50G,Powders,15,15,
8629,THILLAIS CORIANDER 100GM,Powders,31,31,
863,MANGALDEEP SCENT 3 IN 1,Pooja Items,60,60,
8630,SUVAI TEA BUN,Beverages,25,25,
8631,SESA HAIR OIL 90ML,Shampoo,165,165,
8632,SENSODYNE PRONAMEL 40G,Soaps & Liquids,95,95,
8633,HORLICKS CHOCO MILKSHAKE,Chocolates,19,19,
8634,HORLICKS CLASSIC MALT MILKSHAKE,Beverages,19,19,
8635,RAJA HERBAL  NALAING POWTER,General Groceries,75,75,
8636,SP BRAND NILAKADALAI 500GM,Dhall,120,120,
8637,HARIMS OMUM WATER 400ML,General Groceries,39,39,
8638,HARIMA BADAM DRINK MIX 250G,Snacks,140,140,
8639,HARIMA INSTSNT DRY YEAST,Powders,50,50,
8640,HARIMA NANNARI SHARBAT 750ML,General Groceries,230,230,
8641,HARIMA FALOODA MIX 200G,General Groceries,75,75,
8643,SANTOOR TURMERIC,Dhall,10,10,
8644,SOFTOUCH OCEAN BREEZE 210ML,General Groceries,99,99,
8645,SOFTOUCH ROYAL JASMINE,General Groceries,99,99,
8646,SOFTOUCH YARDLEY LAVENDER,General Groceries,99,99,
8647,SAFE WASH 1KG,General Groceries,300,300,
8648,SANTOOR TURMERIC HANDWASH,Dhall,99,99,
8649,SANTOOR MILD,Dhall,99,99,
8650,SANTOOR MILD 200ML,Dhall,49,49,
8651,CHANDRIKA HANDWASH,General Groceries,99,99,
8652,DETTOL COOL 40G,Soaps & Liquids,10,10,
8653,CHANDRIKA BODY WASH,Soaps & Liquids,99,99,
8654,GLUCOVITA BOLTS STRAWBERRY,General Groceries,10,10,
8655,LIA DARLING FLOWER,General Groceries,20,20,
8656,LIA RAIN FOREST,General Groceries,20,20,
8657,LIA SACRED GROVE,General Groceries,20,20,
8658,LIA BEAUTIFUL MORNING,General Groceries,20,20,
8659,LIA BLUE PRINT,Soaps & Liquids,20,20,
8660,LIA DREAM SCAPE,General Groceries,20,20,
8662,PHOTO FRAME,General Groceries,550,550,
8663,PHOTO FRAME 3D WALLPAPER,General Groceries,350,350,
8664,PALMOLIVE COCONUT JOY 250ML,Vegetables,279,279,
8665,PALMOLIVE LUMINOUS OILS,General Groceries,99,99,
8666,COLGATE ZIG ZAG  DEEP CLEAN,Soaps & Liquids,138,138,
8667,COLIN GLASS CLEANER 500ML,Bathroom,104,104,
8668,LIZOL CITRUS 200ML,Bathroom,48,48,
8669,COLGATE BRILLIANT STAR,Soaps & Liquids,45,45,
8670,FOGG DASH MOBILE PACK 25ML,General Groceries,85,85,
8671,COLGATE KIDS 0-2,Soaps & Liquids,27,27,
8672,HARPIC BLUE POWER PLUS 200ML,Bathroom,46,46,
8673,COLGATE GENTLE GUMCARE,Soaps & Liquids,142,142,
8674,COLGATE REMOVE GERMS,Soaps & Liquids,196,196,
8675,COLGATE CHARCOAL SLIM &SOFT,Soaps & Liquids,196,196,
8676,COLGATE ENAMEL,Soaps & Liquids,284,284,
8677,COLGATE TOTAL SOFT,Soaps & Liquids,220,220,
8678,COLGATE CIBACA SOFT,Soaps & Liquids,15,15,
8679,FOGG HAPPY MOBILE PACK 25ML,General Groceries,85,85,
868,DHATHRI ROSEWATER 250ML,General Groceries,80,80,
8680,COLGATE GENTLE ULTRA FOAM,Soaps & Liquids,266,266,
8681,COLGATE ZIGZAG NEEM,Soaps & Liquids,87,87,
8682,HARPIC BATHROOM CLEANER,Bathroom,49,49,
8683,DETTOL ANTISEPTIC LIQQUID 1L,Soaps & Liquids,441.1,441.1,
8684,DETTOL ANTISEPTIC LIQUID 500ML,Soaps & Liquids,267,267,
8685,COLGATE GENTLE ENAMEL,Soaps & Liquids,88,88,
8686,COLGATE VISIBLE WHITE TEETH,Soaps & Liquids,244,244,
8687,COLGATE SLIMSOFT HEALTHIER GUMS,Soaps & Liquids,125,125,
8688,COLGATE GENTLE GUMCARE BRUSH,Soaps & Liquids,40,40,
8689,LAYERR WOTTAGIRL ROLL ON SECRET CRUSH,Snacks,249,249,
869,YIPPEE 6 IN ONE PACK,General Groceries,84,84,
8690,LAYEER ROLL ON VANNILA TWIST,Snacks,249,249,
8691,VENUS SUPER ACTION SCRUB PAD,Bathroom,15,15,
8692,CELLO K- DREAM PEN,Stationery,50,50,
8693,SIGNATURE BODY SPRAY WHITE,General Groceries,150,150,
8694,SIGNATURE IMPERIAL BODY SPRAY,General Groceries,299,299,
8695,SIGNATURE YOLO BODY SPRAY,General Groceries,299,299,
8697,SIGNATURE COCKTAIL BODY SPRAY,General Groceries,299,299,
8698,SIGNATURE WAVE PERFUME,General Groceries,399,399,
8699,SIGNATURE ELEGANGE PERFUME,General Groceries,399,399,
87,SELVAM MANGO PICKLE 1KG,Powders,150,150,
870,PARLE HAPPY HAPPY,Biscuits,5,5,
8700,GRB SOAN CAKE,Snacks,40,40,
8701,SIGNATURE MADNESS PERFUME,General Groceries,399,399,
8702,SIGNATURE SPICE PERFUME,General Groceries,399,399,
8703,SIGNATURE ZEST PERFUME,General Groceries,399,399,
8704,SIGNATURE SALAM PERFUME,General Groceries,99,99,
8705,SIGNATURE HAQO SPRAY,General Groceries,99,99,
8706,SIGNATURE AMAN SPRAY,General Groceries,99,99,
8707,SABASH CUT MANGO PICKLE 5 KG,Powders,330,330,
8708,BUBBLIC DETERGENT LIQUID,Soaps & Liquids,99,99,
8709,GEMS SURPRISE,Chocolates,45,45,
871,NISSIN HOT & SPICY,General Groceries,52,52,
8710,SKS PIRANDAI THOKKU,General Groceries,50,50,
8711,VIBINS KERALA CHIPS PERI PERI,Snacks,90,90,
8712,VIBINS CLASSIC SALTED,Powders,90,90,
8713,SKS  MUDAKKATHTHAAN THOKKU,General Groceries,50,50,
8715,SKS VAALAIPPOO THOKKU,General Groceries,50,50,
8717,BOURBON 120G,Biscuits,20,20,
8718,HENKO POWDER RS.10,Powders,10,10,
8719,KWALITY WALLS BLACK CURRANT,Ice Cream,35,35,
872,BINGO TEDHE MEDHE CHATPATA TWIST,Snacks,5,5,
8720,KWALITY WALLS ALMOND CRUNCH,Ice Cream,45,45,
8721,DAIRY DAY TRIPLE BAR COFFEE & CHOCO STICK,Chocolates,40,40,
8723,MILKYMIST STRAWBERRY CAPELLA CONE,Beverages,15,15,
8724,MILKYMIST VANILLA CAPELLA CONE,Beverages,15,15,
8725,CADBURY DAIRY MILK CRACKLE,Chocolates,10,10,
8727,EXO YUZU LEMON RS 5,Vegetables,5,5,
8728,EXO BANKING SODA 5RS,Beverages,5,5,
8729,EXO YUZU LEMON 10RS,Vegetables,10,10,
873,BINGO TEDHE MEDHE CHATPATA 10RS,Snacks,10,10,
8730,EXO BANKING SOAD 10RS,General Groceries,10,10,
8731,EXO NEEM+ LIME GEL RS15,General Groceries,15,15,
8732,EXO GINGER+ LEMON GEL RS15,Vegetables,15,15,
8733,KALIMARK DIET VIBRO,General Groceries,20,20,
8734,KALIMARK DEIT BOVONTO,Beverages,20,20,
8735,KALIMNARK ROSE LASSI,Beverages,35,35,
8736,LAVIAN CAKKIES,General Groceries,10,10,
8737,LAVIAN CAKKIES MIXED FRUIT,Vegetables,20,20,
8738,LAVIAN SNIPI CHOCOLATE,Chocolates,10,10,
8739,LAVIAN CUPPIES,General Groceries,10,10,
874,SRI SITTHAN SANTHANA PASTE,General Groceries,34,34,
8742,INDULEKHA BRINGHA OIL 22ML,Shampoo,99,99,
8743,HALDIRAMS TASTY NUTS,General Groceries,10,10,
8744,BVT KARUNIKKILANGKU PICKLE,Powders,60,60,
8745,BVT VALAIPOO PICKLE,Powders,55,55,
8746,CYCLE 3 IN 1 NEW,Pooja Items,50,50,
8747,BVT PUDINA PICKLE,Powders,60,60,
8748,BVT PACHAI MILAGAAI PICKLE,Powders,55,55,
8749,BVT KOTHAMALLI PICKLE,Powders,60,60,
875,MEERA 160 TURBO RULED BOUND,General Groceries,70,70,
8750,BVT TOMATO PICKLE,Powders,35,35,
8752,BVT LEMON PICKLE,Powders,35,35,
8756,BRISK CASHEW NUT,Snacks,129,129,
8758,BRISK BLACK RAISIN,Snacks,58,58,
8759,OID SPICE CREAM MUSK,Ice Cream,40,40,
876,MEERA 160 TURBO RULED FLEXI,General Groceries,70,70,
8760,SUNFEAST BOUNCE BOURBON,Biscuits,5,5,
8761,B NATURAL GUAVA DRINK,Soaps & Liquids,10,10,
8762,SUNFEAST MARIE LIGHT 30/-,Biscuits,30,30,
8763,PARACHUTE JASMINE GOLD 10RS,General Groceries,10,10,
8764,MAAZA 1.75,Beverages,85,85,
8765,MEDIMIX SOAP 3+1 FREE,Soaps & Liquids,141,141,
8766,LIA SACRED GROVE AGARBATHI,Pooja Items,110,110,
8767,LIA BLUE PRINT AGARBATHI,Pooja Items,110,110,
8768,LIA DREAM SCAPE AGARBATHI,Pooja Items,110,110,
8769,LIA RAIN FOREST AGARBATHI,Pooja Items,110,110,
877,OLD SPICE FRESH LIME 70GM,General Groceries,71,71,
8770,LIA DARLING FLOWER AGARBATHI,Pooja Items,110,110,
8771,LIA MORING AGARBATHI,Pooja Items,110,110,
8772,CLINIC PLUS STRONG & LONG...,Shampoo,49,49,
8773,MANGALDEEP DIVINITY,Pooja Items,125,125,
8774,JEERA BUTTER MILLK,Powders,10,10,
8776,MANGO WHEY DRINK,Vegetables,10,10,
8777,COMFORT MYSTIOUE 5RS,Soaps & Liquids,5,5,
8778,CLOUSE UP 80G,General Groceries,55,55,
8779,NEW CLOUSE UP SMALL,General Groceries,20,20,
878,OLD SPICE ORIGINAL 70GM,General Groceries,71,71,
8780,GLOW& LOVELY,General Groceries,95,95,
8781,GLOW& LOVELY AYURVEDIC,General Groceries,165,165,
8783,LIFEBUOY ICE BATH,Soaps & Liquids,36,36,
8784,LIPTON LEMONGRASS GINGER,Vegetables,190,190,
8785,LIPTON RASPBERRY MINT,Vegetables,190,190,
8787,PONDS YOUTH FULL MIRACLE,Soaps & Liquids,135,135,
8788,PEPSODENT CLOVE & SALT,Powders,64,64,
8789,PONDS POWER 19G,Soaps & Liquids,10,10,
879,ORAL B CAVITY DEFENSE,Soaps & Liquids,135,135,
8790,PONDS BB  9G,Soaps & Liquids,108,108,
8791,PONDS DREAM FLOWER 200G,Soaps & Liquids,231,231,
8792,PONDS DREAM FLOWER 300G,Soaps & Liquids,334,334,
8793,PONDS DREAM POWER 80G,Soaps & Liquids,102,102,
8794,PONDS  PSLC GEL,Soaps & Liquids,10,10,
8795,PONDS SANDAL  POWER 80G,Soaps & Liquids,117,117,
8796,NIVEA MEN DEEP IMPACT 150ML,Soaps & Liquids,299,299,
8798,VIM ULTRAPRO FLOOR CLEANER 500ML,Bathroom,120,120,
8799,NISSIN CHHOTA BHEEM NOODLES,Powders,10,10,
880,MEERA 152 GRIPPO RULED FLEXI,General Groceries,110,110,
8800,BRITANNIA CAKE GOBBLES FURITE,Biscuits,27,27,
8801,KANDHAN CUP SAMBRANI,Pooja Items,96,96,
8802,WASH BAKRI NAVCHETAN TEA,Beverages,50,50,
8804,THUNDER I MOP (MEXICON),Bathroom,210,210,
8805,G FRESH MOP,Bathroom,200,200,
8806,CHINA MOP,Bathroom,250,250,
8807,MAGGI 2 MINUTE NOODLES 140G,Powders,28,28,
8808,MAAMIS RASAM POWER 10,Powders,10,10,
881,LION ROSE SHARBATH,General Groceries,149,149,
8810,HIMALAYA BABY POWER,Baby Items,130,130,
8811,HIMALAYA DR ARGAN OIL SHAMPOO 180 ML,Shampoo,164,164,
8812,ELAKKAI 250GM,Powders,1000,1000,
8813,MUTTAIKOSE CAKE,Snacks,52,52,
8814,POTATO STICK 100G,Vegetables,55,55,
8815,ENGAGE URGE SPRAY,General Groceries,225,225,
8817,LION DATES IN HONEY 300G,Snacks,120,120,
8819,ENGAGE MATE SPRAY,General Groceries,225,225,
8820,ENGAGE OUDH RUSH SPARY,General Groceries,225,225,
8821,BINGO TOMATO CHIPPS,Snacks,10,10,
8822,BINGO THRILLING TOMAQTO,Snacks,20,20,
8823,DOUBLE CHOCOLATE,Chocolates,35,35,
8824,MAGNUM ALMOND  ICE CREAM,Ice Cream,80,80,
8825,NATURAL GLOW KESAR FACE GEL 100ML,General Groceries,85,85,
8826,HIMALAYA ORANGE FACE WASH 50ML,Vegetables,115,115,
8827,HIMALAYA OIL CLEAR LEMON FACEWASH 50ML,Cooking Oil,95,95,
8828,KWALITY WALLS ALPHONSO MANGO 700ML,Ice Cream,135,135,
8829,KWALITY WALLS VANILLA 700 ML,Ice Cream,105,105,
8830,JUDO SMART WASH 2LTR,General Groceries,129,129,
8831,JUDO SMART WASH 5LTR,General Groceries,299,299,
8832,HIMALAYA ORANGE FACE WASH 100ML,Vegetables,220,220,
8834,ASMI 234 INK PEN,Stationery,50,50,
8846,SANTHANA VILLAI 100G,General Groceries,10,10,
885,TRDP MARIO TEZTADKA,General Groceries,60,60,
89,TIDE JASMINE & ROSE DP 1KG.,Soaps & Liquids,30,30,
892,WHISPER CHOICE ULTRA XL 20PADS,Napkin,160,160,
8923,lollipop rs3,Chocolates,3,3,
893,PAMPERS L 4PADS,Baby Items,60,60,
895,COLGATE CIBACA 123,Soaps & Liquids,15,15,
896,PARCEL THREAD 400GM,Household & Kitchen,100,100,
897,PARCEL THREAD 1KG,Household & Kitchen,210,210,
898,"RUBBER BAND 1,1.5,2",Stationery,100,100,
8988,KNORR MIXED VEGETABLE SOUP 10G,Vegetables,10,10,
899,MICKEYS FLOUR SPICE MIX,Powders,205,205,
8998,HIMALAYA NATURAL GLOW KESAR FACE PACK,Soaps & Liquids,95,95,
9,GEMS GOLD REFINED SUN FLOWER OIL 500ML,Chocolates,99,99,
900,HM BAGS 8*11,General Groceries,100,100,
901,JIGARTHANDA,General Groceries,60,60,
9011,COMFORT BLUE,Soaps & Liquids,4,4,
902,AIM WAX MATCH BOX,Household & Kitchen,10,10,
903,POLYBAGS 16*20,General Groceries,60,60,
9032,LIA SEA SHORE ROOM FRESHNER,General Groceries,169,169,
9037,RIN REFRESH POWDER 500G,Powders,62,62,
9038,RIN NORMAL 1KG,Soaps & Liquids,122,122,
904,RIN ANTIBAC NEEM 10RS,Soaps & Liquids,10,10,
9042,RIN  BAR 250G,Soaps & Liquids,25,25,
9043,RIN NORMAL 500G,Soaps & Liquids,62,62,
906,SURF EXCEL MATIC FL 70 ML,Soaps & Liquids,10,10,
9069,scrub pad large,Bathroom,10,10,
907,VIM ANTI SMELL BAR 250G,General Groceries,30,30,
9070,LIA ROSE ROOM FRESHNER,General Groceries,169,169,
908,VIM LIQUID 750ML,General Groceries,199,199,
9085,LIA LAVENDER ROOM FRESHNER,General Groceries,169,169,
911,HIMALAYA BABY WIPES 72NO,Baby Items,200,200,
912,HIMALAYA NATURAL SHINE HENNA,Pooja Items,35,35,
913,HIMALAYA NEEM FACE WASH 150ML  205RS,Soaps & Liquids,279,279,
9134,CHEETOS MASALA BALLS RS10,Powders,10,10,
9135,BRU GREEN LABEL 100GM,Beverages,90,90,
9136,MAXO GENIUS LIQUID,General Groceries,75,75,
914,HIMALAYA NEEM FACE WASH 200ML,Soaps & Liquids,325,325,
915,FLOOR WIPER WOOD SET,Bathroom,250,250,
916,SUN MOPS & BROOMS,Bathroom,10,10,
9166,SANTHANA VILLAI 1KG,General Groceries,80,80,
9168,HERSHEYS KISSES COOKIES N CREME,Chocolates,65,65,
918,KARUVADU DRY FISH,General Groceries,50,50,
9183,HERSHEYS KISSES MILK CHOCOLATE 36G,Chocolates,60,60,
9188,LION HONEY 400G BUY 1 GET 1,Snacks,270,270,
9189,LION HONEY 25G,Snacks,15,15,
9196,LION HONEY 50G..,Snacks,38,38,
9197,LION HONEY 100GM,Snacks,60,60,
9198,DARK FANTASY BOURBORN 60G,Biscuits,10,10,
92,KILI MAIDA,Powders,60,60,
9228,TATA CRYSTAL SALT,Powders,22,22,
9229,7UP 2.25L....,Beverages,90,90,
923,KAVERI RICE 5KG,Rice,400,400,
9236,MIRINDA 2.25L,Beverages,90,90,
9238,7UP 1.25L,Beverages,50,50,
924,MILKY MIST CHEESE 200G,Beverages,140,140,
9242,ANIL VERIMICHI 180G,General Groceries,23,23,
925,MILKY MIST CHEESE CUBES 200G,Beverages,150,150,
9258,DHEEPAM LAMP OIL 1L,Cooking Oil,199,199,
928,SAVORIT PENNE PASTA 500GM,Powders,60,60,
929,PAMPERS M 22 PADS,Baby Items,399,399,
9298,HIMALAYA COMPLETE CARE TOOTH PASTE 40G,Soaps & Liquids,17.6,17.6,
930,NIPPO ROCKY LED TORCH,Household & Kitchen,175,175,
9300,HIMALAYA BABY MASSAGE OIL 100ML,Baby Items,140,140,
9306,LION MIXED NUTS IN HONEY 300G,Snacks,304,304,
931,WHISPER ULTRA HYGIENE COMFORT,Napkin,90,90,
9312,YARDLEY GENTLEMAN,General Groceries,70,70,
934,NIPPO RADIUM LITE 0.5W,General Groceries,145,145,
935,TIDE DOUBLE POWER 500G,Soaps & Liquids,79,79,
9358,ARUN VANNILA 250ML,General Groceries,85,85,
936,NIPPO AGNI LED TORCH 0.5W,Household & Kitchen,125,125,
939,BUTTER SHEET 7*7,General Groceries,214,214,
94,JASLIN MIXTURE 500GM,Snacks,100,100,
941,TIDE 3+1,Soaps & Liquids,30,30,
9412,7UP 750ML,Beverages,40,40,
943,CRISPYLUXE ORANGE WAFFER,Vegetables,10,10,
945,CRISPYLUXE CHCOLATE WAFFER,Soaps & Liquids,10,10,
9490,LIA CHANDANAM ROOM FRESHNER,Pooja Items,169,169,
9502,LIA CAR GEL CITRIC TANGO,Beverages,399,399,
951,TROPICANA APPLE DELIGHT..,Vegetables,15,15,
9514,SURF EXEL 10//,General Groceries,10,10,
9515,SURF EXCEL 150G,Soaps & Liquids,20,20,
9517,SURF EXCEL BIGBAR 250G,Soaps & Liquids,35,35,
9531,SURF EXCEL QUICK WASH 65G,Soaps & Liquids,10,10,
9533,SURF EXCEL EASY WASH POWER 500G,Soaps & Liquids,90,90,
9537,SOODAM,General Groceries,15,15,
9541,SURF EXCEL LIQUID TOP LOAD 500ML,Soaps & Liquids,120,120,
957,MEENAKSHI APPALAM 250GM,Powders,100,100,
9595,ARUN JOLLY TRAIN 55ML,General Groceries,30,30,
9598,ARUN KESAR PISTA 125ML,Snacks,50,50,
96,MILKYMIST CAPELLA STICK 80ML,Beverages,40,40,
9604,ARUN BLACKCURRENT 125 ML,General Groceries,60,60,
9608,ARUN VANILLA 125 ML,General Groceries,50,50,
9609,ARUN BLACKCURRANT CONE,General Groceries,60,60,
9613,ARUN STRAWBERRY 60ML,General Groceries,20,20,
9616,COLGATE CIBCA 30//,Soaps & Liquids,30,30,
963,BRITANNIA TREAT CHOCO CREAME,Chocolates,10,10,
966,BRIT TREAT CHILLI GUAVA CREAME,Biscuits,10,10,
967,1 TO 3 NOODLES MASALA,Powders,10,10,
9694,PARACHUTE COCONUT OIL 250ML,Cooking Oil,157,157,
9697,PARACHUTE 100ML,General Groceries,63,63,
97,PLATE BIG,Household & Kitchen,165,165,
970,YARDLEY BE A DIVA,General Groceries,249,249,
9703,EXO ROUND 250G,General Groceries,32,32,
9704,EXO BAR SOAP GINGER RS 10,Soaps & Liquids,10,10,
971,YARDLEY BE A STAR,General Groceries,249,249,
973,YARDLEY HANDWASH IRIS&VIOLET,General Groceries,198,198,
974,YARDLEY GOLD SHAVING CREAM,Soaps & Liquids,80,80,
9756,NAGA SOOJI RAVA 500G,Powders,50,50,
976,GANDHIGRAM AGMARK HONEY 50G,Snacks,40,40,
9769,ARUN BELGIAN CHOCOLATE,Chocolates,60,60,
9771,COLGATE ACTIVE SALT 300 G,Powders,214,214,
9788,CHAKRA GOLD TEA 50g,Beverages,45,45,
98,BAMBOO ITEM (MUNKHIL),General Groceries,10,10,
9827,HALDIRAMS MOONG DAL,Dhall,55,55,
983,GANDHIGRAM ALOEVERA SHAMPOO 200ML,Shampoo,100,100,
985,GANDHIGRAM HIBISCUS ALOEVERA NEEM SHAMPOO,Shampoo,155,155,
986,GANDHIGRAM AGMARK HONEY 500G,Snacks,250,250,
987,GANDHIGRAM AGMARK HONEY 200ML,Snacks,110,110,
988,GANDHIGRAM AGMARK HONEY 100ML,Snacks,70,70,
989,TPRG SAMBRANI KATTY,Pooja Items,28,28,
99,TOWEL,General Groceries,50,50,
991,RUSKIT BUTTER RUSK,Biscuits,10,10,
992,FEMI 10PADS,General Groceries,249,249,
993,FEMI 30PADS,General Groceries,249,249,
994,FEMI 12PADS,General Groceries,249,249,
996,HEAD&SHOULDERS NEEM SHAMPOO,Shampoo,2,2,
9979,0.7MM TIP PENCIL 1BOX,Stationery,5,5,
998,COLGATE MAX FRESH BLUE 38G,Soaps & Liquids,20,20,
999,HERSHEYS SYRUP 10RS,Chocolates,10,10,